Latitude,Longitude,City,Country,blurb,transportation,accommodations_hotels,accommodations_hostels,restaurants,evenings_bars,evenings_nightlife,evenings_weekly,tourscore,accommodations_popup,transportation_popup,restaurants_popup,evenings_popup,blogs,slides
-23.5504,-46.6339,São Paulo,Brazil,,,,,,,,,,,,,,,
37.5667,126.9833,Seoul,"Korea, South",,,,,,,,,,,,,,,
22.5675,88.37,Kolkāta,India,,,,,,,,,,,,,,,
40.6943,-73.9249,New York,United States,,,,,,,,,,,,,,,
34.6939,135.5022,Ōsaka,Japan,,,,,,,,,,,,,,,
-4.3219,15.3119,Kinshasa,Congo (Kinshasa),,,,,,,,,,,,,,,
34.2611,108.9422,Xi’an,China,,,,,,,,,,,,,,,
35.1038,118.3564,Linyi,China,,,,,,,,,,,,,,,
17.3617,78.4747,Hyderābād,India,,,,,,,,,,,,,,,
32.9902,112.5285,Nanyang,China,,,,,,,,,,,,,,,
34.261,117.1859,Tongshan,China,,,,,,,,,,,,,,,
35.4151,116.5871,Jining,China,,,,,,,,,,,,,,,
4.7111,-74.0722,Bogotá,Colombia,,,,,,,,,,,,,,,
38.3047,116.8387,Cangzhou,China,,,,,,,,,,,,,,,
16.795,96.16,Rangoon,Burma,,,,,,,,,,,,,,,
33.35,120.1569,Yancheng,China,,,,,,,,,,,,,,,
21.205,72.84,Sūrat,India,,,,,,,,,,,,,,,
25.784,-80.2101,Miami,United States,,,,,,,,,,,,,,,
25.4358,81.8464,Prayagraj,India,,,,,,,,,,,,,,,
30.4537,114.8724,Huanggang,China,,,,,,,,,,,,,,,
22.654,110.181,Yulin,China,,,,,,,,,,,,,,,
35.3036,113.9268,Nangandao,China,,,,,,,,,,,,,,,
36.6702,117.0207,Jinan,China,,,,,,,,,,,,,,,
29.987,31.2118,Giza,Egypt,,,,,,,,,,,,,,,
36.202,117.087,Tai’an,China,,,,,,,,,,,,,,,
33.7628,-84.422,Atlanta,United States,,,,,,,,,,,,,,,
31.2347,121.5064,Pudong,China,,,,,,,,,,,,,,,
27.338,103.717,Zhaotong,China,,,,,,,,,,,,,,,
27.816,114.417,Yichun,China,,,,,,,,,,,,,,,
5.3364,-4.0267,Abidjan,Côte d’Ivoire,,,,,,,,,,,,,,,
33.7666,113.1926,Pingdingshan,China,,,,,,,,,,,,,,,
21.5428,39.1728,Jeddah,Saudi Arabia,,,,,,,,,,,,,,,
34.5206,109.471,Weinan,China,,,,,,,,,,,,,,,
31.468,104.679,Mianyang,China,,,,,,,,,,,,,,,
34.795,114.345,Huanglongsi,China,,,,,,,,,,,,,,,
32.4567,119.9229,Taizhou,China,,,,,,,,,,,,,,,
26.4,86.25,Belāhi,India,,,,,,,,,,,,,,,
27.0912,114.9668,Ji’an,China,,,,,,,,,,,,,,,
31.736,116.52,Lu’an,China,,,,,,,,,,,,,,,
34.5966,119.2214,Xinpu,China,,,,,,,,,,,,,,,
43.8225,87.6125,Ürümqi,China,,,,,,,,,,,,,,,
34.037,113.852,Jiangguanchi,China,,,,,,,,,,,,,,,
30.918,113.957,Xiaoganzhan,China,,,,,,,,,,,,,,,
47.3549,123.9182,Qiqihar,China,,,,,,,,,,,,,,,
30.692,111.287,Xiaoxita,China,,,,,,,,,,,,,,,
34.3299,108.7088,Xianyang,China,,,,,,,,,,,,,,,
32.256,118.333,Chuzhou,China,,,,,,,,,,,,,,,
37.8704,112.5497,Taiyuan,China,,,,,,,,,,,,,,,
24.289,116.122,Meizhou,China,,,,,,,,,,,,,,,
28.5549,112.356,Yiyang,China,,,,,,,,,,,,,,,
45.7576,126.6409,Harbin,China,,,,,,,,,,,,,,,
35.4442,139.6381,Yokohama,Japan,,,,,,,,,,,,,,,
46.654,126.969,Suihua,China,,,,,,,,,,,,,,,
45.5089,-73.5617,Montréal,Canada,,,,,,,,,,,,,,,
26.0743,119.2964,Fuzhou,China,,,,,,,,,,,,,,,
31.3526,118.4331,Wuhu,China,,,,,,,,,,,,,,,
38.2858,109.7341,Yulinshi,China,,,,,,,,,,,,,,,
27.949,116.358,Fuzhou,China,,,,,,,,,,,,,,,
23.903,106.619,Baicheng,China,,,,,,,,,,,,,,,
11.0125,76.9714,Nādampālaiyam,India,,,,,,,,,,,,,,,
35.18,129.075,Busan,"Korea, South",,,,,,,,,,,,,,,
24.693,108.085,Hechi,China,,,,,,,,,,,,,,,
39.6294,118.1739,Tangshan,China,,,,,,,,,,,,,,,
6.6919,-1.4051,Boankra,Ghana,,,,,,,,,,,,,,,
34.3609,107.1751,Guozhen,China,,,,,,,,,,,,,,,
34.363,107.238,Baojishi,China,,,,,,,,,,,,,,,
10.52,76.21,Kannankulam,India,,,,,,,,,,,,,,,
32.5833,73.75,Kotla Qasim Khan,Pakistan,,,,,,,,,,,,,,,
30.4564,106.6326,Guang’an,China,,,,,,,,,,,,,,,
27.7316,109.1895,Tongren,China,,,,,,,,,,,,,,,
-17.7892,-63.1975,Santa Cruz de la Sierra,Bolivia,,,,,,,,,,,,,,,
32.188,119.424,Zhenjiang,China,,,,,,,,,,,,,,,
34.5815,105.7248,Qincheng,China,,,,,,,,,,,,,,,
38.42,27.14,İzmir,Turkey,,,,,,,,,,,,,,,
14.65,121.0475,Quezon City,Philippines,,,,,,,,,,,,,,,
50.45,30.5233,Kyiv,Ukraine,,,,,,,,,,,,,,,
10.775,76.651,Kottārasshēri,India,,,,,,,,,,,,,,,
37.4833,126.6333,Incheon,"Korea, South",,,,,,,,,,,,,,,
26.6662,119.5477,Ningde,China,,,,,,,,,,,,,,,
44.9635,-93.2678,Minneapolis,United States,,,,,,,,,,,,,,,
27.9945,-82.4447,Tampa,United States,,,,,,,,,,,,,,,
-6.15,23.6,Mbuji-Mayi,Congo (Kinshasa),,,,,,,,,,,,,,,
41.571,120.453,Chaoyang,China,,,,,,,,,,,,,,,
39.0167,125.7475,Pyongyang,"Korea, North",,,,,,,,,,,,,,,
24.1439,120.6794,Taichung,Taiwan,,,,,,,,,,,,,,,
23.7443,114.7002,Heyuan,China,,,,,,,,,,,,,,,
30.533,105.593,Suining,China,,,,,,,,,,,,,,,
15.6835,32.4629,Omdurman,Sudan,,,,,,,,,,,,,,,
22.615,120.2975,Kaohsiung,Taiwan,,,,,,,,,,,,,,,
40.6501,-73.9496,Brooklyn,United States,,,,,,,,,,,,,,,
27.8313,112.9454,Xiangtan,China,,,,,,,,,,,,,,,
31.868,106.748,Bazhou,China,,,,,,,,,,,,,,,
38.416,112.734,Xinzhou,China,,,,,,,,,,,,,,,
26.6418,118.1774,Nanping,China,,,,,,,,,,,,,,,
23.9234,90.3959,Gāzipura,Bangladesh,,,,,,,,,,,,,,,
22.7872,115.3756,Shanwei,China,,,,,,,,,,,,,,,
33.551,119.113,Huai’an,China,,,,,,,,,,,,,,,
11.8689,75.3555,Attadappa,India,,,,,,,,,,,,,,,
26.0865,119.298,Gulou,China,,,,,,,,,,,,,,,
22.335,91.8325,Chattogram,Bangladesh,,,,,,,,,,,,,,,
-4.2667,15.2667,Brazzaville,Congo (Brazzaville),,,,,,,,,,,,,,,
19.1972,72.9722,Barmhān Kalān,India,,,,,,,,,,,,,,,
6.2308,-75.5906,Medellín,Colombia,,,,,,,,,,,,,,,
35.608,104.592,Dingxi,China,,,,,,,,,,,,,,,
30.939,118.759,Xuanzhou,China,,,,,,,,,,,,,,,
25.146,82.569,Mirzāpur,India,,,,,,,,,,,,,,,
25.0375,121.5625,Taipei,Taiwan,,,,,,,,,,,,,,,
26.2634,117.6389,Sanming,China,,,,,,,,,,,,,,,
19.2925,-99.6569,Toluca,Mexico,,,,,,,,,,,,,,,
3.8667,11.5167,Yaoundé,Cameroon,,,,,,,,,,,,,,,
25.112,99.161,Baoshan,China,,,,,,,,,,,,,,,
40.7523,120.828,Lianshan,China,,,,,,,,,,,,,,,
33.3702,104.9603,Longba,China,,,,,,,,,,,,,,,
21.1497,79.0806,Nāgpur,India,,,,,,,,,,,,,,,
40.7498,-73.7976,Queens,United States,,,,,,,,,,,,,,,
42.2237,123.726,Tieling,China,,,,,,,,,,,,,,,
22.9152,112.0445,Yunfu,China,,,,,,,,,,,,,,,
35.8717,128.6017,Daegu,"Korea, South",,,,,,,,,,,,,,,
28.67,77.42,Ghāziābād,India,,,,,,,,,,,,,,,
20.8651,106.6838,Haiphong,Vietnam,,,,,,,,,,,,,,,
30.129,104.627,Yanjiang,China,,,,,,,,,,,,,,,
32.436,105.844,Guangyuan,China,,,,,,,,,,,,,,,
33.9381,-117.3949,Riverside,United States,,,,,,,,,,,,,,,
23.884,100.089,Lincang,China,,,,,,,,,,,,,,,
26.126,86.605,Supaul,India,,,,,,,,,,,,,,,
32.6653,51.6703,Eşfahān,Iran,,,,,,,,,,,,,,,
39.3051,-76.6144,Baltimore,United States,,,,,,,,,,,,,,,
36.65,109.494,Yan’an,China,,,,,,,,,,,,,,,
35.7091,107.6436,Qinbaling,China,,,,,,,,,,,,,,,
30.7824,106.1281,Gaoping,China,,,,,,,,,,,,,,,
6.2069,7.0678,Awka,Nigeria,,,,,,,,,,,,,,,
28.6557,121.4208,Taizhou,China,,,,,,,,,,,,,,,
31.669,118.507,Ma’anshan,China,,,,,,,,,,,,,,,
38.6359,-90.2451,St. Louis,United States,,,,,,,,,,,,,,,
28.468,119.923,Lishui,China,,,,,,,,,,,,,,,
22.3167,114.1833,Kowloon,Hong Kong,,,,,,,,,,,,,,,
-31.4167,-64.1833,Córdoba,Argentina,,,,,,,,,,,,,,,
22.377,107.365,Chongzuo,China,,,,,,,,,,,,,,,
23.7501,109.2212,Laibin,China,,,,,,,,,,,,,,,
24.7816,118.5517,Qingyang,China,,,,,,,,,,,,,,,
22.3,70.7833,Rājkot,India,,,,,,,,,,,,,,,
33.8734,109.9186,Shangzhou,China,,,,,,,,,,,,,,,
17.7042,83.2978,Vishākhapatnam,India,,,,,,,,,,,,,,,
37.434,118.6746,Shengli,China,,,,,,,,,,,,,,,
-5.897,22.4488,Kananga,Congo (Kinshasa),,,,,,,,,,,,,,,
38.5677,-121.4685,Sacramento,United States,,,,,,,,,,,,,,,
51.5572,5.0911,Tilburg,Netherlands,,,,,,,,,,,,,,,
28.4773,-81.337,Orlando,United States,,,,,,,,,,,,,,,
7.07,125.6,Davao,Philippines,,,,,,,,,,,,,,,
31.0058,121.2333,Songjiang,China,,,,,,,,,,,,,,,
39.41,116.38,Abhepur,India,,,,,,,,,,,,,,,
19.1972,72.9722,Thāne,India,,,,,,,,,,,,,,,
41.881,123.957,Fushun,China,,,,,,,,,,,,,,,
35.5424,106.6649,Pingliang,China,,,,,,,,,,,,,,,
27.659,113.887,Pingxiang,China,,,,,,,,,,,,,,,
23.2599,77.4126,Bhopāl,India,,,,,,,,,,,,,,,
37.91,40.24,Diyarbakır,Turkey,,,,,,,,,,,,,,,
-11.6647,27.4794,Lubumbashi,Congo (Kinshasa),,,,,,,,,,,,,,,
34.1299,118.7734,Shuyangzha,China,,,,,,,,,,,,,,,
27.18,78.02,Āgra,India,,,,,,,,,,,,,,,
8.9,77.9833,Peyanvilai,India,,,,,,,,,,,,,,,
25.3792,68.3683,Hyderabad City,Pakistan,,,,,,,,,,,,,,,
18.6186,73.8037,Pimpri-Chinchwad,India,,,,,,,,,,,,,,,
23.614,58.5911,Masqaţ,Oman,,,,,,,,,,,,,,,
40.4397,-79.9763,Pittsburgh,United States,,,,,,,,,,,,,,,
39.1413,-84.506,Cincinnati,United States,,,,,,,,,,,,,,,
40.7834,-73.9662,Manhattan,United States,,,,,,,,,,,,,,,
39.1238,-94.5541,Kansas City,United States,,,,,,,,,,,,,,,
21.481,109.12,Beihai,China,,,,,,,,,,,,,,,
30.82,108.4,Sanzhou,China,,,,,,,,,,,,,,,
41.4764,-81.6805,Cleveland,United States,,,,,,,,,,,,,,,
24.9612,118.3849,Ximeicun,China,,,,,,,,,,,,,,,
14.65,120.97,Caloocan City,Philippines,,,,,,,,,,,,,,,
19.6097,-99.06,Ecatepec,Mexico,,,,,,,,,,,,,,,
31.322,120.985,Yushan,China,,,,,,,,,,,,,,,
22.09,82.15,Bilāspur,India,,,,,,,,,,,,,,,
29.2917,117.1986,Jingdezhen,China,,,,,,,,,,,,,,,
30.91,75.85,Ludhiāna,India,,,,,,,,,,,,,,,
21.1167,-101.6833,León de los Aldama,Mexico,,,,,,,,,,,,,,,
10.95,106.8167,Biên Hòa,Vietnam,,,,,,,,,,,,,,,
35.0833,117.15,Chengtangcun,China,,,,,,,,,,,,,,,
5.3748,-4.0867,Yopougon,Côte d’Ivoire,,,,,,,,,,,,,,,
35.748,114.297,Hebi,China,,,,,,,,,,,,,,,
29.61,52.5425,Shīrāz,Iran,,,,,,,,,,,,,,,
38.0817,46.2992,Tabrīz,Iran,,,,,,,,,,,,,,,
45.62,122.838,Baicheng,China,,,,,,,,,,,,,,,
9.9325,-84.08,San José,Costa Rica,,,,,,,,,,,,,,,
35.5167,139.7,Kawasaki,Japan,,,,,,,,,,,,,,,
34.69,135.1956,Kōbe,Japan,,,,,,,,,,,,,,,
29.117,110.479,Zhangjiajie,China,,,,,,,,,,,,,,,
36.5451,104.1389,Baiyin,China,,,,,,,,,,,,,,,
45.295,130.969,Jixi,China,,,,,,,,,,,,,,,
30.1667,121.2333,Xushan,China,,,,,,,,,,,,,,,
6.1308,1.2153,Lomé,Togo,,,,,,,,,,,,,,,
35.1653,126.8486,Gwangju,"Korea, South",,,,,,,,,,,,,,,
19.9975,73.7898,Nāsik,India,,,,,,,,,,,,,,,
16.5193,80.6305,Vijayavāda,India,,,,,,,,,,,,,,,
20.7167,-103.4,Zapopan,Mexico,,,,,,,,,,,,,,,
36.35,127.385,Daejeon,"Korea, South",,,,,,,,,,,,,,,
40.8501,-73.8662,Bronx,United States,,,,,,,,,,,,,,,
37.929,102.638,Wuwei,China,,,,,,,,,,,,,,,
35.0117,135.7683,Kyōto,Japan,,,,,,,,,,,,,,,
31.8767,120.556,Yangshe,China,,,,,,,,,,,,,,,
30.01,103.0415,Yucheng,China,,,,,,,,,,,,,,,
36.7335,-76.0435,Virginia Beach,United States,,,,,,,,,,,,,,,
27.7833,120.625,Rui’an,China,,,,,,,,,,,,,,,
-4.7975,11.8503,Pointe-Noire,Congo (Brazzaville),,,,,,,,,,,,,,,
-6.2889,106.7181,Sangereng,Indonesia,,,,,,,,,,,,,,,
28.4211,77.3078,Farīdābād,India,,,,,,,,,,,,,,,
50.0875,14.4214,Prague,Czechia,,,,,,,,,,,,,,,
28.6125,76.9847,Najafgarh,India,,,,,,,,,,,,,,,
21.7333,110.2833,Lianjiang,China,,,,,,,,,,,,,,,
30.6654,117.4916,Chizhou,China,,,,,,,,,,,,,,,
29.7149,118.3376,Huangshan,China,,,,,,,,,,,,,,,
21.9244,110.8422,Gaozhou,China,,,,,,,,,,,,,,,
30.515,47.81,Al Başrah,Iraq,,,,,,,,,,,,,,,
35.8614,139.6456,Saitama,Japan,,,,,,,,,,,,,,,
31.3047,48.6783,Ahvāz,Iran,,,,,,,,,,,,,,,
-23.4667,-46.5333,Guarulhos,Brazil,,,,,,,,,,,,,,,
20.9143,110.0967,Leizhou,China,,,,,,,,,,,,,,,
31.745,-106.485,Juárez,Mexico,,,,,,,,,,,,,,,
21.9831,96.0844,Mandalay,Burma,,,,,,,,,,,,,,,
30.945,117.811,Wusong,China,,,,,,,,,,,,,,,
41.7283,125.9397,Kuaidamao,China,,,,,,,,,,,,,,,
21.664,110.6396,Huazhou,China,,,,,,,,,,,,,,,
37.9978,106.1986,Wuzhong,China,,,,,,,,,,,,,,,
-1.4558,-48.5039,Belém,Brazil,,,,,,,,,,,,,,,
-8.8053,13.2444,Cacuaco,Angola,,,,,,,,,,,,,,,
35.7767,-5.8039,Tangier,Morocco,,,,,,,,,,,,,,,
18.0,121.8,Canagatan,Philippines,,,,,,,,,,,,,,,
-26.2678,27.8585,Soweto,South Africa,,,,,,,,,,,,,,,
41.823,-71.4187,Providence,United States,,,,,,,,,,,,,,,
33.5819,119.028,Huaiyin,China,,,,,,,,,,,,,,,
28.278,112.552,Yutan,China,,,,,,,,,,,,,,,
1.13,104.0531,Bagam,Indonesia,,,,,,,,,,,,,,,
26.8552,100.2259,Dayan,China,,,,,,,,,,,,,,,
14.098,-87.21,Comayagüela,Honduras,,,,,,,,,,,,,,,
32.688,112.087,Huazhou,China,,,,,,,,,,,,,,,
19.24,73.13,Kalyān,India,,,,,,,,,,,,,,,
32.246,120.591,Rucheng,China,,,,,,,,,,,,,,,
33.9299,116.45,Yongcheng,China,,,,,,,,,,,,,,,
-6.84,107.9208,Sumedang,Indonesia,,,,,,,,,,,,,,,
10.0333,105.7833,Cần Thơ,Vietnam,,,,,,,,,,,,,,,
37.2667,127.0167,Suwon,"Korea, South",,,,,,,,,,,,,,,
19.47,72.8,Vasai-Virar,India,,,,,,,,,,,,,,,
26.5824,101.7184,Dadukou,China,,,,,,,,,,,,,,,
22.708,110.354,Lingcheng,China,,,,,,,,,,,,,,,
46.6762,131.1416,Shuangyashan,China,,,,,,,,,,,,,,,
29.3875,76.97,Pānīpat,India,,,,,,,,,,,,,,,
3.1167,43.65,Baidoa,Somalia,,,,,,,,,,,,,,,
25.3189,83.0128,Vārānasi,India,,,,,,,,,,,,,,,
9.2807,76.8697,Kalleli,India,,,,,,,,,,,,,,,
1.1272,104.0556,Batam Centre,Indonesia,,,,,,,,,,,,,,,
36.7769,119.9884,Pingdu,China,,,,,,,,,,,,,,,
26.218,104.103,Rongcheng,China,,,,,,,,,,,,,,,
0.0478,18.2558,Mbandaka,Congo (Kinshasa),,,,,,,,,,,,,,,
42.3167,69.5958,Shymkent,Kazakhstan,,,,,,,,,,,,,,,
34.09,74.79,Srīnagar,India,,,,,,,,,,,,,,,
19.88,75.32,Aurangābād,India,,,,,,,,,,,,,,,
-7.7167,109.017,Cilacap,Indonesia,,,,,,,,,,,,,,,
34.3964,113.7402,Xinhualu,China,,,,,,,,,,,,,,,
40.7776,-111.9311,Salt Lake City,United States,,,,,,,,,,,,,,,
28.1637,113.6433,Guankou,China,,,,,,,,,,,,,,,
23.7998,86.4305,Dhanbād,India,,,,,,,,,,,,,,,
19.7475,96.115,Nay Pyi Taw,Burma,,,,,,,,,,,,,,,
30.664,113.167,Jingling,China,,,,,,,,,,,,,,,
28.2721,117.0395,Yingtan,China,,,,,,,,,,,,,,,
35.8324,-78.6429,Raleigh,United States,,,,,,,,,,,,,,,
36.01,106.257,Guyuan,China,,,,,,,,,,,,,,,
47.2225,39.71,Rostov,Russia,,,,,,,,,,,,,,,
-2.5061,28.8608,Bukavu,Congo (Kinshasa),,,,,,,,,,,,,,,
6.8333,3.65,Shagamu,Nigeria,,,,,,,,,,,,,,,
27.88,78.08,Alīgarh,India,,,,,,,,,,,,,,,
38.9248,100.4499,Zhangye,China,,,,,,,,,,,,,,,
35.55,129.3167,Ulsan,"Korea, South",,,,,,,,,,,,,,,
29.8402,112.9048,Rongcheng,China,,,,,,,,,,,,,,,
26.1722,91.7458,Guwāhāti,India,,,,,,,,,,,,,,,
34.0433,-5.0033,Fès,Morocco,,,,,,,,,,,,,,,
34.142,113.489,Yingchuan,China,,,,,,,,,,,,,,,
20.25,105.8333,Ninh Bình,Vietnam,,,,,,,,,,,,,,,
37.39,-5.99,Sevilla,Spain,,,,,,,,,,,,,,,
7.5167,5.75,Ikare,Nigeria,,,,,,,,,,,,,,,
38.516,114.99,Dingzhou,China,,,,,,,,,,,,,,,
-16.6806,-49.2564,Goiânia,Brazil,,,,,,,,,,,,,,,
-6.7889,39.2056,Ubungo,Tanzania,,,,,,,,,,,,,,,
31.36,119.815,Yicheng,China,,,,,,,,,,,,,,,
37.5295,-77.4756,Richmond,United States,,,,,,,,,,,,,,,
0.5167,25.2,Kisangani,Congo (Kinshasa),,,,,,,,,,,,,,,
36.0,119.4167,Zhufeng,China,,,,,,,,,,,,,,,
19.4081,-99.0186,Nezahualcóyotl,Mexico,,,,,,,,,,,,,,,
22.58,88.3294,Hāora,India,,,,,,,,,,,,,,,
37.2333,127.2,Tongjin,"Korea, South",,,,,,,,,,,,,,,
23.36,85.33,Rānchi,India,,,,,,,,,,,,,,,
19.4006,-99.0148,Ciudad Nezahualcóyotl,Mexico,,,,,,,,,,,,,,,
28.1958,115.7833,Jianguang,China,,,,,,,,,,,,,,,
37.65,126.8,Goyang,"Korea, South",,,,,,,,,,,,,,,
39.7334,98.4943,Xibeijie,China,,,,,,,,,,,,,,,
30.75,76.78,Chandīgarh,India,,,,,,,,,,,,,,,
37.5002,105.1968,Zhongwei,China,,,,,,,,,,,,,,,
30.38,104.53,Jiancheng,China,,,,,,,,,,,,,,,
36.857,118.791,Shouguang,China,,,,,,,,,,,,,,,
27.26,111.7442,Liangshi,China,,,,,,,,,,,,,,,
-2.53,-44.3028,São Luís,Brazil,,,,,,,,,,,,,,,
8.1333,4.25,Ogbomoso,Nigeria,,,,,,,,,,,,,,,
25.5206,89.2147,Rangapukur,Bangladesh,,,,,,,,,,,,,,,
30.1286,31.2422,Shubrā al Khaymah,Egypt,,,,,,,,,,,,,,,
10.8266,106.7609,Thủ Đức,Vietnam,,,,,,,,,,,,,,,
36.9114,66.1858,Āqchah,Afghanistan,,,,,,,,,,,,,,,
41.0011,71.6683,Namangan,Uzbekistan,,,,,,,,,,,,,,,
35.2708,128.6631,Changwon,"Korea, South",,,,,,,,,,,,,,,
-6.4167,20.8,Tshikapa,Congo (Kinshasa),,,,,,,,,,,,,,,
7.2739,-2.8735,Domaa-Ahenkro,Ghana,,,,,,,,,,,,,,,
42.888,125.1447,Liaoyuan,China,,,,,,,,,,,,,,,
41.0342,28.68,Esenyurt,Turkey,,,,,,,,,,,,,,,
0.5092,101.4453,Pekanbaru,Indonesia,,,,,,,,,,,,,,,
35.6073,140.1064,Chiba,Japan,,,,,,,,,,,,,,,
33.4658,114.8753,Shuizhai,China,,,,,,,,,,,,,,,
27.0087,106.0323,Qianxi,China,,,,,,,,,,,,,,,
41.7661,-72.6834,Hartford,United States,,,,,,,,,,,,,,,
23.6167,90.5,Nārāyanganj,Bangladesh,,,,,,,,,,,,,,,
-33.9581,25.6,Gqeberha,South Africa,,,,,,,,,,,,,,,
31.87,121.703,Huilong,China,,,,,,,,,,,,,,,
36.7194,-4.42,Málaga,Spain,,,,,,,,,,,,,,,
-9.6658,-35.735,Maceió,Brazil,,,,,,,,,,,,,,,
19.5209,109.5808,Nada,China,,,,,,,,,,,,,,,
21.6867,108.3547,Fangchenggang,China,,,,,,,,,,,,,,,
17.68,75.92,Solāpur,India,,,,,,,,,,,,,,,
36.0193,113.86,Kaiyuan,China,,,,,,,,,,,,,,,
42.9018,-78.8487,Buffalo,United States,,,,,,,,,,,,,,,
18.4855,-69.8734,Santo Domingo Este,Dominican Republic,,,,,,,,,,,,,,,
34.3369,47.0911,Kermānshāh,Iran,,,,,,,,,,,,,,,
-4.4419,15.395,Kibanseke Première,Congo (Kinshasa),,,,,,,,,,,,,,,
5.3909,100.4104,Seberang Jaya,Malaysia,,,,,,,,,,,,,,,
34.0333,-6.8,Sale,Morocco,,,,,,,,,,,,,,,
15.3502,75.1376,Hubli,India,,,,,,,,,,,,,,,
-16.5047,-68.1633,El Alto,Bolivia,,,,,,,,,,,,,,,
39.9244,32.8856,Çankaya,Turkey,,,,,,,,,,,,,,,
37.1997,126.8314,Hwasu-dong,"Korea, South",,,,,,,,,,,,,,,
24.21,113.401,Yingcheng,China,,,,,,,,,,,,,,,
35.6466,139.6532,Setagaya,Japan,,,,,,,,,,,,,,,
40.0,32.8667,Keçiören,Turkey,,,,,,,,,,,,,,,
22.7689,111.5697,Luocheng,China,,,,,,,,,,,,,,,
15.6333,32.6333,Khartoum North,Sudan,,,,,,,,,,,,,,,
6.5333,3.35,Mushin,Nigeria,,,,,,,,,,,,,,,
33.8833,130.8833,Kitakyūshū,Japan,,,,,,,,,,,,,,,
41.1918,-73.1954,Bridgeport,United States,,,,,,,,,,,,,,,
34.286,118.355,Xin’an,China,,,,,,,,,,,,,,,
39.4681,75.9938,Kashgar,China,,,,,,,,,,,,,,,
37.4333,127.15,Sŏngnam,"Korea, South",,,,,,,,,,,,,,,
30.0687,-89.9288,New Orleans,United States,,,,,,,,,,,,,,,
10.7903,78.7047,Trichinopoly,India,,,,,,,,,,,,,,,
36.6853,118.4796,Qingzhou,China,,,,,,,,,,,,,,,
-27.7833,-64.2667,Santiago del Estero,Argentina,,,,,,,,,,,,,,,
19.4753,-99.2378,Naucalpan de Juárez,Mexico,,,,,,,,,,,,,,,
12.27,123.58,Masbate,Philippines,,,,,,,,,,,,,,,
22.252,112.794,Taishan,China,,,,,,,,,,,,,,,
36.2647,120.0334,Jiaozhou,China,,,,,,,,,,,,,,,
21.441,110.779,Wuchuan,China,,,,,,,,,,,,,,,
39.6271,121.9796,Wafangdian,China,,,,,,,,,,,,,,,
26.4333,50.1,Ad Dammām,Saudi Arabia,,,,,,,,,,,,,,,
30.2974,30.9764,Ashmūn,Egypt,,,,,,,,,,,,,,,
1.5667,30.25,Bunia,Congo (Kinshasa),,,,,,,,,,,,,,,
44.924,127.158,Wuchang,China,,,,,,,,,,,,,,,
-22.8269,-43.0539,São Gonçalo,Brazil,,,,,,,,,,,,,,,
22.6799,109.2614,Hengzhou,China,,,,,,,,,,,,,,,
36.1861,116.7719,Feicheng,China,,,,,,,,,,,,,,,
-8.8214,13.2911,Cazenga,Angola,,,,,,,,,,,,,,,
20.9667,-89.6167,Mérida,Mexico,,,,,,,,,,,,,,,
40.1983,29.06,Osmangazi,Turkey,,,,,,,,,,,,,,,
28.8319,78.7764,Morādābād,India,,,,,,,,,,,,,,,
7.1608,3.3483,Abeokuta,Nigeria,,,,,,,,,,,,,,,
21.1606,-86.8475,Cancún,Mexico,,,,,,,,,,,,,,,
32.129,112.772,Zaoyang,China,,,,,,,,,,,,,,,
14.52,121.05,Taguig City,Philippines,,,,,,,,,,,,,,,
28.3972,36.5789,Tabūk,Saudi Arabia,,,,,,,,,,,,,,,
27.6461,113.497,Xishan,China,,,,,,,,,,,,,,,
32.1541,-110.8787,Tucson,United States,,,,,,,,,,,,,,,
47.728,128.841,Yichun,China,,,,,,,,,,,,,,,
35.55,45.4333,As Sulaymānīyah,Iraq,,,,,,,,,,,,,,,
3.0223,101.5481,Klang,Malaysia,,,,,,,,,,,,,,,
11.1085,77.3411,Tiruppūr,India,,,,,,,,,,,,,,,
28.456,77.029,Gurgaon,India,,,,,,,,,,,,,,,
22.1704,111.7916,Yangchun,China,,,,,,,,,,,,,,,
33.4258,43.2992,Ar Ramādī,Iraq,,,,,,,,,,,,,,,
32.535,120.563,Hai’an,China,,,,,,,,,,,,,,,
31.168,112.588,Zhongxiang,China,,,,,,,,,,,,,,,
29.6534,91.1719,Lhasa,China,,,,,,,,,,,,,,,
43.5053,124.8224,Gongzhuling,China,,,,,,,,,,,,,,,
27.692,111.664,Lianyuan,China,,,,,,,,,,,,,,,
6.6,3.35,Ikeja,Nigeria,,,,,,,,,,,,,,,
50.8058,-1.0872,Portsmouth,United Kingdom,,,,,,,,,,,,,,,
36.6333,127.4833,Cheongju,"Korea, South",,,,,,,,,,,,,,,
38.4261,77.25,Shache,China,,,,,,,,,,,,,,,
19.8075,105.7764,Thanh Hóa,Vietnam,,,,,,,,,,,,,,,
31.173,115.008,Macheng,China,,,,,,,,,,,,,,,
37.6823,112.7281,Yuci,China,,,,,,,,,,,,,,,
44.535,125.703,Dehui,China,,,,,,,,,,,,,,,
-29.6167,30.3833,Pietermaritzburg,South Africa,,,,,,,,,,,,,,,
20.27,85.84,Bhubaneshwar,India,,,,,,,,,,,,,,,
44.826,126.55,Yushu,China,,,,,,,,,,,,,,,
-7.12,-34.88,João Pessoa,Brazil,,,,,,,,,,,,,,,
41.2627,-96.0529,Omaha,United States,,,,,,,,,,,,,,,
34.539,113.391,Qingping,China,,,,,,,,,,,,,,,
29.15,113.1024,Rongjiawan,China,,,,,,,,,,,,,,,
37.1792,119.9333,Weichanglu,China,,,,,,,,,,,,,,,
34.5733,135.4831,Sakai,Japan,,,,,,,,,,,,,,,
39.7767,30.5206,Eskişehir,Turkey,,,,,,,,,,,,,,,
30.6333,120.5333,Wutong,China,,,,,,,,,,,,,,,
10.1403,-64.6833,Barcelona,Venezuela,,,,,,,,,,,,,,,
36.697,114.204,Wu’an,China,,,,,,,,,,,,,,,
-23.6939,-46.565,São Bernardo do Campo,Brazil,,,,,,,,,,,,,,,
26.2252,-98.2467,McAllen,United States,,,,,,,,,,,,,,,
28.85,77.1,Narela,India,,,,,,,,,,,,,,,
19.29,72.85,Bhayandar,India,,,,,,,,,,,,,,,
24.8069,-107.3939,Culiacán,Mexico,,,,,,,,,,,,,,,
12.1053,15.0447,N’Djamena,Chad,,,,,,,,,,,,,,,
30.5333,120.6833,Xiashi,China,,,,,,,,,,,,,,,
7.8942,-72.5039,Cúcuta,Colombia,,,,,,,,,,,,,,,
50.0614,19.9372,Kraków,Poland,,,,,,,,,,,,,,,
14.5605,121.0765,Pasig City,Philippines,,,,,,,,,,,,,,,
40.6403,22.9356,Thessaloníki,Greece,,,,,,,,,,,,,,,
-15.7861,35.0058,Blantyre,Malawi,,,,,,,,,,,,,,,
2.8917,-75.4375,Palermo,Colombia,,,,,,,,,,,,,,,
31.143,97.17,Qamdo,China,,,,,,,,,,,,,,,
18.4386,79.1288,Karīmnagar,India,,,,,,,,,,,,,,,
38.4466,116.0995,Hejian,China,,,,,,,,,,,,,,,
36.9831,35.3328,Seyhan,Turkey,,,,,,,,,,,,,,,
36.9758,120.7136,Laiyang,China,,,,,,,,,,,,,,,
20.5875,-100.3928,Querétaro,Mexico,,,,,,,,,,,,,,,
26.4221,112.3999,Yiyang,China,,,,,,,,,,,,,,,
18.6667,105.6667,Vinh,Vietnam,,,,,,,,,,,,,,,
35.2125,114.735,Puxi,China,,,,,,,,,,,,,,,
40.6629,-73.6089,Hempstead,United States,,,,,,,,,,,,,,,
34.7108,137.7275,Hamamatsu,Japan,,,,,,,,,,,,,,,
34.7667,112.9667,Zijinglu,China,,,,,,,,,,,,,,,
35.25,73.5,Kumila,Pakistan,,,,,,,,,,,,,,,
25.092,104.8955,Xingyi,China,,,,,,,,,,,,,,,
24.1347,115.73,Xingcheng,China,,,,,,,,,,,,,,,
33.5279,-86.7971,Birmingham,United States,,,,,,,,,,,,,,,
43.908,81.2777,Ailan Mubage,China,,,,,,,,,,,,,,,
43.2569,-2.9236,Bilbao,Spain,,,,,,,,,,,,,,,
22.1511,-100.9761,San Luis Potosí,Mexico,,,,,,,,,,,,,,,
37.5,126.7833,Bucheon,"Korea, South",,,,,,,,,,,,,,,
41.7259,86.1746,Korla,China,,,,,,,,,,,,,,,
40.2833,69.6333,Khŭjand,Tajikistan,,,,,,,,,,,,,,,
39.9167,127.5333,Hamhŭng,"Korea, North",,,,,,,,,,,,,,,
39.9086,41.2769,Erzurum,Turkey,,,,,,,,,,,,,,,
35.1054,-106.6465,Albuquerque,United States,,,,,,,,,,,,,,,
24.2075,55.7447,Al ‘Ayn,United Arab Emirates,,,,,,,,,,,,,,,
-6.1731,35.7419,Dodoma,Tanzania,,,,,,,,,,,,,,,
14.744,-17.4021,Pikine,Senegal,,,,,,,,,,,,,,,
30.34,76.38,Patiāla,India,,,,,,,,,,,,,,,
36.8494,115.7061,Qingnian,China,,,,,,,,,,,,,,,
2.3447,42.2764,Baardheere,Somalia,,,,,,,,,,,,,,,
28.72,79.32,Shīshgarh,India,,,,,,,,,,,,,,,
28.978,117.152,Leping,China,,,,,,,,,,,,,,,
35.7356,139.6517,Nerima,Japan,,,,,,,,,,,,,,,
30.291,108.9364,Lichuan,China,,,,,,,,,,,,,,,
40.8747,29.235,Pendik,Turkey,,,,,,,,,,,,,,,
54.3475,18.6453,Gdańsk,Poland,,,,,,,,,,,,,,,
31.4306,119.4788,Licheng,China,,,,,,,,,,,,,,,
-23.6533,-46.528,Santo André,Brazil,,,,,,,,,,,,,,,
40.7833,72.3333,Andijon,Uzbekistan,,,,,,,,,,,,,,,
6.7697,47.4308,Gaalkacyo,Somalia,,,,,,,,,,,,,,,
35.5614,139.7161,Ōta-ku,Japan,,,,,,,,,,,,,,,
39.681,122.967,Zhuanghe,China,,,,,,,,,,,,,,,
21.6131,96.1303,Kyaukse,Burma,,,,,,,,,,,,,,,
36.1283,-95.9042,Tulsa,United States,,,,,,,,,,,,,,,
35.4623,113.8054,Chengguan,China,,,,,,,,,,,,,,,
41.0344,28.8564,Bağcılar,Turkey,,,,,,,,,,,,,,,
7.6833,-5.0331,Bouaké,Côte d’Ivoire,,,,,,,,,,,,,,,
30.2625,57.0575,Kermān,Iran,,,,,,,,,,,,,,,
34.5176,110.8942,Lingbao Chengguanzhen,China,,,,,,,,,,,,,,,
37.5439,45.0647,Orūmīyeh,Iran,,,,,,,,,,,,,,,
30.871,105.388,Taihe,China,,,,,,,,,,,,,,,
37.6333,127.2167,Yanggok,"Korea, South",,,,,,,,,,,,,,,
31.771,104.755,Zhongba,China,,,,,,,,,,,,,,,
7.7667,4.5667,Osogbo,Nigeria,,,,,,,,,,,,,,,
38.9846,106.3828,Sizhan,China,,,,,,,,,,,,,,,
34.7833,113.35,Suohe,China,,,,,,,,,,,,,,,
27.7186,112.5502,Xiangxiang,China,,,,,,,,,,,,,,,
34.4553,113.0253,Songyang,China,,,,,,,,,,,,,,,
8.48,124.65,Cagayan de Oro,Philippines,,,,,,,,,,,,,,,
39.999,118.701,Qian’an,China,,,,,,,,,,,,,,,
35.067,112.602,Shuangqiao,China,,,,,,,,,,,,,,,
31.6244,117.8902,Chaohucun,China,,,,,,,,,,,,,,,
36.863,117.743,Zouping,China,,,,,,,,,,,,,,,
32.8168,-79.9687,Charleston,United States,,,,,,,,,,,,,,,
-3.4,29.15,Uvira,Congo (Kinshasa),,,,,,,,,,,,,,,
23.55,87.32,Durgāpur,India,,,,,,,,,,,,,,,
32.029,44.3396,An Najaf,Iraq,,,,,,,,,,,,,,,
36.783,-119.7939,Fresno,United States,,,,,,,,,,,,,,,
22.9167,111.0,Cencheng,China,,,,,,,,,,,,,,,
41.0311,29.1081,Umraniye,Turkey,,,,,,,,,,,,,,,
28.9,120.0333,Guli,China,,,,,,,,,,,,,,,
35.5667,139.3667,Sagamihara,Japan,,,,,,,,,,,,,,,
36.8667,120.5333,Laixi,China,,,,,,,,,,,,,,,
-36.8282,-73.0514,Concepción,Chile,,,,,,,,,,,,,,,
43.6,-79.65,Mississauga,Canada,,,,,,,,,,,,,,,
44.3054,86.0804,Shihezi,China,,,,,,,,,,,,,,,
14.7,120.98,Valenzuela,Philippines,,,,,,,,,,,,,,,
27.8944,102.2644,Xichang,China,,,,,,,,,,,,,,,
31.617,113.826,Guangshui,China,,,,,,,,,,,,,,,
47.85,35.1175,Zaporizhzhia,Ukraine,,,,,,,,,,,,,,,
32.845,119.508,Gaoyou,China,,,,,,,,,,,,,,,
31.564,121.174,Chengxiang,China,,,,,,,,,,,,,,,
25.35,74.63,Bhīlwāra,India,,,,,,,,,,,,,,,
5.4136,100.3294,George Town,Malaysia,,,,,,,,,,,,,,,
40.189,117.966,Zunhua,China,,,,,,,,,,,,,,,
29.9639,77.5458,Sahāranpur,India,,,,,,,,,,,,,,,
39.9719,32.8119,Yenimahalle,Turkey,,,,,,,,,,,,,,,
38.7356,125.4089,Nampo,"Korea, North",,,,,,,,,,,,,,,
14.33,120.94,Dasmariñas,Philippines,,,,,,,,,,,,,,,
26.71,88.43,Shiliguri,India,,,,,,,,,,,,,,,
11.28,49.18,Boosaaso,Somalia,,,,,,,,,,,,,,,
33.9,70.1,Parachinar,Pakistan,,,,,,,,,,,,,,,
35.54,35.78,Latakia,Syria,,,,,,,,,,,,,,,
34.897,108.945,Tongchuan,China,,,,,,,,,,,,,,,
29.827,113.476,Xindi,China,,,,,,,,,,,,,,,
35.7,139.8833,Edogawa,Japan,,,,,,,,,,,,,,,
6.12,125.17,General Santos,Philippines,,,,,,,,,,,,,,,
35.1503,36.73,Ḩamāh,Syria,,,,,,,,,,,,,,,
43.168,-77.6162,Rochester,United States,,,,,,,,,,,,,,,
29.4072,30.8667,Sinnūris,Egypt,,,,,,,,,,,,,,,
5.3351,-4.0039,Cocody,Côte d’Ivoire,,,,,,,,,,,,,,,
25.6775,-100.2597,Guadalupe,Mexico,,,,,,,,,,,,,,,
37.8814,32.4922,Selçuklu,Turkey,,,,,,,,,,,,,,,
32.6167,44.0333,Karbalā’,Iraq,,,,,,,,,,,,,,,
31.6283,48.6147,Borvāyeh-ye Al Bū ‘Azīz,Iran,,,,,,,,,,,,,,,
14.5008,120.9915,City of Parañaque,Philippines,,,,,,,,,,,,,,,
45.771,131.003,Taihecun,China,,,,,,,,,,,,,,,
39.9422,32.9231,Mamak,Turkey,,,,,,,,,,,,,,,
34.2137,113.7629,Jianshe,China,,,,,,,,,,,,,,,
6.6219,3.3258,Agege,Nigeria,,,,,,,,,,,,,,,
35.7833,139.8,Adachi,Japan,,,,,,,,,,,,,,,
29.25,88.8833,Xigazê,China,,,,,,,,,,,,,,,
10.9167,-74.75,Soledad,Colombia,,,,,,,,,,,,,,,
29.6,120.8167,Shanhu,China,,,,,,,,,,,,,,,
16.8636,-99.8825,Acapulco de Juárez,Mexico,,,,,,,,,,,,,,,
34.9078,48.4394,Bahār,Iran,,,,,,,,,,,,,,,
51.11,17.0325,Wrocław,Poland,,,,,,,,,,,,,,,
37.9861,-1.1303,Murcia,Spain,,,,,,,,,,,,,,,
30.7,121.0167,Pinghu,China,,,,,,,,,,,,,,,
30.988,103.647,Guankou,China,,,,,,,,,,,,,,,
51.7769,19.4547,Łódź,Poland,,,,,,,,,,,,,,,
37.1653,122.4867,Yatou,China,,,,,,,,,,,,,,,
16.3008,80.4428,Guntūr,India,,,,,,,,,,,,,,,
39.7805,-84.2003,Dayton,United States,,,,,,,,,,,,,,,
41.7833,129.7667,Ch’ŏngjin,"Korea, North",,,,,,,,,,,,,,,
46.051,125.962,Zhaodong,China,,,,,,,,,,,,,,,
35.7004,114.98,Puyang Chengguanzhen,China,,,,,,,,,,,,,,,
20.6167,-103.3167,Tlaquepaque,Mexico,,,,,,,,,,,,,,,
4.15,-73.6333,Villavicencio,Colombia,,,,,,,,,,,,,,,
32.009,120.263,Jingcheng,China,,,,,,,,,,,,,,,
10.6,-67.0333,Catia La Mar,Venezuela,,,,,,,,,,,,,,,
6.3333,6.8333,Nneyi-Umuleri,Nigeria,,,,,,,,,,,,,,,
25.3608,49.5997,Al Hufūf,Saudi Arabia,,,,,,,,,,,,,,,
25.6811,100.3003,Dali,China,,,,,,,,,,,,,,,
8.9,11.3667,Jalingo,Nigeria,,,,,,,,,,,,,,,
24.8309,92.6143,Karaikandi,India,,,,,,,,,,,,,,,
36.81,127.1475,Ch’ŏnan,"Korea, South",,,,,,,,,,,,,,,
43.6833,-79.7667,Brampton,Canada,,,,,,,,,,,,,,,
26.6443,-81.9957,Cape Coral,United States,,,,,,,,,,,,,,,
29.22,79.52,Haldwāni,India,,,,,,,,,,,,,,,
40.11,29.0821,Yıldırım,Turkey,,,,,,,,,,,,,,,
20.8997,74.7697,Dhūlia,India,,,,,,,,,,,,,,,
27.7919,106.4013,Zhongshu,China,,,,,,,,,,,,,,,
30.174,111.757,Songzi,China,,,,,,,,,,,,,,,
14.617,120.967,Tondo,Philippines,,,,,,,,,,,,,,,
27.5564,30.8106,Dayrūţ,Egypt,,,,,,,,,,,,,,,
19.5367,-99.1947,Tlalnepantla,Mexico,,,,,,,,,,,,,,,
25.6005,103.8166,Xiping,China,,,,,,,,,,,,,,,
-23.5328,-46.7919,Osasco,Brazil,,,,,,,,,,,,,,,
16.4619,107.5955,Huế,Vietnam,,,,,,,,,,,,,,,
9.75,-63.183,Maturín,Venezuela,,,,,,,,,,,,,,,
35.6946,139.9826,Honchō,Japan,,,,,,,,,,,,,,,
29.844,115.561,Wuxue,China,,,,,,,,,,,,,,,
21.76,72.15,Bhāvnagar,India,,,,,,,,,,,,,,,
22.009,100.797,Jinghong,China,,,,,,,,,,,,,,,
26.7266,110.6319,Wugang,China,,,,,,,,,,,,,,,
22.3802,114.1898,Sha Tin,Hong Kong,,,,,,,,,,,,,,,
40.2457,-111.6457,Provo,United States,,,,,,,,,,,,,,,
47.0228,28.8353,Chisinau,Moldova,,,,,,,,,,,,,,,
3.0833,101.65,Petaling Jaya,Malaysia,,,,,,,,,,,,,,,
38.8674,-104.7605,Colorado Springs,United States,,,,,,,,,,,,,,,
59.4372,24.7453,Tallinn,Estonia,,,,,,,,,,,,,,,
28.57,77.32,Noida,India,,,,,,,,,,,,,,,
28.1258,-15.4353,Las Palmas,Spain,,,,,,,,,,,,,,,
33.6096,-117.6551,Mission Viejo,United States,,,,,,,,,,,,,,,
22.58,88.42,Bhāngar,India,,,,,,,,,,,,,,,
40.5961,-75.4756,Allentown,United States,,,,,,,,,,,,,,,
32.1167,20.0667,Benghazi,Libya,,,,,,,,,,,,,,,
25.033,101.5459,Chuxiong,China,,,,,,,,,,,,,,,
51.2256,6.7767,Düsseldorf,Germany,,,,,,,,,,,,,,,
30.442,-91.1311,Baton Rouge,United States,,,,,,,,,,,,,,,
14.5567,121.0214,Makati City,Philippines,,,,,,,,,,,,,,,
-12.9689,28.6325,Ndola,Zambia,,,,,,,,,,,,,,,
30.3549,31.2011,Ţūkh,Egypt,,,,,,,,,,,,,,,
50.6765,26.16,Bazal’tove,Ukraine,,,,,,,,,,,,,,,
26.5196,50.0115,Al Qaţīf,Saudi Arabia,,,,,,,,,,,,,,,
21.21,81.38,Bhilai,India,,,,,,,,,,,,,,,
23.387,104.233,Kaihua,China,,,,,,,,,,,,,,,
41.2279,-111.9682,Ogden,United States,,,,,,,,,,,,,,,
19.999,110.403,Meilan,China,,,,,,,,,,,,,,,
37.3167,126.8333,Ansan,"Korea, South",,,,,,,,,,,,,,,
39.1333,116.3833,Bazhou,China,,,,,,,,,,,,,,,
42.9512,89.1895,Turpan,China,,,,,,,,,,,,,,,
31.558,106.005,Langzhong,China,,,,,,,,,,,,,,,
35.5819,116.9862,Qufu,China,,,,,,,,,,,,,,,
31.05,31.3833,Al Manşūrah,Egypt,,,,,,,,,,,,,,,
25.0167,98.4833,Tengyue,China,,,,,,,,,,,,,,,
29.8493,31.3327,Ḩalwān,Egypt,,,,,,,,,,,,,,,
10.905,106.6994,Tân An,Vietnam,,,,,,,,,,,,,,,
5.2568,-3.963,Port-Bouët,Côte d’Ivoire,,,,,,,,,,,,,,,
35.9692,-83.9496,Knoxville,United States,,,,,,,,,,,,,,,
31.946,119.164,Jurong,China,,,,,,,,,,,,,,,
-3.3667,36.6833,Arusha,Tanzania,,,,,,,,,,,,,,,
25.5619,84.87,Bihtā,India,,,,,,,,,,,,,,,
28.1277,121.2288,Yuhuan,China,,,,,,,,,,,,,,,
39.9458,32.6694,Etimesgut,Turkey,,,,,,,,,,,,,,,
40.2248,116.1944,Changping,China,,,,,,,,,,,,,,,
19.4131,-98.9839,Chimalhuacán,Mexico,,,,,,,,,,,,,,,
31.62,65.7158,Kandahār,Afghanistan,,,,,,,,,,,,,,,
34.6867,-1.9114,Oujda-Angad,Morocco,,,,,,,,,,,,,,,
25.886,116.027,Ruiming,China,,,,,,,,,,,,,,,
-6.12,106.1503,Serang,Indonesia,,,,,,,,,,,,,,,
38.002,115.56,Shenzhou,China,,,,,,,,,,,,,,,
28.72,78.28,Hasanpur,India,,,,,,,,,,,,,,,
42.9619,-85.6562,Grand Rapids,United States,,,,,,,,,,,,,,,
36.9167,30.6833,Yukarıkaraman,Turkey,,,,,,,,,,,,,,,
3.83,103.32,Kuantan,Malaysia,,,,,,,,,,,,,,,
35.8077,139.7241,Kawaguchi,Japan,,,,,,,,,,,,,,,
40.6167,122.5167,Dashiqiao,China,,,,,,,,,,,,,,,
14.45,120.98,Las Piñas City,Philippines,,,,,,,,,,,,,,,
-26.8167,-65.2167,San Miguel de Tucumán,Argentina,,,,,,,,,,,,,,,
25.25,51.4,Ar Rayyān,Qatar,,,,,,,,,,,,,,,
34.0378,-80.9036,Columbia,United States,,,,,,,,,,,,,,,
26.3,83.9167,Salīmpur,India,,,,,,,,,,,,,,,
39.485,115.974,Zhuozhou,China,,,,,,,,,,,,,,,
32.6811,119.0137,Tianchang,China,,,,,,,,,,,,,,,
42.6664,-73.7987,Albany,United States,,,,,,,,,,,,,,,
9.3,13.4,Garoua,Cameroon,,,,,,,,,,,,,,,
5.9614,10.1517,Bamenda,Cameroon,,,,,,,,,,,,,,,
5.4667,10.4167,Bafoussam,Cameroon,,,,,,,,,,,,,,,
13.34,77.1,Tumkūr,India,,,,,,,,,,,,,,,
-1.2768,116.8277,Balikpapan,Indonesia,,,,,,,,,,,,,,,
6.5408,3.3872,Somolu,Nigeria,,,,,,,,,,,,,,,
37.1583,38.7917,Şanlıurfa,Turkey,,,,,,,,,,,,,,,
14.5333,49.1333,Al Mukallā,Yemen,,,,,,,,,,,,,,,
37.943,115.218,Xinji,China,,,,,,,,,,,,,,,
38.7167,35.5,Melikgazi,Turkey,,,,,,,,,,,,,,,
31.0358,116.9367,Wenchang,China,,,,,,,,,,,,,,,
20.6667,-101.35,Irapuato,Mexico,,,,,,,,,,,,,,,
30.9667,31.1667,Al Maḩallah al Kubrá,Egypt,,,,,,,,,,,,,,,
32.4925,74.5311,Sialkot City,Pakistan,,,,,,,,,,,,,,,
30.99,104.25,Luocheng,China,,,,,,,,,,,,,,,
31.5069,34.456,Gaza,Gaza Strip,,,,,,,,,,,,,,,
29.5025,60.8558,Zāhedān,Iran,,,,,,,,,,,,,,,
-6.8712,107.5548,Cimahi,Indonesia,,,,,,,,,,,,,,,
23.3961,103.3649,Wenlan,China,,,,,,,,,,,,,,,
35.7667,139.6833,Itabashi,Japan,,,,,,,,,,,,,,,
3.0667,101.55,Shah Alam,Malaysia,,,,,,,,,,,,,,,
35.6994,139.6364,Suginami-ku,Japan,,,,,,,,,,,,,,,
-8.1128,-35.015,Jaboatão dos Guararapes,Brazil,,,,,,,,,,,,,,,
54.6872,25.28,Vilnius,Lithuania,,,,,,,,,,,,,,,
32.3399,36.2052,Al Mafraq,Jordan,,,,,,,,,,,,,,,
21.2667,40.4167,Aţ Ţā’if,Saudi Arabia,,,,,,,,,,,,,,,
19.6158,37.2164,Port Sudan,Sudan,,,,,,,,,,,,,,,
12.245,109.1917,Nha Trang,Vietnam,,,,,,,,,,,,,,,
16.7528,-93.1167,Tuxtla,Mexico,,,,,,,,,,,,,,,
35.3529,-119.0359,Bakersfield,United States,,,,,,,,,,,,,,,
30.345,78.029,Dehra Dūn,India,,,,,,,,,,,,,,,
53.0758,8.8072,Bremen,Germany,,,,,,,,,,,,,,,
27.1,119.6333,Fu’an,China,,,,,,,,,,,,,,,
24.7504,90.38,Mymensingh,Bangladesh,,,,,,,,,,,,,,,
35.6664,139.316,Hachiōji,Japan,,,,,,,,,,,,,,,
10.72,122.57,Iloilo,Philippines,,,,,,,,,,,,,,,
-33.6167,-70.5667,Puente Alto,Chile,,,,,,,,,,,,,,,
38.0833,116.5833,Botou,China,,,,,,,,,,,,,,,
39.9594,32.5767,Sincan,Turkey,,,,,,,,,,,,,,,
-6.13,24.48,Kabinda,Congo (Kinshasa),,,,,,,,,,,,,,,
37.5833,36.9333,Kahramanmaraş,Turkey,,,,,,,,,,,,,,,
30.3127,31.3202,Shibīn al Qanāţir,Egypt,,,,,,,,,,,,,,,
20.6167,-103.2333,Tonalá,Mexico,,,,,,,,,,,,,,,
31.0931,30.3142,Abū Ḩummuş,Egypt,,,,,,,,,,,,,,,
32.55,35.85,Irbid,Jordan,,,,,,,,,,,,,,,
29.3394,105.2875,Jin’e,China,,,,,,,,,,,,,,,
22.2006,113.5461,Macau,Macau,,,,,,,,,,,,,,,
39.8667,124.15,Xinxing,China,,,,,,,,,,,,,,,
49.19,-122.8489,Surrey,Canada,,,,,,,,,,,,,,,
28.945,112.598,Qionghu,China,,,,,,,,,,,,,,,
41.997,122.823,Xinmin,China,,,,,,,,,,,,,,,
41.3113,-72.9246,New Haven,United States,,,,,,,,,,,,,,,
36.8667,119.4,Kuiju,China,,,,,,,,,,,,,,,
23.68,86.99,Āsansol,India,,,,,,,,,,,,,,,
33.257,115.3746,Jieshou,China,,,,,,,,,,,,,,,
6.3333,-75.5667,Bello,Colombia,,,,,,,,,,,,,,,
16.6917,74.2333,Kolhāpur,India,,,,,,,,,,,,,,,
19.617,110.7551,Wencheng,China,,,,,,,,,,,,,,,
28.761,113.16,Miluo Chengguanzhen,China,,,,,,,,,,,,,,,
29.208,119.458,Lanxi,China,,,,,,,,,,,,,,,
32.2723,119.1848,Zhenzhou,China,,,,,,,,,,,,,,,
41.5725,-93.6105,Des Moines,United States,,,,,,,,,,,,,,,
21.161,81.787,Nava Raipur,India,,,,,,,,,,,,,,,
40.4,122.35,Gaizhou,China,,,,,,,,,,,,,,,
37.73,117.232,Leling,China,,,,,,,,,,,,,,,
31.8578,-116.6058,Ensenada,Mexico,,,,,,,,,,,,,,,
34.3419,62.2031,Herāt,Afghanistan,,,,,,,,,,,,,,,
34.8064,48.5161,Hamadān,Iran,,,,,,,,,,,,,,,
-7.5667,110.8167,Surakarta,Indonesia,,,,,,,,,,,,,,,
52.2667,10.5167,Braunschweig,Germany,,,,,,,,,,,,,,,
19.15,77.3,Nānded,India,,,,,,,,,,,,,,,
39.5667,2.65,Palma,Spain,,,,,,,,,,,,,,,
-25.6667,27.2428,Rustenburg,South Africa,,,,,,,,,,,,,,,
20.9258,77.7647,Amrāvati,India,,,,,,,,,,,,,,,
52.3667,9.7167,Hannover,Germany,,,,,,,,,,,,,,,
44.605,33.5225,Sevastopol,Ukraine,,,,,,,,,,,,,,,
27.9631,-80.6593,Palm Bay,United States,,,,,,,,,,,,,,,
52.4083,16.9336,Poznań,Poland,,,,,,,,,,,,,,,
4.4333,-75.2333,Ibagué,Colombia,,,,,,,,,,,,,,,
18.8,110.4,Wancheng,China,,,,,,,,,,,,,,,
5.6497,100.4793,Sungai Petani,Malaysia,,,,,,,,,,,,,,,
31.1333,113.1167,Xinshi,China,,,,,,,,,,,,,,,
55.3667,86.0667,Kemerovo,Russia,,,,,,,,,,,,,,,
55.6833,52.3167,Naberezhnyye Chelny,Russia,,,,,,,,,,,,,,,
10.4833,-73.25,Valledupar,Colombia,,,,,,,,,,,,,,,
14.38,121.05,Muntinlupa City,Philippines,,,,,,,,,,,,,,,
9.0833,43.0833,K’ebrī Beyah,Ethiopia,,,,,,,,,,,,,,,
37.359,120.396,Luofeng,China,,,,,,,,,,,,,,,
43.9,81.35,Ghulja,China,,,,,,,,,,,,,,,
19.3186,-98.8822,Ixtapaluca,Mexico,,,,,,,,,,,,,,,
27.2,120.2,Fuding,China,,,,,,,,,,,,,,,
25.8797,-97.5042,Heroica Matamoros,Mexico,,,,,,,,,,,,,,,
31.0439,46.2575,An Nāşirīyah,Iraq,,,,,,,,,,,,,,,
32.4833,44.4333,Al Ḩillah,Iraq,,,,,,,,,,,,,,,
41.25,119.4,Lingyuan,China,,,,,,,,,,,,,,,
28.2925,117.2454,Guixi,China,,,,,,,,,,,,,,,
14.22,121.17,City of Calamba,Philippines,,,,,,,,,,,,,,,
-23.1789,-45.8869,São José dos Campos,Brazil,,,,,,,,,,,,,,,
41.0798,-81.5219,Akron,United States,,,,,,,,,,,,,,,
13.45,22.44,El Geneina,Sudan,,,,,,,,,,,,,,,
-19.9319,-44.0539,Contagem,Brazil,,,,,,,,,,,,,,,
28.4667,-16.25,Santa Cruz,Spain,,,,,,,,,,,,,,,
51.7833,55.1,Orenburg,Russia,,,,,,,,,,,,,,,
40.2833,28.95,Nilüfer,Turkey,,,,,,,,,,,,,,,
53.7975,-1.5436,Leeds,United Kingdom,,,,,,,,,,,,,,,
15.45,36.4,Kassala,Sudan,,,,,,,,,,,,,,,
41.185,80.2904,Aksu,China,,,,,,,,,,,,,,,
26.1397,91.7925,Dispur,India,,,,,,,,,,,,,,,
0.3639,32.5286,Nansana,Uganda,,,,,,,,,,,,,,,
35.2342,128.8811,Kimhae,"Korea, South",,,,,,,,,,,,,,,
53.7667,87.1333,Novokuznetsk,Russia,,,,,,,,,,,,,,,
55.8167,37.9667,Balashikha,Russia,,,,,,,,,,,,,,,
31.8822,54.3397,Yazd,Iran,,,,,,,,,,,,,,,
38.2517,48.2975,Ardabīl,Iran,,,,,,,,,,,,,,,
14.8667,-15.8833,Touba,Senegal,,,,,,,,,,,,,,,
28.0167,73.3119,Bīkaner,India,,,,,,,,,,,,,,,
39.327,115.874,Gaobeidian,China,,,,,,,,,,,,,,,
14.6331,-90.6064,Mixco,Guatemala,,,,,,,,,,,,,,,
34.8167,134.6833,Himeji,Japan,,,,,,,,,,,,,,,
27.1961,56.2878,Bandar ‘Abbās,Iran,,,,,,,,,,,,,,,
49.4539,11.0775,Nuremberg,Germany,,,,,,,,,,,,,,,
37.9722,-122.0016,Concord,United States,,,,,,,,,,,,,,,
38.4942,43.38,Van,Turkey,,,,,,,,,,,,,,,
31.2625,32.3061,Port Said,Egypt,,,,,,,,,,,,,,,
35.6667,139.8167,Kōtō-ku,Japan,,,,,,,,,,,,,,,
25.7817,-100.1886,Ciudad Apodaca,Mexico,,,,,,,,,,,,,,,
43.4186,-80.4728,Kitchener,Canada,,,,,,,,,,,,,,,
4.5872,-74.2214,Soacha,Colombia,,,,,,,,,,,,,,,
38.35,27.1667,Buca,Turkey,,,,,,,,,,,,,,,
-33.5167,-70.7667,Maipú,Chile,,,,,,,,,,,,,,,
34.0914,49.6933,Arāk,Iran,,,,,,,,,,,,,,,
19.645,-99.1694,Tultitlán de Mariano Escobedo,Mexico,,,,,,,,,,,,,,,
54.63,39.7425,Ryazan,Russia,,,,,,,,,,,,,,,
33.895,-5.5547,Meknès,Morocco,,,,,,,,,,,,,,,
39.741,118.704,Luanzhou,China,,,,,,,,,,,,,,,
29.3,30.8333,Al Fayyūm,Egypt,,,,,,,,,,,,,,,
36.555,139.8825,Utsunomiya,Japan,,,,,,,,,,,,,,,
19.95,79.297,Chānda,India,,,,,,,,,,,,,,,
29.9667,32.5333,Suez,Egypt,,,,,,,,,,,,,,,
22.7667,112.95,Heshan,China,,,,,,,,,,,,,,,
28.75,77.28,Loni,India,,,,,,,,,,,,,,,
19.2431,110.4642,Jiaji,China,,,,,,,,,,,,,,,
49.8028,73.1056,Qaraghandy,Kazakhstan,,,,,,,,,,,,,,,
11.2419,-74.2053,Santa Marta,Colombia,,,,,,,,,,,,,,,
26.1204,32.0954,Abū Ţisht,Egypt,,,,,,,,,,,,,,,
0.033,-51.05,Macapá,Brazil,,,,,,,,,,,,,,,
-12.3833,16.9333,Cuito,Angola,,,,,,,,,,,,,,,
28.8231,30.899,Al Fashn,Egypt,,,,,,,,,,,,,,,
31.8333,47.15,Al ‘Amārah,Iraq,,,,,,,,,,,,,,,
18.5333,-72.4,Carrefour,Haiti,,,,,,,,,,,,,,,
-21.7523,-41.3304,Campos,Brazil,,,,,,,,,,,,,,,
6.1393,46.6241,Cadaado,Somalia,,,,,,,,,,,,,,,
42.5407,125.7107,Meihekou,China,,,,,,,,,,,,,,,
34.25,-6.5833,Kenitra,Morocco,,,,,,,,,,,,,,,
-27.7464,29.9328,Newcastle,South Africa,,,,,,,,,,,,,,,
33.4015,-111.7178,Mesa,United States,,,,,,,,,,,,,,,
25.4486,78.5696,Jhānsi,India,,,,,,,,,,,,,,,
33.8333,132.7667,Matsuyama,Japan,,,,,,,,,,,,,,,
19.22,73.15,Ulhāsnagar,India,,,,,,,,,,,,,,,
-21.1776,-47.8101,Ribeirão Prêto,Brazil,,,,,,,,,,,,,,,
36.0322,129.365,Pohang,"Korea, South",,,,,,,,,,,,,,,
51.4347,6.7625,Duisburg,Germany,,,,,,,,,,,,,,,
7.4833,4.5592,Ile-Ife,Nigeria,,,,,,,,,,,,,,,
37.6895,-97.3443,Wichita,United States,,,,,,,,,,,,,,,
23.2167,-106.4167,Mazatlán,Mexico,,,,,,,,,,,,,,,
-18.9189,-48.2769,Uberlândia,Brazil,,,,,,,,,,,,,,,
52.4453,30.9842,Homyel’,Belarus,,,,,,,,,,,,,,,
32.3436,62.1194,Farāh,Afghanistan,,,,,,,,,,,,,,,
-8.9983,13.265,Belas,Angola,,,,,,,,,,,,,,,
-8.9167,13.1833,Talatona,Angola,,,,,,,,,,,,,,,
49.11,125.13,Nenjiang,China,,,,,,,,,,,,,,,
8.8056,78.145,Tuticorin,India,,,,,,,,,,,,,,,
6.1833,6.7333,Asaba,Nigeria,,,,,,,,,,,,,,,
13.63,25.35,El Fasher,Sudan,,,,,,,,,,,,,,,
27.7061,68.8483,Sukkur,Pakistan,,,,,,,,,,,,,,,
6.7333,44.2667,K’ebrī Dehar,Ethiopia,,,,,,,,,,,,,,,
40.2752,-76.8843,Harrisburg,United States,,,,,,,,,,,,,,,
30.8956,119.411,Taozhou,China,,,,,,,,,,,,,,,
31.2667,113.6667,Anlu,China,,,,,,,,,,,,,,,
10.3127,123.9488,Lapu-Lapu City,Philippines,,,,,,,,,,,,,,,
35.7876,139.9032,Matsudo,Japan,,,,,,,,,,,,,,,
25.778,87.476,Purnea,India,,,,,,,,,,,,,,,
14.4297,120.9367,Imus,Philippines,,,,,,,,,,,,,,,
-22.8833,-43.1036,Niterói,Brazil,,,,,,,,,,,,,,,
52.6167,39.6,Lipetsk,Russia,,,,,,,,,,,,,,,
56.15,47.2333,Cheboksary,Russia,,,,,,,,,,,,,,,
40.5834,-74.1496,Staten Island,United States,,,,,,,,,,,,,,,
-10.9833,26.7333,Likasi,Congo (Kinshasa),,,,,,,,,,,,,,,
28.7361,118.625,Jiangshan,China,,,,,,,,,,,,,,,
26.2594,107.5186,Duyun,China,,,,,,,,,,,,,,,
31.8958,73.2761,Pindi Bhattian,Pakistan,,,,,,,,,,,,,,,
35.7219,139.9311,Ichikawa,Japan,,,,,,,,,,,,,,,
14.5269,-90.5875,Villa Nueva,Guatemala,,,,,,,,,,,,,,,
42.8193,93.5151,Kumul,China,,,,,,,,,,,,,,,
41.6638,-83.5827,Toledo,United States,,,,,,,,,,,,,,,
6.12,102.23,Kota Bharu,Malaysia,,,,,,,,,,,,,,,
34.6794,135.6008,Higashi-ōsaka,Japan,,,,,,,,,,,,,,,
27.5583,68.2111,Larkana,Pakistan,,,,,,,,,,,,,,,
40.6167,120.7333,Xingcheng,China,,,,,,,,,,,,,,,
25.4136,55.4456,‘Ajmān,United Arab Emirates,,,,,,,,,,,,,,,
19.55,-99.2833,Ciudad López Mateos,Mexico,,,,,,,,,,,,,,,
54.7003,20.4531,Kaliningrad,Russia,,,,,,,,,,,,,,,
53.2,45.0,Penza,Russia,,,,,,,,,,,,,,,
55.95,-3.1833,Edinburgh,United Kingdom,,,,,,,,,,,,,,,
36.934,116.638,Yucheng,China,,,,,,,,,,,,,,,
40.832,-72.9517,Brookhaven,United States,,,,,,,,,,,,,,,
42.2705,-71.8079,Worcester,United States,,,,,,,,,,,,,,,
34.7376,135.3416,Nishinomiya-hama,Japan,,,,,,,,,,,,,,,
45.5799,84.8892,Karamay,China,,,,,,,,,,,,,,,
34.6794,135.6008,Kawachichō,Japan,,,,,,,,,,,,,,,
28.0546,115.5462,Zhangshu,China,,,,,,,,,,,,,,,
32.7833,117.9667,Mingguang,China,,,,,,,,,,,,,,,
38.3486,38.3194,Malatya,Turkey,,,,,,,,,,,,,,,
8.4,48.4833,Garoowe,Somalia,,,,,,,,,,,,,,,
38.372,117.33,Huanghua,China,,,,,,,,,,,,,,,
22.1833,112.3,Encheng,China,,,,,,,,,,,,,,,
24.919,102.478,Lianran,China,,,,,,,,,,,,,,,
40.8872,29.19,Kartal,Turkey,,,,,,,,,,,,,,,
-15.5958,-56.0969,Cuiabá,Brazil,,,,,,,,,,,,,,,
26.5667,31.75,Akhmīm,Egypt,,,,,,,,,,,,,,,
32.0833,36.1,Az Zarqā’,Jordan,,,,,,,,,,,,,,,
20.55,74.55,Mālegaon,India,,,,,,,,,,,,,,,
47.4667,126.9667,Hailun,China,,,,,,,,,,,,,,,
35.8983,14.5125,Valletta,Malta,,,,,,,,,,,,,,,
-10.7167,25.4667,Kolwezi,Congo (Kinshasa),,,,,,,,,,,,,,,
22.47,70.07,Jāmnagar,India,,,,,,,,,,,,,,,
-1.3658,-48.3719,Ananindeua,Brazil,,,,,,,,,,,,,,,
10.4396,45.0143,Berbera,Somalia,,,,,,,,,,,,,,,
31.7194,72.9842,Chiniot,Pakistan,,,,,,,,,,,,,,,
-25.2945,-57.6435,Asunción,Paraguay,,,,,,,,,,,,,,,
35.3984,114.0649,Chengjiao,China,,,,,,,,,,,,,,,
21.12,73.12,Bārdoli,India,,,,,,,,,,,,,,,
48.1447,17.1128,Bratislava,Slovakia,,,,,,,,,,,,,,,
34.585,133.7722,Kurashiki,Japan,,,,,,,,,,,,,,,
33.2333,131.6067,Ōita,Japan,,,,,,,,,,,,,,,
27.0046,49.646,Al Jubayl,Saudi Arabia,,,,,,,,,,,,,,,
50.8147,-0.3714,Worthing,United Kingdom,,,,,,,,,,,,,,,
24.75,85.01,Gaya,India,,,,,,,,,,,,,,,
27.2796,-80.3884,Port St. Lucie,United States,,,,,,,,,,,,,,,
29.7209,112.4254,Xiulin,China,,,,,,,,,,,,,,,
31.7111,73.9878,Shekhupura,Pakistan,,,,,,,,,,,,,,,
-5.2,-80.6333,Piura,Peru,,,,,,,,,,,,,,,
-20.3364,-40.2936,Vila Velha,Brazil,,,,,,,,,,,,,,,
32.0178,36.0464,Ar Ruşayfah,Jordan,,,,,,,,,,,,,,,
58.6,49.6833,Kirov,Russia,,,,,,,,,,,,,,,
-6.8242,37.6633,Morogoro,Tanzania,,,,,,,,,,,,,,,
-31.5342,-68.5261,San Juan,Argentina,,,,,,,,,,,,,,,
46.975,31.995,Mykolaiv,Ukraine,,,,,,,,,,,,,,,
31.721,112.257,Yicheng,China,,,,,,,,,,,,,,,
40.45,124.0667,Fengcheng,China,,,,,,,,,,,,,,,
36.7,67.1167,Mazār-e Sharīf,Afghanistan,,,,,,,,,,,,,,,
36.0833,111.5167,Xiaoyi,China,,,,,,,,,,,,,,,
33.7447,44.6436,Ba‘qūbah,Iraq,,,,,,,,,,,,,,,
-26.3333,28.15,Katlehong,South Africa,,,,,,,,,,,,,,,
32.08,34.78,Tel Aviv-Yafo,Israel,,,,,,,,,,,,,,,
28.7412,118.6225,Jiangshandicun,China,,,,,,,,,,,,,,,
34.7256,-92.3577,Little Rock,United States,,,,,,,,,,,,,,,
26.5704,106.4687,Qingzhen,China,,,,,,,,,,,,,,,
-10.1702,123.6077,Kupang,Indonesia,,,,,,,,,,,,,,,
54.2,37.6167,Tula,Russia,,,,,,,,,,,,,,,
13.1143,80.1548,Ambattūr,India,,,,,,,,,,,,,,,
11.0508,106.7636,Tân Uyên,Vietnam,,,,,,,,,,,,,,,
46.35,48.035,Astrakhan,Russia,,,,,,,,,,,,,,,
27.5819,120.5489,Longjiang,China,,,,,,,,,,,,,,,
52.6361,-1.1331,Leicester,United Kingdom,,,,,,,,,,,,,,,
36.87,121.505,Rushan,China,,,,,,,,,,,,,,,
45.207,127.965,Shangzhi,China,,,,,,,,,,,,,,,
15.1472,120.5847,Angeles City,Philippines,,,,,,,,,,,,,,,
41.7156,82.9322,Kuqa,China,,,,,,,,,,,,,,,
36.5611,136.6564,Kanazawa,Japan,,,,,,,,,,,,,,,
1.4858,124.8347,Manado Light,Indonesia,,,,,,,,,,,,,,,
1.4931,124.8413,Manado,Indonesia,,,,,,,,,,,,,,,
42.546,124.038,Kaiyuan,China,,,,,,,,,,,,,,,
-38.0996,145.2834,Cranbourne,Australia,,,,,,,,,,,,,,,
21.004,75.568,Jalgaon,India,,,,,,,,,,,,,,,
43.0822,-89.393,Madison,United States,,,,,,,,,,,,,,,
24.55,79.3527,Chhatarpur,India,,,,,,,,,,,,,,,
34.4858,133.3622,Fukuyama,Japan,,,,,,,,,,,,,,,
4.83,31.58,Juba,South Sudan,,,,,,,,,,,,,,,
-34.7,-58.4,Lanús,Argentina,,,,,,,,,,,,,,,
47.6671,-117.433,Spokane,United States,,,,,,,,,,,,,,,
13.5789,44.0219,Ta‘izz,Yemen,,,,,,,,,,,,,,,
33.7977,-118.167,Long Beach,United States,,,,,,,,,,,,,,,
-5.0386,18.8181,Kikwit,Congo (Kinshasa),,,,,,,,,,,,,,,
36.9922,127.1128,Pyeongtaek,"Korea, South",,,,,,,,,,,,,,,
14.65,121.1,Marikina City,Philippines,,,,,,,,,,,,,,,
41.0719,28.9664,Kâğıthane,Turkey,,,,,,,,,,,,,,,
34.7333,135.4,Amagasaki,Japan,,,,,,,,,,,,,,,
2.2064,102.2465,Melaka,Malaysia,,,,,,,,,,,,,,,
33.2175,-97.1418,Denton,United States,,,,,,,,,,,,,,,
25.7933,-100.1583,Ciudad General Escobedo,Mexico,,,,,,,,,,,,,,,
39.5497,-119.8483,Reno,United States,,,,,,,,,,,,,,,
5.0675,-75.51,Manizales,Colombia,,,,,,,,,,,,,,,
38.4697,27.2211,Bornova,Turkey,,,,,,,,,,,,,,,
10.2,-64.6333,Puerto La Cruz,Venezuela,,,,,,,,,,,,,,,
-3.8375,32.6,Kahama,Tanzania,,,,,,,,,,,,,,,
24.8167,120.9833,Hsinchu,Taiwan,,,,,,,,,,,,,,,
35.798,112.924,Gaoping,China,,,,,,,,,,,,,,,
37.887,41.132,Batman,Turkey,,,,,,,,,,,,,,,
37.887,41.132,Demiryol,Turkey,,,,,,,,,,,,,,,
37.887,41.132,Erköklü,Turkey,,,,,,,,,,,,,,,
40.9792,28.7214,Avcılar,Turkey,,,,,,,,,,,,,,,
5.98,116.11,Kota Kinabalu,Malaysia,,,,,,,,,,,,,,,
35.7333,139.85,Katsushika-ku,Japan,,,,,,,,,,,,,,,
-23.5228,-46.1931,Mogi das Cruzes,Brazil,,,,,,,,,,,,,,,
45.05,41.9833,Stavropol,Russia,,,,,,,,,,,,,,,
14.38,120.88,General Trias,Philippines,,,,,,,,,,,,,,,
6.9667,45.35,Warder,Ethiopia,,,,,,,,,,,,,,,
24.45,89.7167,Sirājganj,Bangladesh,,,,,,,,,,,,,,,
20.372,72.917,Wāpi,India,,,,,,,,,,,,,,,
21.2667,106.2,Bắc Giang,Vietnam,,,,,,,,,,,,,,,
43.6005,-116.2308,Boise,United States,,,,,,,,,,,,,,,
47.3744,8.5411,Zürich,Switzerland,,,,,,,,,,,,,,,
36.35,6.6,Constantine,Algeria,,,,,,,,,,,,,,,
20.42,106.1683,Nam Định,Vietnam,,,,,,,,,,,,,,,
35.5386,51.2228,Eslāmshahr,Iran,,,,,,,,,,,,,,,
24.3667,88.6,Rājshāhi,Bangladesh,,,,,,,,,,,,,,,
37.943,23.6469,Piraeus,Greece,,,,,,,,,,,,,,,
-5.8167,13.4833,Matadi,Congo (Kinshasa),,,,,,,,,,,,,,,
-24.31,29.27,Zebediela,South Africa,,,,,,,,,,,,,,,
24.8806,67.1625,Shah Latif Town,Pakistan,,,,,,,,,,,,,,,
35.088,112.951,Tanbei,China,,,,,,,,,,,,,,,
7.6211,5.2214,Ado-Ekiti,Nigeria,,,,,,,,,,,,,,,
26.3558,-81.7859,Bonita Springs,United States,,,,,,,,,,,,,,,
41.0339,28.8903,Esenler,Turkey,,,,,,,,,,,,,,,
43.5853,39.7203,Sochi,Russia,,,,,,,,,,,,,,,
20.0217,-75.8294,Santiago de Cuba,Cuba,,,,,,,,,,,,,,,
14.72,121.12,Rodriguez,Philippines,,,,,,,,,,,,,,,
23.2244,91.3731,Chauddagram,Bangladesh,,,,,,,,,,,,,,,
25.75,-100.2833,San Nicolás de los Garza,Mexico,,,,,,,,,,,,,,,
24.9913,121.3143,Taoyuan District,Taiwan,,,,,,,,,,,,,,,
28.3041,-81.4169,Kissimmee,United States,,,,,,,,,,,,,,,
29.4896,119.337,Baisha,China,,,,,,,,,,,,,,,
-4.4089,15.3775,Ndjili,Congo (Kinshasa),,,,,,,,,,,,,,,
30.631,116.581,Meicheng,China,,,,,,,,,,,,,,,
-8.565,116.351,Lembok,Indonesia,,,,,,,,,,,,,,,
9.4578,-5.6294,Korhogo,Côte d’Ivoire,,,,,,,,,,,,,,,
14.5439,120.995,Pasay City,Philippines,,,,,,,,,,,,,,,
41.801,120.771,Beipiao,China,,,,,,,,,,,,,,,
31.3333,104.2,Jiannan,China,,,,,,,,,,,,,,,
44.6475,-63.5906,Halifax,Canada,,,,,,,,,,,,,,,
35.35,139.4667,Fujisawa,Japan,,,,,,,,,,,,,,,
33.3645,-82.0708,Augusta,United States,,,,,,,,,,,,,,,
51.8333,107.6,Ulan-Ude,Russia,,,,,,,,,,,,,,,
42.1155,-72.5395,Springfield,United States,,,,,,,,,,,,,,,
45.5833,-73.75,Laval,Canada,,,,,,,,,,,,,,,
37.7904,-122.2166,Oakland,United States,,,,,,,,,,,,,,,
38.5214,102.188,Jinchang,China,,,,,,,,,,,,,,,
39.4167,125.9333,Sunch’ŏn,"Korea, North",,,,,,,,,,,,,,,
48.4833,124.8833,Nehe,China,,,,,,,,,,,,,,,
51.7167,36.1833,Kursk,Russia,,,,,,,,,,,,,,,
16.853,74.583,Sāngli,India,,,,,,,,,,,,,,,
-12.35,13.5464,Lobito,Angola,,,,,,,,,,,,,,,
33.513,126.523,Jeju,"Korea, South",,,,,,,,,,,,,,,
37.3056,120.829,Zhuangyuan,China,,,,,,,,,,,,,,,
14.4666,75.9242,Davangere,India,,,,,,,,,,,,,,,
27.0333,118.3167,Jian’ou,China,,,,,,,,,,,,,,,
35.5542,139.4431,Machida,Japan,,,,,,,,,,,,,,,
36.1029,-80.261,Winston-Salem,United States,,,,,,,,,,,,,,,
26.0442,68.9536,Sanghar,Pakistan,,,,,,,,,,,,,,,
29.4768,113.4504,Chang’an,China,,,,,,,,,,,,,,,
26.6998,31.6046,Al Marāghah,Egypt,,,,,,,,,,,,,,,
36.8549,114.5033,Shahe,China,,,,,,,,,,,,,,,
11.2588,75.7804,Calicut,India,,,,,,,,,,,,,,,
-22.57,17.0836,Windhoek,Namibia,,,,,,,,,,,,,,,
-26.3039,-48.8458,Joinvile,Brazil,,,,,,,,,,,,,,,
30.5833,32.2667,Ismailia,Egypt,,,,,,,,,,,,,,,
-13.525,-71.9722,Cusco,Peru,,,,,,,,,,,,,,,
35.8676,139.9758,Kashiwa,Japan,,,,,,,,,,,,,,,
30.4305,31.0368,Al Bājūr,Egypt,,,,,,,,,,,,,,,
44.0144,87.2674,Yan’an Beilu,China,,,,,,,,,,,,,,,
26.65,84.9167,Mothīhāri,India,,,,,,,,,,,,,,,
40.8228,140.7469,Aomori,Japan,,,,,,,,,,,,,,,
21.5083,-104.8931,Tepic,Mexico,,,,,,,,,,,,,,,
20.7,77.0,Akola,India,,,,,,,,,,,,,,,
14.58,121.03,Mandaluyong City,Philippines,,,,,,,,,,,,,,,
41.3703,-8.4101,Aves,Portugal,,,,,,,,,,,,,,,
37.3799,126.8029,Sihŭng,"Korea, South",,,,,,,,,,,,,,,
9.5221,45.5336,Burco,Somalia,,,,,,,,,,,,,,,
56.8625,35.9242,Tver,Russia,,,,,,,,,,,,,,,
3.8772,-77.0267,Buenaventura,Colombia,,,,,,,,,,,,,,,
42.9836,-81.2497,London,Canada,,,,,,,,,,,,,,,
-22.7252,-47.6493,Piracicaba,Brazil,,,,,,,,,,,,,,,
35.5667,-5.3667,Tétouan,Morocco,,,,,,,,,,,,,,,
-7.8014,110.3644,Yogyakarta,Indonesia,,,,,,,,,,,,,,,
8.1219,-63.55,Ciudad Bolívar,Venezuela,,,,,,,,,,,,,,,
41.6,121.8,Beining,China,,,,,,,,,,,,,,,
35.0824,137.1563,Toyota,Japan,,,,,,,,,,,,,,,
6.89,-6.45,Daloa,Côte d’Ivoire,,,,,,,,,,,,,,,
37.7486,127.0389,Uijeongbu,"Korea, South",,,,,,,,,,,,,,,
16.8906,97.6333,Hpa-An,Burma,,,,,,,,,,,,,,,
32.359,111.684,Laohekou,China,,,,,,,,,,,,,,,
28.42,70.3,Rahimyar Khan,Pakistan,,,,,,,,,,,,,,,
5.8,8.0833,Ugep,Nigeria,,,,,,,,,,,,,,,
21.6,105.85,Thái Nguyên,Vietnam,,,,,,,,,,,,,,,
2.7105,101.94,Seremban,Malaysia,,,,,,,,,,,,,,,
37.95,40.1667,Kayapınar,Turkey,,,,,,,,,,,,,,,
-7.2306,-35.8811,Campina Grande,Brazil,,,,,,,,,,,,,,,
23.3667,103.15,Xicheng,China,,,,,,,,,,,,,,,
22.3282,114.1916,Kowloon City,Hong Kong,,,,,,,,,,,,,,,
-23.9608,-46.3339,Santos,Brazil,,,,,,,,,,,,,,,
41.3272,19.8186,Tirana,Albania,,,,,,,,,,,,,,,
23.9,89.12,Kushtia,Bangladesh,,,,,,,,,,,,,,,
13.1833,30.2167,El Obeid,Sudan,,,,,,,,,,,,,,,
-23.6678,-46.4608,Mauá,Brazil,,,,,,,,,,,,,,,
25.435,105.1862,Xingren,China,,,,,,,,,,,,,,,
34.35,134.05,Takamatsu,Japan,,,,,,,,,,,,,,,
37.9765,-121.3109,Stockton,United States,,,,,,,,,,,,,,,
30.77,20.22,Ajdābiyā,Libya,,,,,,,,,,,,,,,
-12.0522,-77.1392,Callao,Peru,,,,,,,,,,,,,,,
30.1222,31.1333,Awsīm,Egypt,,,,,,,,,,,,,,,
35.6,139.7333,Shinagawa-ku,Japan,,,,,,,,,,,,,,,
37.8667,126.8,Paju,"Korea, South",,,,,,,,,,,,,,,
41.0011,28.6419,Beylikdüzü,Turkey,,,,,,,,,,,,,,,
21.3,105.4333,Việt Trì,Vietnam,,,,,,,,,,,,,,,
14.32,121.12,Santa Rosa,Philippines,,,,,,,,,,,,,,,
31.476,92.051,Nagqu,China,,,,,,,,,,,,,,,
26.8014,84.5028,Bettiah,India,,,,,,,,,,,,,,,
31.2694,72.3161,Jhang City,Pakistan,,,,,,,,,,,,,,,
47.25,132.0333,Fujin,China,,,,,,,,,,,,,,,
39.9636,32.9033,Altındağ,Turkey,,,,,,,,,,,,,,,
38.731,112.711,Yuanping,China,,,,,,,,,,,,,,,
30.6798,30.9436,Talā,Egypt,,,,,,,,,,,,,,,
31.0592,31.3767,Ţalkhā,Egypt,,,,,,,,,,,,,,,
2.82,-60.6719,Boa Vista,Brazil,,,,,,,,,,,,,,,
13.4581,-16.5786,Banjul,"Gambia, The",,,,,,,,,,,,,,,
-2.533,140.717,Jayapura,Indonesia,,,,,,,,,,,,,,,
36.6959,137.2137,Toyama,Japan,,,,,,,,,,,,,,,
35.3114,46.9961,Sanandaj,Iran,,,,,,,,,,,,,,,
16.4333,102.8333,Khon Kaen,Thailand,,,,,,,,,,,,,,,
41.1667,121.35,Linghai,China,,,,,,,,,,,,,,,
16.52,76.76,Shorāpur,India,,,,,,,,,,,,,,,
5.2972,-3.9675,Koumassi,Côte d’Ivoire,,,,,,,,,,,,,,,
35.9792,-78.9022,Durham,United States,,,,,,,,,,,,,,,
8.7136,77.7567,Tinnevelly,India,,,,,,,,,,,,,,,
1.2078,-77.2772,Pasto,Colombia,,,,,,,,,,,,,,,
35.066,-85.2481,Chattanooga,United States,,,,,,,,,,,,,,,
15.1,76.9167,Bellary,India,,,,,,,,,,,,,,,
25.25,87.0,Bhāgalpur,India,,,,,,,,,,,,,,,
32.5401,111.5131,Danjiangkou,China,,,,,,,,,,,,,,,
-0.1,34.75,Kisumu,Kenya,,,,,,,,,,,,,,,
40.5944,115.0243,Zhangjiakou Shi Xuanhua Qu,China,,,,,,,,,,,,,,,
-23.425,-51.9389,Maringá,Brazil,,,,,,,,,,,,,,,
9.2972,76.65,Manampizha,India,,,,,,,,,,,,,,,
38.7333,35.4833,Kocasinan,Turkey,,,,,,,,,,,,,,,
-8.5833,116.1167,Mataram,Indonesia,,,,,,,,,,,,,,,
53.3833,59.0333,Magnitogorsk,Russia,,,,,,,,,,,,,,,
34.8354,-82.3646,Greenville,United States,,,,,,,,,,,,,,,
30.426,111.761,Zhijiang,China,,,,,,,,,,,,,,,
40.042,-76.3012,Lancaster,United States,,,,,,,,,,,,,,,
37.2616,111.7699,Fenyang,China,,,,,,,,,,,,,,,
43.0407,-76.1437,Syracuse,United States,,,,,,,,,,,,,,,
14.33,121.08,Biñan,Philippines,,,,,,,,,,,,,,,
7.2,38.6,Shashemenē,Ethiopia,,,,,,,,,,,,,,,
31.127,104.167,Fangting,China,,,,,,,,,,,,,,,
44.4059,126.9655,Shulan,China,,,,,,,,,,,,,,,
31.9833,107.9667,Wanyuan,China,,,,,,,,,,,,,,,
37.027,111.917,Jiexiu,China,,,,,,,,,,,,,,,
7.0167,100.4667,Hat Yai,Thailand,,,,,,,,,,,,,,,
37.9167,40.1833,Bağlar,Turkey,,,,,,,,,,,,,,,
22.3307,114.1622,Sham Shui Po,Hong Kong,,,,,,,,,,,,,,,
-31.6333,-60.7,Santa Fe,Argentina,,,,,,,,,,,,,,,
28.6,77.1333,Delhi Cantonment,India,,,,,,,,,,,,,,,
10.4564,-64.1675,Cumaná,Venezuela,,,,,,,,,,,,,,,
36.0714,-94.1661,Fayetteville,United States,,,,,,,,,,,,,,,
23.3683,91.0484,Barura,Bangladesh,,,,,,,,,,,,,,,
36.1195,128.3444,Kumi,"Korea, South",,,,,,,,,,,,,,,
32.7447,129.8736,Nagasaki,Japan,,,,,,,,,,,,,,,
14.8022,42.9511,Al Ḩudaydah,Yemen,,,,,,,,,,,,,,,
29.676,115.681,Pencheng,China,,,,,,,,,,,,,,,
22.61,88.4,Salt Lake City,India,,,,,,,,,,,,,,,
36.2886,50.0069,Qazvīn,Iran,,,,,,,,,,,,,,,
24.18,78.2,Etāwa,India,,,,,,,,,,,,,,,
28.99,77.022,Sonīpat,India,,,,,,,,,,,,,,,
-23.1864,-46.8842,Jundiaí,Brazil,,,,,,,,,,,,,,,
30.4413,-87.1911,Pensacola,United States,,,,,,,,,,,,,,,
49.1925,16.6083,Brno,Czechia,,,,,,,,,,,,,,,
49.9833,82.6167,Öskemen,Kazakhstan,,,,,,,,,,,,,,,
35.4232,136.7608,Gifu,Japan,,,,,,,,,,,,,,,
8.75,-75.8833,Montería,Colombia,,,,,,,,,,,,,,,
20.8167,92.3667,Maungdaw,Burma,,,,,,,,,,,,,,,
8.8333,3.75,Igboho,Nigeria,,,,,,,,,,,,,,,
36.9928,35.3764,Yüreğir,Turkey,,,,,,,,,,,,,,,
41.0184,118.702,Pingquan,China,,,,,,,,,,,,,,,
34.7833,135.4667,Toyonaka,Japan,,,,,,,,,,,,,,,
30.0331,70.64,Dera Ghazi Khan,Pakistan,,,,,,,,,,,,,,,
36.2025,36.1606,Hatay,Turkey,,,,,,,,,,,,,,,
48.5678,39.3031,Luhansk,Ukraine,,,,,,,,,,,,,,,
31.9078,131.4203,Miyazaki,Japan,,,,,,,,,,,,,,,
30.821,111.789,Dangyang,China,,,,,,,,,,,,,,,
8.8932,76.6141,Quilon,India,,,,,,,,,,,,,,,
9.0,76.6167,Mulangodi,India,,,,,,,,,,,,,,,
9.0,76.6167,Munro Turuttu,India,,,,,,,,,,,,,,,
8.6333,-70.2,Barinas,Venezuela,,,,,,,,,,,,,,,
37.3667,127.2833,Gwangju,"Korea, South",,,,,,,,,,,,,,,
37.359,115.409,Nangong,China,,,,,,,,,,,,,,,
34.8167,135.65,Hirakata,Japan,,,,,,,,,,,,,,,
5.843,118.108,Sandakan,Malaysia,,,,,,,,,,,,,,,
53.4325,14.5481,Szczecin,Poland,,,,,,,,,,,,,,,
61.25,73.4333,Surgut,Russia,,,,,,,,,,,,,,,
34.867,110.448,Yongji,China,,,,,,,,,,,,,,,
32.6998,-97.125,Arlington,United States,,,,,,,,,,,,,,,
10.9601,78.0766,Karūr,India,,,,,,,,,,,,,,,
-16.8667,46.95,Betsiboka,Madagascar,,,,,,,,,,,,,,,
6.8208,3.9208,Ijebu-Ode,Nigeria,,,,,,,,,,,,,,,
29.35,47.6833,Al Jahrā’,Kuwait,,,,,,,,,,,,,,,
-5.0742,39.0992,Tanga,Tanzania,,,,,,,,,,,,,,,
-23.6858,-46.6228,Diadema,Brazil,,,,,,,,,,,,,,,
-9.65,20.4,Saurimo,Angola,,,,,,,,,,,,,,,
19.841,75.8864,Jālna,India,,,,,,,,,,,,,,,
9.23,12.46,Yola,Nigeria,,,,,,,,,,,,,,,
28.1358,121.2264,Zhugang,China,,,,,,,,,,,,,,,
35.596,110.712,Hejin,China,,,,,,,,,,,,,,,
43.3667,128.2333,Dunhua,China,,,,,,,,,,,,,,,
24.25,89.92,Tāngāil,Bangladesh,,,,,,,,,,,,,,,
-34.0403,18.6778,Khayelitsha,South Africa,,,,,,,,,,,,,,,
31.9892,44.9247,Ad Dīwānīyah,Iraq,,,,,,,,,,,,,,,
4.7704,-6.64,San-Pédro,Côte d’Ivoire,,,,,,,,,,,,,,,
32.5739,74.0789,Gujrat,Pakistan,,,,,,,,,,,,,,,
26.6333,102.25,Huili Chengguanzhen,China,,,,,,,,,,,,,,,
35.0,16.0,Yokosuka,Japan,,,,,,,,,,,,,,,
39.7083,-104.7237,Aurora,United States,,,,,,,,,,,,,,,
27.1869,31.1714,Asyūţ,Egypt,,,,,,,,,,,,,,,
11.0861,13.6914,Gwoza,Nigeria,,,,,,,,,,,,,,,
14.6031,121.0022,Sampaloc,Philippines,,,,,,,,,,,,,,,
8.6667,3.4,Saki,Nigeria,,,,,,,,,,,,,,,
50.2836,57.2297,Aqtöbe,Kazakhstan,,,,,,,,,,,,,,,
-6.0027,106.0112,Cilegon,Indonesia,,,,,,,,,,,,,,,
-5.1069,30.3839,Uvinza,Tanzania,,,,,,,,,,,,,,,
28.4337,45.9601,Ḩafr al Bāţin,Saudi Arabia,,,,,,,,,,,,,,,
38.6744,39.2228,Elazığ,Turkey,,,,,,,,,,,,,,,
36.6864,48.4953,Zanjān,Iran,,,,,,,,,,,,,,,
25.7583,84.1489,Bairia,India,,,,,,,,,,,,,,,
7.8417,3.9306,Oyo,Nigeria,,,,,,,,,,,,,,,
14.5692,121.1325,Taytay,Philippines,,,,,,,,,,,,,,,
-4.4094,15.3425,Kisenzi,Congo (Kinshasa),,,,,,,,,,,,,,,
22.87,88.41,Bhātpāra,India,,,,,,,,,,,,,,,
38.7974,-9.3904,Sintra,Portugal,,,,,,,,,,,,,,,
38.6144,27.4292,Manisa,Turkey,,,,,,,,,,,,,,,
18.83,74.38,Sirūr,India,,,,,,,,,,,,,,,
15.4869,120.59,Tarlac City,Philippines,,,,,,,,,,,,,,,
34.9543,137.1744,Okazaki,Japan,,,,,,,,,,,,,,,
3.2072,45.7593,Ceel Baraf,Somalia,,,,,,,,,,,,,,,
27.5036,120.3975,Lingxi,China,,,,,,,,,,,,,,,
7.6167,4.7167,Ilesa,Nigeria,,,,,,,,,,,,,,,
16.9661,82.255,Kākināda,India,,,,,,,,,,,,,,,
23.8482,90.2577,Savar,Bangladesh,,,,,,,,,,,,,,,
27.4861,-99.5069,Nuevo Laredo,Mexico,,,,,,,,,,,,,,,
25.1333,113.3333,Lecheng,China,,,,,,,,,,,,,,,
23.5777,58.3998,Bawshar,Oman,,,,,,,,,,,,,,,
-43.5311,172.6361,Christchurch,New Zealand,,,,,,,,,,,,,,,
12.15,6.6667,Gusau,Nigeria,,,,,,,,,,,,,,,
35.4667,110.4333,Hancheng,China,,,,,,,,,,,,,,,
29.238,91.771,Zêtang,China,,,,,,,,,,,,,,,
13.445,-16.675,Serekunda,"Gambia, The",,,,,,,,,,,,,,,
13.4475,-16.6725,Kanifing,"Gambia, The",,,,,,,,,,,,,,,
-35.2931,149.1269,Canberra,Australia,,,,,,,,,,,,,,,
34.7594,135.5169,Minamisuita,Japan,,,,,,,,,,,,,,,
14.66,120.96,Malabon,Philippines,,,,,,,,,,,,,,,
2.9345,-75.2809,Neiva,Colombia,,,,,,,,,,,,,,,
18.3333,105.9,Hà Tĩnh,Vietnam,,,,,,,,,,,,,,,
-12.0667,-75.2167,Huancayo,Peru,,,,,,,,,,,,,,,
35.3039,136.8031,Ichinomiya,Japan,,,,,,,,,,,,,,,
-3.75,-73.25,Iquitos,Peru,,,,,,,,,,,,,,,
22.69,88.37,Pānihāti,India,,,,,,,,,,,,,,,
24.781,112.377,Lianzhou,China,,,,,,,,,,,,,,,
14.57,121.12,Cainta,Philippines,,,,,,,,,,,,,,,
30.6267,118.9861,Helixi,China,,,,,,,,,,,,,,,
29.9361,30.9269,Madīnat as Sādis min Uktūbar,Egypt,,,,,,,,,,,,,,,
10.3833,-12.0833,Mamou,Guinea,,,,,,,,,,,,,,,
41.4044,-75.6649,Scranton,United States,,,,,,,,,,,,,,,
-23.4864,-46.3486,Itaquaquecetuba,Brazil,,,,,,,,,,,,,,,
31.5167,74.3833,Cantonment,Pakistan,,,,,,,,,,,,,,,
28.8909,76.5796,Rohtak,India,,,,,,,,,,,,,,,
30.5167,75.8833,Māler Kotla,India,,,,,,,,,,,,,,,
31.5661,72.6461,Bhawana,Pakistan,,,,,,,,,,,,,,,
34.1964,-119.1815,Oxnard,United States,,,,,,,,,,,,,,,
53.2425,34.3667,Bryansk,Russia,,,,,,,,,,,,,,,
13.9411,121.1622,Lipa City,Philippines,,,,,,,,,,,,,,,
8.948,125.543,Butuan,Philippines,,,,,,,,,,,,,,,
31.089,31.5948,Dikirnis,Egypt,,,,,,,,,,,,,,,
36.3219,139.0033,Takasaki,Japan,,,,,,,,,,,,,,,
-3.6967,128.1783,Ambon,Indonesia,,,,,,,,,,,,,,,
33.7346,-116.2346,Indio,United States,,,,,,,,,,,,,,,
32.5531,73.2067,Malakwal,Pakistan,,,,,,,,,,,,,,,
34.7692,137.3915,Toyohashi,Japan,,,,,,,,,,,,,,,
-17.9939,31.0481,Chitungwiza,Zimbabwe,,,,,,,,,,,,,,,
42.95,126.0667,Panshi,China,,,,,,,,,,,,,,,
30.3892,47.7081,Az Zubayr,Iraq,,,,,,,,,,,,,,,
27.6833,84.4333,Bharatpur,Nepal,,,,,,,,,,,,,,,
10.4833,-66.8167,Petare,Venezuela,,,,,,,,,,,,,,,
34.2012,72.0258,Mardan,Pakistan,,,,,,,,,,,,,,,
36.6486,138.1947,Nagano,Japan,,,,,,,,,,,,,,,
-22.3147,-49.0606,Bauru,Brazil,,,,,,,,,,,,,,,
-33.5333,-70.5833,La Florida,Chile,,,,,,,,,,,,,,,
19.5833,-99.3667,Nicolás Romero,Mexico,,,,,,,,,,,,,,,
25.1475,101.9764,Jinshan,China,,,,,,,,,,,,,,,
51.4819,7.2158,Bochum,Germany,,,,,,,,,,,,,,,
16.4119,120.5933,Baguio City,Philippines,,,,,,,,,,,,,,,
-6.485,106.842,Cibinong,Indonesia,,,,,,,,,,,,,,,
39.75,37.0167,Sivas,Turkey,,,,,,,,,,,,,,,
22.35,82.68,Kolga,India,,,,,,,,,,,,,,,
22.3458,82.6963,Korba,India,,,,,,,,,,,,,,,
9.5004,49.166,Qardho,Somalia,,,,,,,,,,,,,,,
-9.9781,-67.8117,Rio Branco,Brazil,,,,,,,,,,,,,,,
19.7131,-98.9683,Tecámac,Mexico,,,,,,,,,,,,,,,
36.55,32.0,Alanya,Turkey,,,,,,,,,,,,,,,
10.33,123.93,Mandaue City,Philippines,,,,,,,,,,,,,,,
34.5277,-117.3536,Victorville,United States,,,,,,,,,,,,,,,
40.7625,29.9175,Kocaeli,Turkey,,,,,,,,,,,,,,,
48.4283,-123.3647,Victoria,Canada,,,,,,,,,,,,,,,
39.1475,127.4461,Wŏnsan,"Korea, North",,,,,,,,,,,,,,,
8.23,124.25,Iligan,Philippines,,,,,,,,,,,,,,,
38.418,115.327,Anguo,China,,,,,,,,,,,,,,,
52.4081,-1.5106,Coventry,United Kingdom,,,,,,,,,,,,,,,
40.2237,-74.7641,Trenton,United States,,,,,,,,,,,,,,,
25.1333,121.7333,Keelung,Taiwan,,,,,,,,,,,,,,,
-2.8714,32.2294,Geita,Tanzania,,,,,,,,,,,,,,,
56.9967,40.9819,Ivanovo,Russia,,,,,,,,,,,,,,,
-2.8974,-79.0045,Cuenca,Ecuador,,,,,,,,,,,,,,,
51.4817,-3.1792,Caerdydd,United Kingdom,,,,,,,,,,,,,,,
-26.9189,-49.0658,Blumenau,Brazil,,,,,,,,,,,,,,,
30.9167,121.4547,Nanqiao,China,,,,,,,,,,,,,,,
53.6667,23.8333,Hrodna,Belarus,,,,,,,,,,,,,,,
2.7837,44.0833,Buurhakaba,Somalia,,,,,,,,,,,,,,,
-3.7956,102.2592,Bengkulu,Indonesia,,,,,,,,,,,,,,,
-29.1678,-51.1789,Caxias do Sul,Brazil,,,,,,,,,,,,,,,
55.5833,13.0333,Malmö,Sweden,,,,,,,,,,,,,,,
30.3746,106.7903,Shuanghe,China,,,,,,,,,,,,,,,
18.5098,-72.2856,Pétion-Ville,Haiti,,,,,,,,,,,,,,,
41.4333,123.3333,Dengtacun,China,,,,,,,,,,,,,,,
34.6981,-86.6412,Huntsville,United States,,,,,,,,,,,,,,,
52.0908,5.1217,Utrecht,Netherlands,,,,,,,,,,,,,,,
-0.895,119.8594,Palu,Indonesia,,,,,,,,,,,,,,,
27.62,75.15,Sīkar,India,,,,,,,,,,,,,,,
51.2667,7.1833,Wuppertal,Germany,,,,,,,,,,,,,,,
3.5833,-76.25,Palmira,Colombia,,,,,,,,,,,,,,,
38.3453,-0.4831,Alicante,Spain,,,,,,,,,,,,,,,
-20.82,-49.3789,São José do Rio Prêto,Brazil,,,,,,,,,,,,,,,
30.5968,30.8993,Ash Shuhadā’,Egypt,,,,,,,,,,,,,,,
7.0833,4.8333,Ondo,Nigeria,,,,,,,,,,,,,,,
55.1917,30.2056,Vitsyebsk,Belarus,,,,,,,,,,,,,,,
24.95,84.03,Sasarām,India,,,,,,,,,,,,,,,
40.9683,29.2617,Sultanbeyli,Turkey,,,,,,,,,,,,,,,
32.8341,109.3653,Xunyang,China,,,,,,,,,,,,,,,
42.9,71.3667,Taraz,Kazakhstan,,,,,,,,,,,,,,,
-13.0333,14.25,Cubal,Angola,,,,,,,,,,,,,,,
46.424,125.352,Anda,China,,,,,,,,,,,,,,,
-11.7918,19.9062,Luena,Angola,,,,,,,,,,,,,,,
29.686,76.989,Karnāl,India,,,,,,,,,,,,,,,
19.4456,-72.6883,Gonaïves,Haiti,,,,,,,,,,,,,,,
49.2333,28.4833,Vinnytsia,Ukraine,,,,,,,,,,,,,,,
17.9833,-94.55,Minatitlán,Mexico,,,,,,,,,,,,,,,
35.6047,103.2422,Linxia Chengguanzhen,China,,,,,,,,,,,,,,,
19.315,84.7941,Brahmapur,India,,,,,,,,,,,,,,,
37.6375,-121.0028,Modesto,United States,,,,,,,,,,,,,,,
-3.7328,-38.6558,Caucaia,Brazil,,,,,,,,,,,,,,,
14.275,121.125,Cabuyao,Philippines,,,,,,,,,,,,,,,
14.0333,35.3833,Gedaref,Sudan,,,,,,,,,,,,,,,
15.03,120.68,San Fernando,Philippines,,,,,,,,,,,,,,,
35.9251,139.4858,Kawagoe,Japan,,,,,,,,,,,,,,,
28.2097,83.9853,Pokhara,Nepal,,,,,,,,,,,,,,,
34.2333,135.1667,Wakayama,Japan,,,,,,,,,,,,,,,
53.9167,30.35,Mahilyow,Belarus,,,,,,,,,,,,,,,
40.5333,72.7833,Osh,Kyrgyzstan,,,,,,,,,,,,,,,
35.75,139.7333,Kita-ku,Japan,,,,,,,,,,,,,,,
37.7,126.6,Gimpo,"Korea, South",,,,,,,,,,,,,,,
-27.4833,-58.8167,Corrientes,Argentina,,,,,,,,,,,,,,,
27.0683,68.6023,Thari Mir Wah,Pakistan,,,,,,,,,,,,,,,
34.6844,135.805,Nara,Japan,,,,,,,,,,,,,,,
56.1286,40.4058,Vladimir,Russia,,,,,,,,,,,,,,,
40.1,124.4,Sinŭiju,"Korea, North",,,,,,,,,,,,,,,
-17.9667,-67.1167,Oruro,Bolivia,,,,,,,,,,,,,,,
64.5431,40.5375,Arkhangelsk,Russia,,,,,,,,,,,,,,,
13.83,121.0,Batangas,Philippines,,,,,,,,,,,,,,,
19.08,74.73,Ahmadnagar,India,,,,,,,,,,,,,,,
43.2114,27.9111,Varna,Bulgaria,,,,,,,,,,,,,,,
36.9165,34.8951,Tarsus,Turkey,,,,,,,,,,,,,,,
41.1669,29.0572,Sarıyer,Turkey,,,,,,,,,,,,,,,
50.4333,80.2667,Semey,Kazakhstan,,,,,,,,,,,,,,,
20.8872,-76.2631,Holguín,Cuba,,,,,,,,,,,,,,,
23.8915,90.4023,Tungi,Bangladesh,,,,,,,,,,,,,,,
5.9527,43.5516,Godē,Ethiopia,,,,,,,,,,,,,,,
36.6532,44.5441,Sawrān,Iraq,,,,,,,,,,,,,,,
13.917,109.083,An Nhơn,Vietnam,,,,,,,,,,,,,,,
-8.0089,-34.855,Olinda,Brazil,,,,,,,,,,,,,,,
-24.0058,-46.4028,Praia Grande,Brazil,,,,,,,,,,,,,,,
35.7014,139.7097,Shinjuku,Japan,,,,,,,,,,,,,,,
-23.65,-70.4,Antofagasta,Chile,,,,,,,,,,,,,,,
37.8364,32.4383,Meram,Turkey,,,,,,,,,,,,,,,
-24.9558,-53.4553,Cascavel,Brazil,,,,,,,,,,,,,,,
37.9167,29.1167,Pamukkale,Turkey,,,,,,,,,,,,,,,
-29.92,-51.18,Canoas,Brazil,,,,,,,,,,,,,,,
34.8461,135.6175,Takatsuki,Japan,,,,,,,,,,,,,,,
30.378,111.45,Yidu,China,,,,,,,,,,,,,,,
-16.2308,39.9105,António Enes,Mozambique,,,,,,,,,,,,,,,
42.1434,24.751,Plovdiv,Bulgaria,,,,,,,,,,,,,,,
-33.3,151.2,Central Coast,Australia,,,,,,,,,,,,,,,
21.3294,-157.846,Honolulu,United States,,,,,,,,,,,,,,,
38.4594,27.1153,Karşıyaka,Turkey,,,,,,,,,,,,,,,
27.88,79.91,Shāhjānpur,India,,,,,,,,,,,,,,,
8.9392,7.0758,Gwagwalada,Nigeria,,,,,,,,,,,,,,,
13.1147,80.1098,Āvadi,India,,,,,,,,,,,,,,,
40.458,128.911,Tanch’ŏn,"Korea, North",,,,,,,,,,,,,,,
36.0956,-79.8271,Greensboro,United States,,,,,,,,,,,,,,,
15.6394,74.5083,Khānāpur,India,,,,,,,,,,,,,,,
14.4,33.51,Wad Medani,Sudan,,,,,,,,,,,,,,,
41.0888,-85.1436,Fort Wayne,United States,,,,,,,,,,,,,,,
13.17,32.66,Kūstī,Sudan,,,,,,,,,,,,,,,
14.47,78.82,Cuddapah,India,,,,,,,,,,,,,,,
35.7074,139.6638,Nakano,Japan,,,,,,,,,,,,,,,
25.942,117.365,Yong’an,China,,,,,,,,,,,,,,,
13.1097,80.0972,Alamādi,India,,,,,,,,,,,,,,,
-23.5228,-46.8358,Carapicuíba,Brazil,,,,,,,,,,,,,,,
33.839,-117.8574,Anaheim,United States,,,,,,,,,,,,,,,
52.1347,23.6569,Brest,Belarus,,,,,,,,,,,,,,,
35.0167,135.85,Ōtsu,Japan,,,,,,,,,,,,,,,
-29.31,27.48,Maseru,Lesotho,,,,,,,,,,,,,,,
52.3,76.95,Pavlodar,Kazakhstan,,,,,,,,,,,,,,,
13.6244,123.1864,Naga City,Philippines,,,,,,,,,,,,,,,
38.5531,69.0206,Vahdat,Tajikistan,,,,,,,,,,,,,,,
-27.5933,-48.553,Florianópolis,Brazil,,,,,,,,,,,,,,,
-7.9408,-34.8728,Paulista,Brazil,,,,,,,,,,,,,,,
34.74,10.76,Sfax,Tunisia,,,,,,,,,,,,,,,
16.98,81.78,Rājahmundry,India,,,,,,,,,,,,,,,
35.8911,139.7909,Koshigaya,Japan,,,,,,,,,,,,,,,
27.191,109.819,Hongjiang,China,,,,,,,,,,,,,,,
38.2961,38.2489,Yeşilyurt,Turkey,,,,,,,,,,,,,,,
10.3833,107.1167,Vũng Tàu,Vietnam,,,,,,,,,,,,,,,
35.8167,127.15,Jeonju,"Korea, South",,,,,,,,,,,,,,,
27.5498,76.6355,Alwar,India,,,,,,,,,,,,,,,
42.972,126.746,Huadian,China,,,,,,,,,,,,,,,
35.7996,139.4686,Tokorozawa,Japan,,,,,,,,,,,,,,,
40.5961,49.67,Sumqayıt,Azerbaijan,,,,,,,,,,,,,,,
-14.8661,-40.8394,Vitória da Conquista,Brazil,,,,,,,,,,,,,,,
6.8161,-5.2742,Yamoussoukro,Côte d’Ivoire,,,,,,,,,,,,,,,
12.6667,108.05,Buôn Ma Thuột,Vietnam,,,,,,,,,,,,,,,
27.7254,-97.3767,Corpus Christi,United States,,,,,,,,,,,,,,,
40.5477,-105.0656,Fort Collins,United States,,,,,,,,,,,,,,,
45.5298,131.8466,Mishan,China,,,,,,,,,,,,,,,
48.0556,37.9611,Makiivka,Ukraine,,,,,,,,,,,,,,,
40.7385,-73.1888,Islip,United States,,,,,,,,,,,,,,,
43.8767,-79.2633,Markham,Canada,,,,,,,,,,,,,,,
52.0211,8.5347,Bielefeld,Germany,,,,,,,,,,,,,,,
53.1219,18.0003,Bydgoszcz,Poland,,,,,,,,,,,,,,,
35.2,128.0833,Chinju,"Korea, South",,,,,,,,,,,,,,,
51.4542,-0.9731,Reading,United Kingdom,,,,,,,,,,,,,,,
-26.0936,28.0064,Randburg,South Africa,,,,,,,,,,,,,,,
37.0505,140.8877,Iwaki,Japan,,,,,,,,,,,,,,,
43.9,-78.85,Oshawa,Canada,,,,,,,,,,,,,,,
50.7353,7.1022,Bonn,Germany,,,,,,,,,,,,,,,
21.47,83.97,Sambalpur,India,,,,,,,,,,,,,,,
-0.2542,-79.1719,Santo Domingo de los Colorados,Ecuador,,,,,,,,,,,,,,,
19.4208,-102.0628,Uruapan,Mexico,,,,,,,,,,,,,,,
51.25,22.5667,Lublin,Poland,,,,,,,,,,,,,,,
-8.7619,-63.9039,Porto Velho,Brazil,,,,,,,,,,,,,,,
24.5,110.4,Licheng,China,,,,,,,,,,,,,,,
34.9073,112.7914,Huichang,China,,,,,,,,,,,,,,,
61.4981,23.76,Tampere,Finland,,,,,,,,,,,,,,,
37.9787,-121.796,Antioch,United States,,,,,,,,,,,,,,,
26.1225,85.3906,Muzaffarpur,India,,,,,,,,,,,,,,,
52.05,113.4667,Chita,Russia,,,,,,,,,,,,,,,
-33.0244,-71.5517,Viña del Mar,Chile,,,,,,,,,,,,,,,
25.823,69.377,Khipro,Pakistan,,,,,,,,,,,,,,,
36.7836,127.0042,Asan,"Korea, South",,,,,,,,,,,,,,,
42.4667,59.6,Nukus,Uzbekistan,,,,,,,,,,,,,,,
31.5667,73.1833,Chak Jhumra,Pakistan,,,,,,,,,,,,,,,
44.9519,34.1022,Simferopol,Ukraine,,,,,,,,,,,,,,,
38.4189,27.1285,Konak,Turkey,,,,,,,,,,,,,,,
22.1833,-100.9333,Soledad de Graciano Sánchez,Mexico,,,,,,,,,,,,,,,
17.0197,54.0897,Şalālah,Oman,,,,,,,,,,,,,,,
-2.4431,-54.7083,Santarém,Brazil,,,,,,,,,,,,,,,
24.0523,38.1503,Yanbu‘,Saudi Arabia,,,,,,,,,,,,,,,
36.3895,139.0634,Maebashi,Japan,,,,,,,,,,,,,,,
54.55,36.2833,Kaluga,Russia,,,,,,,,,,,,,,,
40.6828,46.3606,Gəncə,Azerbaijan,,,,,,,,,,,,,,,
43.7667,142.3667,Asahikawa,Japan,,,,,,,,,,,,,,,
32.3157,-90.2125,Jackson,United States,,,,,,,,,,,,,,,
-3.9907,122.5086,Kendari,Indonesia,,,,,,,,,,,,,,,
37.3417,127.9208,Wŏnju,"Korea, South",,,,,,,,,,,,,,,
30.6291,31.0824,Birkat as Sab‘,Egypt,,,,,,,,,,,,,,,
8.4917,8.5167,Lafia,Nigeria,,,,,,,,,,,,,,,
36.85,42.9833,Dahūk,Iraq,,,,,,,,,,,,,,,
57.9167,59.9667,Nizhniy Tagil,Russia,,,,,,,,,,,,,,,
53.3892,-6.2969,Finglas,Ireland,,,,,,,,,,,,,,,
22.6686,88.3704,Kāmārhāti,India,,,,,,,,,,,,,,,
35.1725,33.365,Nicosia,Cyprus,,,,,,,,,,,,,,,
27.686,111.436,Lengshuijiang,China,,,,,,,,,,,,,,,
-19.7669,-44.0869,Ribeirão das Neves,Brazil,,,,,,,,,,,,,,,
14.7724,-17.3884,Guédiawaye,Senegal,,,,,,,,,,,,,,,
27.4939,-109.9389,Ciudad Obregón,Mexico,,,,,,,,,,,,,,,
27.029,83.2668,Campīernagar,India,,,,,,,,,,,,,,,
12.9357,100.889,Phatthaya,Thailand,,,,,,,,,,,,,,,
43.7238,127.3448,Minzhu,China,,,,,,,,,,,,,,,
50.6,36.6,Belgorod,Russia,,,,,,,,,,,,,,,
25.5611,-103.4983,Gómez Palacio,Mexico,,,,,,,,,,,,,,,
16.83,75.71,Bijāpur,India,,,,,,,,,,,,,,,
15.4908,120.9678,Cabanatuan City,Philippines,,,,,,,,,,,,,,,
13.174,100.93,Si Racha,Thailand,,,,,,,,,,,,,,,
20.5703,-101.1972,Salamanca,Mexico,,,,,,,,,,,,,,,
16.9944,73.3,Ratnāgiri,India,,,,,,,,,,,,,,,
46.0722,122.0933,Ulanhot,China,,,,,,,,,,,,,,,
-13.6453,32.6464,Chipata,Zambia,,,,,,,,,,,,,,,
37.4004,140.3597,Koriyama,Japan,,,,,,,,,,,,,,,
39.8279,113.1,Yunzhong,China,,,,,,,,,,,,,,,
35.085,-78.9772,Fayetteville,United States,,,,,,,,,,,,,,,
41.1856,28.7406,Arnavutköy,Turkey,,,,,,,,,,,,,,,
41.0,28.8,Küçükçekmece,Turkey,,,,,,,,,,,,,,,
-26.1625,27.8725,Roodepoort,South Africa,,,,,,,,,,,,,,,
-8.3833,-74.55,Pucallpa,Peru,,,,,,,,,,,,,,,
14.3583,121.0583,San Pedro,Philippines,,,,,,,,,,,,,,,
33.7094,-78.8844,Myrtle Beach,United States,,,,,,,,,,,,,,,
33.5589,133.5314,Kōchi,Japan,,,,,,,,,,,,,,,
19.18,81.92,Jagdalpur,India,,,,,,,,,,,,,,,
28.8,79.0,Rāmpur,India,,,,,,,,,,,,,,,
7.22,124.25,Cotabato,Philippines,,,,,,,,,,,,,,,
36.0133,-115.0381,Henderson,United States,,,,,,,,,,,,,,,
-20.2639,-40.42,Cariacica,Brazil,,,,,,,,,,,,,,,
30.6782,-88.1162,Mobile,United States,,,,,,,,,,,,,,,
8.5414,39.2689,Nazrēt,Ethiopia,,,,,,,,,,,,,,,
32.2833,-9.2333,Safi,Morocco,,,,,,,,,,,,,,,
-1.2463,36.6629,Kikuyu,Kenya,,,,,,,,,,,,,,,
37.89,-4.78,Córdoba,Spain,,,,,,,,,,,,,,,
2.0383,103.3179,Kluang,Malaysia,,,,,,,,,,,,,,,
13.4969,39.4769,Mekele,Ethiopia,,,,,,,,,,,,,,,
-31.7719,-52.3428,Pelotas,Brazil,,,,,,,,,,,,,,,
43.8333,-79.5,Vaughan,Canada,,,,,,,,,,,,,,,
23.7111,103.2461,Kaiyuan,China,,,,,,,,,,,,,,,
25.973,113.231,Tangdong,China,,,,,,,,,,,,,,,
51.9625,7.6256,Münster,Germany,,,,,,,,,,,,,,,
-20.3106,-40.2972,Vitória,Brazil,,,,,,,,,,,,,,,
13.9333,75.5667,Shimoga,India,,,,,,,,,,,,,,,
-7.6167,15.05,Uíge,Angola,,,,,,,,,,,,,,,
37.1167,79.9167,Hotan,China,,,,,,,,,,,,,,,
9.6139,6.5569,Minna,Nigeria,,,,,,,,,,,,,,,
44.341,129.483,Ning’an,China,,,,,,,,,,,,,,,
21.3786,-77.9186,Camagüey,Cuba,,,,,,,,,,,,,,,
34.4169,-2.885,Taourirt,Morocco,,,,,,,,,,,,,,,
-24.1833,-65.3,San Salvador de Jujuy,Argentina,,,,,,,,,,,,,,,
29.22,78.95,Kāshīpur,India,,,,,,,,,,,,,,,
10.9667,106.65,Thủ Dầu Một,Vietnam,,,,,,,,,,,,,,,
-20.1289,-40.3078,Serra,Brazil,,,,,,,,,,,,,,,
38.0423,-84.4587,Lexington,United States,,,,,,,,,,,,,,,
-6.9181,106.9315,Sukabumi,Indonesia,,,,,,,,,,,,,,,
-14.6556,17.6842,Menongue,Angola,,,,,,,,,,,,,,,
7.5619,6.2411,Okene,Nigeria,,,,,,,,,,,,,,,
21.5222,70.4579,Jūnāgadh,India,,,,,,,,,,,,,,,
25.5744,-108.4706,Guasavito,Mexico,,,,,,,,,,,,,,,
39.6986,125.9061,Kaech’ŏn,"Korea, North",,,,,,,,,,,,,,,
18.4617,-97.3928,Tehuacán,Mexico,,,,,,,,,,,,,,,
18.1414,-94.4344,Coatzacoalcos,Mexico,,,,,,,,,,,,,,,
-20.8789,55.4481,Saint-Denis,Reunion,,,,,,,,,,,,,,,
-2.0845,29.7527,Muhanga,Rwanda,,,,,,,,,,,,,,,
48.027,122.708,Zalantun,China,,,,,,,,,,,,,,,
32.0714,73.6878,Hafizabad,Pakistan,,,,,,,,,,,,,,,
12.25,7.5,Katsina,Nigeria,,,,,,,,,,,,,,,
19.8,-70.6833,Puerto Plata,Dominican Republic,,,,,,,,,,,,,,,
37.476,126.866,Gwangmyeongni,"Korea, South",,,,,,,,,,,,,,,
42.7142,-84.5601,Lansing,United States,,,,,,,,,,,,,,,
-23.0333,-45.55,Taubaté,Brazil,,,,,,,,,,,,,,,
43.5183,123.5027,Zhengjiatun,China,,,,,,,,,,,,,,,
-9.4789,147.1494,Port Moresby,Papua New Guinea,,,,,,,,,,,,,,,
4.6786,-74.1411,Fontibón,Colombia,,,,,,,,,,,,,,,
28.7309,77.7757,Hāpur,India,,,,,,,,,,,,,,,
49.4878,8.4661,Mannheim,Germany,,,,,,,,,,,,,,,
-23.5111,-46.8764,Barueri,Brazil,,,,,,,,,,,,,,,
32.0286,-81.1821,Savannah,United States,,,,,,,,,,,,,,,
26.2122,127.6792,Naha,Japan,,,,,,,,,,,,,,,
10.5276,76.2144,Pattikād,India,,,,,,,,,,,,,,,
22.6721,113.2509,Xiaoli,China,,,,,,,,,,,,,,,
41.0993,-80.6463,Youngstown,United States,,,,,,,,,,,,,,,
10.5276,76.2144,Trichūr,India,,,,,,,,,,,,,,,
32.237,119.815,Yingzhong,China,,,,,,,,,,,,,,,
6.2072,31.5591,Bor,South Sudan,,,,,,,,,,,,,,,
48.8056,44.7417,Volzhskiy,Russia,,,,,,,,,,,,,,,
9.0503,-79.4707,San Miguelito,Panama,,,,,,,,,,,,,,,
7.7522,-8.8217,N’Zérékoré,Guinea,,,,,,,,,,,,,,,
39.6333,27.8833,Balıkesir,Turkey,,,,,,,,,,,,,,,
60.2056,24.6556,Espoo,Finland,,,,,,,,,,,,,,,
2.0337,102.5666,Muar,Malaysia,,,,,,,,,,,,,,,
42.2759,-83.731,Ann Arbor,United States,,,,,,,,,,,,,,,
31.1167,74.45,Kasur,Pakistan,,,,,,,,,,,,,,,
4.4464,-74.1522,Usme,Colombia,,,,,,,,,,,,,,,
23.2333,87.8667,Barddhamān,India,,,,,,,,,,,,,,,
35.8333,10.6333,Sousse,Tunisia,,,,,,,,,,,,,,,
53.7444,-0.3325,Kingston upon Hull,United Kingdom,,,,,,,,,,,,,,,
14.4514,121.1919,Binangonan,Philippines,,,,,,,,,,,,,,,
5.3453,-4.035,Attiecoubé,Côte d’Ivoire,,,,,,,,,,,,,,,
55.4311,37.5456,Podolsk,Russia,,,,,,,,,,,,,,,
54.7828,32.0453,Smolensk,Russia,,,,,,,,,,,,,,,
39.7732,98.2882,Jiayuguan,China,,,,,,,,,,,,,,,
1.462,103.9053,Pasir Gudang,Malaysia,,,,,,,,,,,,,,,
59.2167,39.9,Vologda,Russia,,,,,,,,,,,,,,,
36.8369,54.4372,Gorgān,Iran,,,,,,,,,,,,,,,
14.3944,120.8531,Tanza,Philippines,,,,,,,,,,,,,,,
62.03,129.73,Yakutsk,Russia,,,,,,,,,,,,,,,
33.7367,-117.8819,Santa Ana,United States,,,,,,,,,,,,,,,
18.9944,73.1139,Panvel,India,,,,,,,,,,,,,,,
-23.9936,-46.2564,Guarujá,Brazil,,,,,,,,,,,,,,,
18.672,78.094,Nizāmābād,India,,,,,,,,,,,,,,,
13.7667,109.2333,Quy Nhơn,Vietnam,,,,,,,,,,,,,,,
55.4667,65.35,Kurgan,Russia,,,,,,,,,,,,,,,
54.1833,45.1833,Saransk,Russia,,,,,,,,,,,,,,,
27.5167,41.6833,Ḩā’il,Saudi Arabia,,,,,,,,,,,,,,,
22.9406,113.9436,Datang,China,,,,,,,,,,,,,,,
25.9106,114.786,Longquan,China,,,,,,,,,,,,,,,
-34.0506,18.6181,Mitchells Plain,South Africa,,,,,,,,,,,,,,,
34.965,136.6244,Yokkaichi,Japan,,,,,,,,,,,,,,,
19.2647,-98.8975,Chalco,Mexico,,,,,,,,,,,,,,,
49.0092,8.404,Karlsruhe,Germany,,,,,,,,,,,,,,,
35.6531,51.06,Shahrīār,Iran,,,,,,,,,,,,,,,
35.7103,51.1131,Shahr-e Qods,Iran,,,,,,,,,,,,,,,
-25.5167,-54.6161,Ciudad del Este,Paraguay,,,,,,,,,,,,,,,
-5.0167,32.8,Tabora,Tanzania,,,,,,,,,,,,,,,
25.65,-100.0833,Ciudad Benito Juárez,Mexico,,,,,,,,,,,,,,,
48.25,126.5167,Beian,China,,,,,,,,,,,,,,,
33.6772,-117.7738,Irvine,United States,,,,,,,,,,,,,,,
38.5264,68.5381,Hisor,Tajikistan,,,,,,,,,,,,,,,
-0.2833,36.0667,Nakuru,Kenya,,,,,,,,,,,,,,,
-6.3125,107.295,Karawang,Indonesia,,,,,,,,,,,,,,,
38.5064,125.7597,Sariwŏn,"Korea, North",,,,,,,,,,,,,,,
44.9478,-93.1039,St. Paul,United States,,,,,,,,,,,,,,,
41.695,-73.9211,Poughkeepsie,United States,,,,,,,,,,,,,,,
38.4228,38.3656,Battalgazi,Turkey,,,,,,,,,,,,,,,
19.417,105.75,Nghi Sơn,Vietnam,,,,,,,,,,,,,,,
45.3333,122.7833,Guangming,China,,,,,,,,,,,,,,,
40.7245,-74.1725,Newark,United States,,,,,,,,,,,,,,,
19.27,76.78,Parbhani,India,,,,,,,,,,,,,,,
43.6119,3.8772,Montpellier,France,,,,,,,,,,,,,,,
9.75,118.75,Puerto Princesa,Philippines,,,,,,,,,,,,,,,
29.15,75.7,Hisar,India,,,,,,,,,,,,,,,
-16.7322,-43.8636,Montes Claros,Brazil,,,,,,,,,,,,,,,
-19.9678,-44.1978,Betim,Brazil,,,,,,,,,,,,,,,
42.2833,-83.0,Windsor,Canada,,,,,,,,,,,,,,,
35.2475,136.9722,Kasugai,Japan,,,,,,,,,,,,,,,
25.6833,-100.45,Ciudad Santa Catarina,Mexico,,,,,,,,,,,,,,,
27.98,74.95,Fatehpur,India,,,,,,,,,,,,,,,
27.98,74.95,Birania,India,,,,,,,,,,,,,,,
23.7389,-99.1431,Ciudad Victoria,Mexico,,,,,,,,,,,,,,,
54.9,23.9333,Kaunas,Lithuania,,,,,,,,,,,,,,,
20.6281,-87.0755,Playa del Carmen,Mexico,,,,,,,,,,,,,,,
39.9131,116.6458,Yonghetun,China,,,,,,,,,,,,,,,
33.9825,51.4325,Kāshān,Iran,,,,,,,,,,,,,,,
19.3606,-98.9417,La Peña,Mexico,,,,,,,,,,,,,,,
-7.9667,31.6167,Sumbawanga,Tanzania,,,,,,,,,,,,,,,
41.1333,-8.6167,Vila Nova de Gaia,Portugal,,,,,,,,,,,,,,,
52.9686,36.0694,Orël,Russia,,,,,,,,,,,,,,,
43.04,44.6775,Vladikavkaz,Russia,,,,,,,,,,,,,,,
-23.9664,-46.3861,São Vicente,Brazil,,,,,,,,,,,,,,,
10.0735,78.7732,Kāraikkudi,India,,,,,,,,,,,,,,,
48.3689,10.8978,Augsburg,Germany,,,,,,,,,,,,,,,
39.5,67.6167,Panjakent,Tajikistan,,,,,,,,,,,,,,,
39.72,140.1026,Akita,Japan,,,,,,,,,,,,,,,
27.8225,75.0253,Lachhmangarh Sīkar,India,,,,,,,,,,,,,,,
33.3192,130.5083,Kurume,Japan,,,,,,,,,,,,,,,
30.5667,31.5,Az Zaqāzīq,Egypt,,,,,,,,,,,,,,,
-10.1886,-48.3336,Palmas,Brazil,,,,,,,,,,,,,,,
-38.7167,-62.2667,Bahía Blanca,Argentina,,,,,,,,,,,,,,,
26.0866,32.4226,Al Waqf,Egypt,,,,,,,,,,,,,,,
-33.5833,-70.7,San Bernardo,Chile,,,,,,,,,,,,,,,
20.3833,-99.9833,San Juan del Río,Mexico,,,,,,,,,,,,,,,
4.53,-75.68,Armenia,Colombia,,,,,,,,,,,,,,,
28.276,109.712,Qianzhou,China,,,,,,,,,,,,,,,
2.4542,-76.6092,Popayán,Colombia,,,,,,,,,,,,,,,
41.6528,-4.7236,Valladolid,Spain,,,,,,,,,,,,,,,
19.1264,41.0789,Al Qunfudhah,Saudi Arabia,,,,,,,,,,,,,,,
41.15,27.8,Çorlu,Turkey,,,,,,,,,,,,,,,
35.0542,108.0814,Binxian,China,,,,,,,,,,,,,,,
33.295,113.5269,Yakou,China,,,,,,,,,,,,,,,
54.978,-1.6102,Newcastle,United Kingdom,,,,,,,,,,,,,,,
11.9265,79.7789,Oulgaret,India,,,,,,,,,,,,,,,
7.05,38.4667,Āwasa,Ethiopia,,,,,,,,,,,,,,,
25.0119,88.1433,Ingrāj Bāzār,India,,,,,,,,,,,,,,,
-15.6469,-56.1328,Várzea Grande,Brazil,,,,,,,,,,,,,,,
17.0606,-96.7253,Oaxaca,Mexico,,,,,,,,,,,,,,,
-19.0475,-65.26,Sucre,Bolivia,,,,,,,,,,,,,,,
7.0667,-73.85,Barrancabermeja,Colombia,,,,,,,,,,,,,,,
31.1227,29.7838,Al ‘Ajamī,Egypt,,,,,,,,,,,,,,,
31.1833,32.0333,Al Maţarīyah,Egypt,,,,,,,,,,,,,,,
22.12,85.4,Bada Barabīl,India,,,,,,,,,,,,,,,
31.9625,44.6008,Ash Shāmīyah,Iraq,,,,,,,,,,,,,,,
29.58,72.2328,Khairpur Tamewah,Pakistan,,,,,,,,,,,,,,,
0.4233,33.2039,Jinja,Uganda,,,,,,,,,,,,,,,
38.4458,-122.7067,Santa Rosa,United States,,,,,,,,,,,,,,,
35.9304,39.02,Ar Raqqah,Syria,,,,,,,,,,,,,,,
32.9303,72.8556,Chakwal,Pakistan,,,,,,,,,,,,,,,
34.65,135.0,Ōakashichō,Japan,,,,,,,,,,,,,,,
40.7846,-73.514,Oyster Bay,United States,,,,,,,,,,,,,,,
40.3864,71.7864,Farg‘ona,Uzbekistan,,,,,,,,,,,,,,,
38.5108,68.2303,Tursunzoda,Tajikistan,,,,,,,,,,,,,,,
59.1167,37.9,Cherepovets,Russia,,,,,,,,,,,,,,,
-27.4514,-58.9867,Resistencia,Argentina,,,,,,,,,,,,,,,
-8.1727,113.6873,Jember,Indonesia,,,,,,,,,,,,,,,
25.4416,49.6642,Al Mubarraz,Saudi Arabia,,,,,,,,,,,,,,,
-6.8833,109.6667,Pekalongan,Indonesia,,,,,,,,,,,,,,,
25.7835,-108.9937,Los Mochis,Mexico,,,,,,,,,,,,,,,
35.7333,139.7167,Toshima,Japan,,,,,,,,,,,,,,,
20.1,-98.75,Pachuca,Mexico,,,,,,,,,,,,,,,
35.3333,129.0333,Yangsan,"Korea, South",,,,,,,,,,,,,,,
35.3933,-80.6369,Concord,United States,,,,,,,,,,,,,,,
25.197,85.518,Bihār,India,,,,,,,,,,,,,,,
33.9267,-6.9122,Temara,Morocco,,,,,,,,,,,,,,,
3.7456,8.7744,Malabo,Equatorial Guinea,,,,,,,,,,,,,,,
28.0118,-81.7014,Winter Haven,United States,,,,,,,,,,,,,,,
-33.0461,-71.6197,Valparaíso,Chile,,,,,,,,,,,,,,,
-6.7071,108.5574,Cirebon,Indonesia,,,,,,,,,,,,,,,
7.4478,125.8078,Tagum,Philippines,,,,,,,,,,,,,,,
41.0369,29.1786,Çekme,Turkey,,,,,,,,,,,,,,,
26.17,85.9,Darbhanga,India,,,,,,,,,,,,,,,
23.839,73.002,Idar,India,,,,,,,,,,,,,,,
-6.2811,106.7019,Pondokaren,Indonesia,,,,,,,,,,,,,,,
-0.8667,131.25,Sorong,Indonesia,,,,,,,,,,,,,,,
31.0279,30.7149,Shubrākhīt,Egypt,,,,,,,,,,,,,,,
7.2167,-73.0667,Floridablanca,Colombia,,,,,,,,,,,,,,,
14.2306,120.975,Silang,Philippines,,,,,,,,,,,,,,,
24.1483,47.305,Al Kharj,Saudi Arabia,,,,,,,,,,,,,,,
14.714,-17.2723,Rufisque,Senegal,,,,,,,,,,,,,,,
-2.1733,-79.8311,Eloy Alfaro,Ecuador,,,,,,,,,,,,,,,
35.5707,-82.5537,Asheville,United States,,,,,,,,,,,,,,,
28.4512,77.6955,Sikandarābād,India,,,,,,,,,,,,,,,
53.4083,-2.1494,Stockport,United Kingdom,,,,,,,,,,,,,,,
30.7934,31.6257,Kafr Şaqr,Egypt,,,,,,,,,,,,,,,
5.8372,-5.3572,Divo,Côte d’Ivoire,,,,,,,,,,,,,,,
-12.1958,15.8556,Vila Teixeira da Silva,Angola,,,,,,,,,,,,,,,
40.0806,29.5097,İnegöl,Turkey,,,,,,,,,,,,,,,
-33.7242,18.9558,Paarl,South Africa,,,,,,,,,,,,,,,
25.75,89.2444,Rangpur,Bangladesh,,,,,,,,,,,,,,,
53.1353,23.1456,Białystok,Poland,,,,,,,,,,,,,,,
42.2314,-8.7124,Vigo,Spain,,,,,,,,,,,,,,,
41.005,39.7225,Trabzon,Turkey,,,,,,,,,,,,,,,
40.8078,-81.3676,Canton,United States,,,,,,,,,,,,,,,
19.6333,-99.0931,Coacalco,Mexico,,,,,,,,,,,,,,,
23.7272,92.7178,Āīzawl,India,,,,,,,,,,,,,,,
22.65,88.34,Bāli,India,,,,,,,,,,,,,,,
53.8,-1.75,Bradford,United Kingdom,,,,,,,,,,,,,,,
15.22,120.58,Mabalacat,Philippines,,,,,,,,,,,,,,,
28.9306,117.5947,Dexing,China,,,,,,,,,,,,,,,
40.8099,-96.6784,Lincoln,United States,,,,,,,,,,,,,,,
44.594,129.38,Hailin,China,,,,,,,,,,,,,,,
47.0708,15.4386,Graz,Austria,,,,,,,,,,,,,,,
48.5833,7.7458,Strasbourg,France,,,,,,,,,,,,,,,
43.0236,-83.6921,Flint,United States,,,,,,,,,,,,,,,
43.3125,45.6986,Groznyy,Russia,,,,,,,,,,,,,,,
-25.8656,25.6436,Mahikeng,South Africa,,,,,,,,,,,,,,,
-9.0745,-78.5936,Chimbote,Peru,,,,,,,,,,,,,,,
60.3925,5.3233,Bergen,Norway,,,,,,,,,,,,,,,
45.4833,-75.65,Gatineau,Canada,,,,,,,,,,,,,,,
25.25,86.23,Surajgarha,India,,,,,,,,,,,,,,,
28.0557,-81.9545,Lakeland,United States,,,,,,,,,,,,,,,
35.55,6.1667,Batna,Algeria,,,,,,,,,,,,,,,
13.4814,-88.1775,San Miguel,El Salvador,,,,,,,,,,,,,,,
56.1572,10.2107,Aarhus,Denmark,,,,,,,,,,,,,,,
39.7021,141.1545,Morioka,Japan,,,,,,,,,,,,,,,
47.21,123.61,Hong’an,China,,,,,,,,,,,,,,,
8.175,77.4306,Nāgercoil,India,,,,,,,,,,,,,,,
14.82,120.96,Santa Maria,Philippines,,,,,,,,,,,,,,,
52.7231,41.4539,Tambov,Russia,,,,,,,,,,,,,,,
40.7184,-74.0686,Jersey City,United States,,,,,,,,,,,,,,,
22.96,76.06,Dewās,India,,,,,,,,,,,,,,,
0.5167,35.2833,Eldoret,Kenya,,,,,,,,,,,,,,,
20.15,94.95,Magway,Burma,,,,,,,,,,,,,,,
61.1508,-149.1091,Anchorage,United States,,,,,,,,,,,,,,,
37.1943,-93.2916,Springfield,United States,,,,,,,,,,,,,,,
-38.9525,-68.0642,Neuquén,Argentina,,,,,,,,,,,,,,,
40.8161,29.3006,Tuzla,Turkey,,,,,,,,,,,,,,,
-14.4333,28.45,Kabwe,Zambia,,,,,,,,,,,,,,,
36.19,5.41,Sétif,Algeria,,,,,,,,,,,,,,,
25.7,85.18,Sonpur,India,,,,,,,,,,,,,,,
22.9,88.39,Hugli,India,,,,,,,,,,,,,,,
22.9,88.39,Chunchura,India,,,,,,,,,,,,,,,
35.6333,139.6833,Meguro,Japan,,,,,,,,,,,,,,,
-16.3269,-48.9528,Anápolis,Brazil,,,,,,,,,,,,,,,
-3.2667,-79.9667,Machala,Ecuador,,,,,,,,,,,,,,,
-25.34,-57.52,San Lorenzo,Paraguay,,,,,,,,,,,,,,,
-20.5389,-47.4008,Franca,Brazil,,,,,,,,,,,,,,,
21.1833,106.05,Bắc Ninh,Vietnam,,,,,,,,,,,,,,,
16.7,74.47,Ichalkaranji,India,,,,,,,,,,,,,,,
33.0502,-96.7486,Plano,United States,,,,,,,,,,,,,,,
16.7842,94.7333,Pathein,Burma,,,,,,,,,,,,,,,
9.295,-75.3961,Sincelejo,Colombia,,,,,,,,,,,,,,,
46.7667,23.5833,Cluj-Napoca,Romania,,,,,,,,,,,,,,,
-10.6833,35.65,Songea,Tanzania,,,,,,,,,,,,,,,
-18.0147,-70.2489,Tacna,Peru,,,,,,,,,,,,,,,
22.46,114.002,Tin Shui Wai,Hong Kong,,,,,,,,,,,,,,,
-7.2128,-39.315,Juazeiro do Norte,Brazil,,,,,,,,,,,,,,,
31.0155,47.4336,Al Qurnah,Iraq,,,,,,,,,,,,,,,
30.23,74.9519,Bhatinda,India,,,,,,,,,,,,,,,
50.2625,19.0217,Katowice,Poland,,,,,,,,,,,,,,,
50.0825,8.24,Wiesbaden,Germany,,,,,,,,,,,,,,,
-0.3411,31.7361,Masaka,Uganda,,,,,,,,,,,,,,,
-25.54,-54.5875,Foz do Iguaçu,Brazil,,,,,,,,,,,,,,,
53.5783,-2.43,Bolton,United Kingdom,,,,,,,,,,,,,,,
14.07,121.325,San Pablo,Philippines,,,,,,,,,,,,,,,
19.3611,-99.3508,Huixquilucan,Mexico,,,,,,,,,,,,,,,
31.0475,30.8549,Qillīn,Egypt,,,,,,,,,,,,,,,
18.5761,-72.2269,Croix-des-Bouquets,Haiti,,,,,,,,,,,,,,,
14.7189,-90.6442,San Juan Sacatepéquez,Guatemala,,,,,,,,,,,,,,,
49.8356,18.2925,Ostrava,Czechia,,,,,,,,,,,,,,,
13.7333,-89.15,Soyapango,El Salvador,,,,,,,,,,,,,,,
46.0514,14.5061,Ljubljana,Slovenia,,,,,,,,,,,,,,,
37.7608,140.4747,Fukushima,Japan,,,,,,,,,,,,,,,
17.3333,96.4833,Bago,Burma,,,,,,,,,,,,,,,
18.55,-72.3,Delmas,Haiti,,,,,,,,,,,,,,,
26.6863,107.5204,Fuquan,China,,,,,,,,,,,,,,,
34.8164,135.5686,Ibaraki,Japan,,,,,,,,,,,,,,,
60.95,76.6,Nizhnevartovsk,Russia,,,,,,,,,,,,,,,
33.5657,-101.8879,Lubbock,United States,,,,,,,,,,,,,,,
24.6005,80.8322,Satna,India,,,,,,,,,,,,,,,
7.7667,-72.2333,San Cristóbal,Venezuela,,,,,,,,,,,,,,,
51.4939,31.2947,Chernihiv,Ukraine,,,,,,,,,,,,,,,
41.0225,28.8717,Güngören,Turkey,,,,,,,,,,,,,,,
-38.7333,-72.6667,Temuco,Chile,,,,,,,,,,,,,,,
-14.0667,-75.7333,Ica,Peru,,,,,,,,,,,,,,,
41.5565,-90.6053,Davenport,United States,,,,,,,,,,,,,,,
16.8158,100.2636,Phitsanulok,Thailand,,,,,,,,,,,,,,,
30.3,71.9333,Khanewal,Pakistan,,,,,,,,,,,,,,,
41.03,113.08,Jining,China,,,,,,,,,,,,,,,
37.8667,127.7333,Chuncheon,"Korea, South",,,,,,,,,,,,,,,
40.7833,30.4,Sakarya,Turkey,,,,,,,,,,,,,,,
12.6,6.5897,Kaura Namoda,Nigeria,,,,,,,,,,,,,,,
35.6806,50.9783,Malārd,Iran,,,,,,,,,,,,,,,
39.7667,64.4231,Bukhara,Uzbekistan,,,,,,,,,,,,,,,
40.34,-75.9267,Reading,United States,,,,,,,,,,,,,,,
28.51,71.5,Marot,Pakistan,,,,,,,,,,,,,,,
-11.2053,13.8417,Sumbe,Angola,,,,,,,,,,,,,,,
34.7717,72.36,Mingaora,Pakistan,,,,,,,,,,,,,,,
-12.85,15.55,Caála,Angola,,,,,,,,,,,,,,,
49.5894,34.5514,Poltava,Ukraine,,,,,,,,,,,,,,,
61.7833,34.3333,Petrozavodsk,Russia,,,,,,,,,,,,,,,
46.6425,32.625,Kherson,Ukraine,,,,,,,,,,,,,,,
13.93,121.62,Lucena,Philippines,,,,,,,,,,,,,,,
-22.505,-43.1789,Petrópolis,Brazil,,,,,,,,,,,,,,,
-2.6833,118.9,Mamuju,Indonesia,,,,,,,,,,,,,,,
25.9417,83.5611,Mau,India,,,,,,,,,,,,,,,
10.3736,105.4458,Long Xuyên,Vietnam,,,,,,,,,,,,,,,
35.8167,128.7333,Gyeongsan,"Korea, South",,,,,,,,,,,,,,,
22.72,88.48,Bārāsat,India,,,,,,,,,,,,,,,
38.8667,65.8,Qarshi,Uzbekistan,,,,,,,,,,,,,,,
32.4653,-93.7955,Shreveport,United States,,,,,,,,,,,,,,,
33.2825,-111.8514,Chandler,United States,,,,,,,,,,,,,,,
2.96,99.06,Pematangsiantar,Indonesia,,,,,,,,,,,,,,,
54.906,-1.381,Sunderland,United Kingdom,,,,,,,,,,,,,,,
53.6333,55.95,Sterlitamak,Russia,,,,,,,,,,,,,,,
13.995,-89.5561,Santa Ana,El Salvador,,,,,,,,,,,,,,,
41.02,28.5775,Büyükçekmece,Turkey,,,,,,,,,,,,,,,
6.1333,-5.9333,Gagnoa,Côte d’Ivoire,,,,,,,,,,,,,,,
28.2573,113.1234,Xingsha,China,,,,,,,,,,,,,,,
9.6,41.8667,Dire Dawa,Ethiopia,,,,,,,,,,,,,,,
31.5831,64.3692,Lashkar Gāh,Afghanistan,,,,,,,,,,,,,,,
6.1667,-75.6167,Itagüí,Colombia,,,,,,,,,,,,,,,
-15.4833,-70.1333,Juliaca,Peru,,,,,,,,,,,,,,,
-27.3667,-55.9,Posadas,Argentina,,,,,,,,,,,,,,,
-6.8675,109.1375,Tegal,Indonesia,,,,,,,,,,,,,,,
27.39,79.581,Farrukhābād,India,,,,,,,,,,,,,,,
41.6767,-86.2696,South Bend,United States,,,,,,,,,,,,,,,
55.9167,37.7667,Mytishchi,Russia,,,,,,,,,,,,,,,
35.9833,126.7167,Kunsan,"Korea, South",,,,,,,,,,,,,,,
34.2099,-77.8866,Wilmington,United States,,,,,,,,,,,,,,,
32.6281,-117.0144,Chula Vista,United States,,,,,,,,,,,,,,,
56.65,47.8833,Yoshkar-Ola,Russia,,,,,,,,,,,,,,,
23.83,78.71,Saugor,India,,,,,,,,,,,,,,,
49.4167,27.0,Khmelnytskyi,Ukraine,,,,,,,,,,,,,,,
26.741,83.888,Khorabar,India,,,,,,,,,,,,,,,
25.0442,-77.3503,Nassau,"Bahamas, The",,,,,,,,,,,,,,,
42.2596,-89.064,Rockford,United States,,,,,,,,,,,,,,,
40.1167,70.6333,Isfara,Tajikistan,,,,,,,,,,,,,,,
23.334,75.037,Ratlām,India,,,,,,,,,,,,,,,
27.0994,68.4208,Mehrabpur,Pakistan,,,,,,,,,,,,,,,
34.7607,127.6622,Yeosu,"Korea, South",,,,,,,,,,,,,,,
27.3403,117.4925,Shaowu,China,,,,,,,,,,,,,,,
-25.095,-50.1619,Ponta Grossa,Brazil,,,,,,,,,,,,,,,
-23.6019,-46.7528,Taboão da Serra,Brazil,,,,,,,,,,,,,,,
39.9108,69.0064,Istaravshan,Tajikistan,,,,,,,,,,,,,,,
14.6969,121.1219,San Mateo,Philippines,,,,,,,,,,,,,,,
34.7331,136.5133,Tsu,Japan,,,,,,,,,,,,,,,
-5.5258,-47.4758,Imperatriz,Brazil,,,,,,,,,,,,,,,
36.569,111.7551,Huozhou,China,,,,,,,,,,,,,,,
18.5167,-70.0167,Los Alcarrizos,Dominican Republic,,,,,,,,,,,,,,,
5.7836,-6.5939,Soubré,Côte d’Ivoire,,,,,,,,,,,,,,,
44.0564,-123.1174,Eugene,United States,,,,,,,,,,,,,,,
37.3894,46.2378,Marāgheh,Iran,,,,,,,,,,,,,,,
-3.5403,118.9707,Majene,Indonesia,,,,,,,,,,,,,,,
30.3866,106.7756,Huilong,China,,,,,,,,,,,,,,,
44.9233,-123.0244,Salem,United States,,,,,,,,,,,,,,,
35.7,139.8167,Sumida,Japan,,,,,,,,,,,,,,,
-10.85,14.3667,Gabela,Angola,,,,,,,,,,,,,,,
35.3304,40.13,Dayr az Zawr,Syria,,,,,,,,,,,,,,,
47.1622,27.5889,Iaşi,Romania,,,,,,,,,,,,,,,
36.4486,53.3233,Sartā,Iran,,,,,,,,,,,,,,,
33.31,-111.7463,Gilbert,United States,,,,,,,,,,,,,,,
45.5,124.2833,Da’an,China,,,,,,,,,,,,,,,
36.2883,-115.0888,North Las Vegas,United States,,,,,,,,,,,,,,,
35.9439,126.9544,Iksan,"Korea, South",,,,,,,,,,,,,,,
10.35,106.35,Mỹ Tho,Vietnam,,,,,,,,,,,,,,,
12.8792,10.4525,Nguru,Nigeria,,,,,,,,,,,,,,,
36.3658,140.4712,Mito,Japan,,,,,,,,,,,,,,,
37.35,126.95,Kunp’o,"Korea, South",,,,,,,,,,,,,,,
22.9253,113.2067,Bijiao,China,,,,,,,,,,,,,,,
49.4444,32.0597,Cherkasy,Ukraine,,,,,,,,,,,,,,,
40.5455,34.957,Bayat,Turkey,,,,,,,,,,,,,,,
40.5455,34.957,Çorum,Turkey,,,,,,,,,,,,,,,
34.3997,74.2817,Handwāra,India,,,,,,,,,,,,,,,
3.5986,98.4803,Binjai,Indonesia,,,,,,,,,,,,,,,
51.2,6.4333,Mönchengladbach,Germany,,,,,,,,,,,,,,,
36.7286,68.8681,Kunduz,Afghanistan,,,,,,,,,,,,,,,
-31.7331,-60.5297,Paraná,Argentina,,,,,,,,,,,,,,,
34.7333,127.7333,Yeosu,"Korea, South",,,,,,,,,,,,,,,
21.19,81.28,Drug,India,,,,,,,,,,,,,,,
26.0042,63.0606,Turbat,Pakistan,,,,,,,,,,,,,,,
43.5333,-5.7,Gijón,Spain,,,,,,,,,,,,,,,
23.9723,91.1099,Brāhmanbāria,Bangladesh,,,,,,,,,,,,,,,
20.4461,106.3422,Thái Bình,Vietnam,,,,,,,,,,,,,,,
35.4981,140.1154,Ichihara,Japan,,,,,,,,,,,,,,,
-21.5333,-64.7333,Tarija,Bolivia,,,,,,,,,,,,,,,
30.55,31.0,Shibīn al Kawm,Egypt,,,,,,,,,,,,,,,
37.75,39.3167,Siverek,Turkey,,,,,,,,,,,,,,,
50.3714,-4.1422,Plymouth,United Kingdom,,,,,,,,,,,,,,,
24.0889,32.8997,Aswān,Egypt,,,,,,,,,,,,,,,
-19.5892,-65.7533,Potosí,Bolivia,,,,,,,,,,,,,,,
45.7667,132.9333,Hulin,China,,,,,,,,,,,,,,,
57.7681,40.9269,Kostroma,Russia,,,,,,,,,,,,,,,
68.9706,33.075,Murmansk,Russia,,,,,,,,,,,,,,,
13.501,7.1036,Maradi,Niger,,,,,,,,,,,,,,,
19.4167,103.5,Xiangkhoang,Laos,,,,,,,,,,,,,,,
14.68,77.599,Anantapur,India,,,,,,,,,,,,,,,
37.1939,40.5861,Kızıltepe,Turkey,,,,,,,,,,,,,,,
37.7639,38.2778,Adıyaman,Turkey,,,,,,,,,,,,,,,
-33.0175,27.9047,East London,South Africa,,,,,,,,,,,,,,,
52.1333,-106.6833,Saskatoon,Canada,,,,,,,,,,,,,,,
-22.8219,-47.2669,Sumaré,Brazil,,,,,,,,,,,,,,,
51.5167,7.1,Gelsenkirchen,Germany,,,,,,,,,,,,,,,
37.4462,138.8512,Nagaoka,Japan,,,,,,,,,,,,,,,
34.9333,72.4667,Khwazakhela,Pakistan,,,,,,,,,,,,,,,
34.4175,-118.4964,Santa Clarita,United States,,,,,,,,,,,,,,,
34.9506,127.4875,Suncheon,"Korea, South",,,,,,,,,,,,,,,
-6.7667,38.9167,Kibaha,Tanzania,,,,,,,,,,,,,,,
43.4833,43.6167,Nalchik,Russia,,,,,,,,,,,,,,,
51.0536,3.7253,Gent,Belgium,,,,,,,,,,,,,,,
37.1847,38.7908,Karaköprü,Turkey,,,,,,,,,,,,,,,
-19.8667,47.0333,Antsirabe,Madagascar,,,,,,,,,,,,,,,
23.015,91.3967,Feni,Bangladesh,,,,,,,,,,,,,,,
24.8074,93.9384,Imphāl,India,,,,,,,,,,,,,,,
20.7836,97.0354,Taunggyi,Burma,,,,,,,,,,,,,,,
31.3,-110.9333,Nogales,Mexico,,,,,,,,,,,,,,,
11.4672,26.1317,Ed Daein,Sudan,,,,,,,,,,,,,,,
32.3786,48.4144,Dezfūl,Iran,,,,,,,,,,,,,,,
-5.1878,-37.3439,Mossoró,Brazil,,,,,,,,,,,,,,,
52.04,-0.76,Milton Keynes,United Kingdom,,,,,,,,,,,,,,,
48.3,25.9333,Chernivtsi,Ukraine,,,,,,,,,,,,,,,
1.6667,101.45,Dumai,Indonesia,,,,,,,,,,,,,,,
-26.9078,-48.6619,Itajaí,Brazil,,,,,,,,,,,,,,,
39.4167,29.9833,Kütahya,Turkey,,,,,,,,,,,,,,,
44.1667,28.6333,Constanţa,Romania,,,,,,,,,,,,,,,
-25.2672,-57.4853,Luque,Paraguay,,,,,,,,,,,,,,,
34.6269,135.601,Yao,Japan,,,,,,,,,,,,,,,
34.4342,70.4478,Jalālābād,Afghanistan,,,,,,,,,,,,,,,
23.48,120.4497,Chiayi,Taiwan,,,,,,,,,,,,,,,
26.2442,68.41,Nawabshah,Pakistan,,,,,,,,,,,,,,,
10.25,123.83,Talisay,Philippines,,,,,,,,,,,,,,,
-4.1794,11.3731,Tchibota,Congo (Brazzaville),,,,,,,,,,,,,,,
-14.7306,15.0367,Matala,Angola,,,,,,,,,,,,,,,
40.752,-89.6154,Peoria,United States,,,,,,,,,,,,,,,
-34.7167,-58.2667,Quilmes,Argentina,,,,,,,,,,,,,,,
44.7167,37.7833,Novorossiysk,Russia,,,,,,,,,,,,,,,
-34.4331,150.8831,Wollongong,Australia,,,,,,,,,,,,,,,
50.25,28.6667,Zhytomyr,Ukraine,,,,,,,,,,,,,,,
36.0641,136.2196,Fukui,Japan,,,,,,,,,,,,,,,
25.5514,84.6603,Arrah,India,,,,,,,,,,,,,,,
30.4551,-84.2527,Tallahassee,United States,,,,,,,,,,,,,,,
14.8436,120.8114,Malolos,Philippines,,,,,,,,,,,,,,,
31.3186,-110.9458,Heroica Nogales,Mexico,,,,,,,,,,,,,,,
31.0753,-97.7297,Killeen,United States,,,,,,,,,,,,,,,
-2.7919,33.9894,Bariadi,Tanzania,,,,,,,,,,,,,,,
10.2317,12.9303,Hong,Nigeria,,,,,,,,,,,,,,,
10.2333,-66.6639,Santa Teresa del Tuy,Venezuela,,,,,,,,,,,,,,,
27.7931,-82.6652,St. Petersburg,United States,,,,,,,,,,,,,,,
35.6689,139.4776,Fuchū,Japan,,,,,,,,,,,,,,,
35.6581,139.7514,Minato,Japan,,,,,,,,,,,,,,,
45.2542,19.8425,Novi Sad,Serbia,,,,,,,,,,,,,,,
-26.2125,28.2625,Boksburg,South Africa,,,,,,,,,,,,,,,
14.83,120.28,Olongapo,Philippines,,,,,,,,,,,,,,,
15.1167,108.8,Quảng Ngãi,Vietnam,,,,,,,,,,,,,,,
51.5017,46.1222,Engels,Russia,,,,,,,,,,,,,,,
46.1978,-119.1732,Kennewick,United States,,,,,,,,,,,,,,,
9.4533,77.8024,Sivakāsi,India,,,,,,,,,,,,,,,
31.7244,44.9769,Al Ḩamzah,Iraq,,,,,,,,,,,,,,,
35.2903,75.6444,Skardu,Pakistan,,,,,,,,,,,,,,,
40.5286,70.9425,Qo‘qon,Uzbekistan,,,,,,,,,,,,,,,
25.374,68.3013,Kotri,Pakistan,,,,,,,,,,,,,,,
32.3775,15.092,Mişrātah,Libya,,,,,,,,,,,,,,,
37.8481,27.8453,Aydın,Turkey,,,,,,,,,,,,,,,
13.1483,33.9311,Singa,Sudan,,,,,,,,,,,,,,,
36.7167,69.5167,Tāluqān,Afghanistan,,,,,,,,,,,,,,,
-0.95,-80.7162,Manta,Ecuador,,,,,,,,,,,,,,,
-11.4833,15.8333,Ndulo,Angola,,,,,,,,,,,,,,,
-11.4926,16.7035,Andulo,Angola,,,,,,,,,,,,,,,
42.85,-2.6833,Vitoria-Gasteiz,Spain,,,,,,,,,,,,,,,
35.3167,139.35,Hiratsuka,Japan,,,,,,,,,,,,,,,
36.255,44.8822,Rāniyah,Iraq,,,,,,,,,,,,,,,
36.9,7.7667,Annaba,Algeria,,,,,,,,,,,,,,,
26.77,79.03,Etāwah,India,,,,,,,,,,,,,,,
23.6913,90.5149,Siddhirganj,Bangladesh,,,,,,,,,,,,,,,
55.8892,37.445,Khimki,Russia,,,,,,,,,,,,,,,
-12.5333,27.85,Chingola,Zambia,,,,,,,,,,,,,,,
50.9119,34.8028,Sumy,Ukraine,,,,,,,,,,,,,,,
49.286,120.712,Yakeshi,China,,,,,,,,,,,,,,,
-23.0903,-47.2181,Indaiatuba,Brazil,,,,,,,,,,,,,,,
27.5625,-99.4874,Laredo,United States,,,,,,,,,,,,,,,
17.4519,78.5362,Malkājgiri,India,,,,,,,,,,,,,,,
-26.2178,28.1672,Germiston,South Africa,,,,,,,,,,,,,,,
34.75,134.8333,Kakogawachō-honmachi,Japan,,,,,,,,,,,,,,,
52.9247,-1.478,Derby,United Kingdom,,,,,,,,,,,,,,,
-6.1703,106.53,Pasarkemis,Indonesia,,,,,,,,,,,,,,,
51.4947,-0.1353,Westminster,United Kingdom,,,,,,,,,,,,,,,
5.3304,103.12,Kuala Terengganu,Malaysia,,,,,,,,,,,,,,,
32.8583,-96.9702,Irving,United States,,,,,,,,,,,,,,,
15.4667,-90.3,San Pedro Carchá,Guatemala,,,,,,,,,,,,,,,
-15.1953,12.1508,Moçâmedes,Angola,,,,,,,,,,,,,,,
34.0667,134.55,Tokushima,Japan,,,,,,,,,,,,,,,
-22.0178,-47.8908,São Carlos,Brazil,,,,,,,,,,,,,,,
45.5333,-73.5167,Longueuil,Canada,,,,,,,,,,,,,,,
14.7581,120.9481,Marilao,Philippines,,,,,,,,,,,,,,,
17.35,82.55,Tuni,India,,,,,,,,,,,,,,,
6.855,37.7808,Sodo,Ethiopia,,,,,,,,,,,,,,,
31.4175,46.1772,Ash Shaţrah,Iraq,,,,,,,,,,,,,,,
33.4617,44.1557,Sab‘ al Būr,Iraq,,,,,,,,,,,,,,,
14.6,-61.0667,Fort-de-France,Martinique,,,,,,,,,,,,,,,
16.4847,97.6258,Mawlamyine,Burma,,,,,,,,,,,,,,,
-8.2828,-35.9758,Caruaru,Brazil,,,,,,,,,,,,,,,
30.7833,31.0,Ţanţā,Egypt,,,,,,,,,,,,,,,
19.209,73.186,Amarnāth,India,,,,,,,,,,,,,,,
6.3667,2.35,Godomè,Benin,,,,,,,,,,,,,,,
23.57,70.63,Rāpar,India,,,,,,,,,,,,,,,
25.8629,85.7811,Samāstipur,India,,,,,,,,,,,,,,,
16.1667,74.8333,Gokāk,India,,,,,,,,,,,,,,,
36.7833,31.4333,Manavgat,Turkey,,,,,,,,,,,,,,,
33.9578,130.9414,Shinozaki,Japan,,,,,,,,,,,,,,,
50.7756,6.0836,Aachen,Germany,,,,,,,,,,,,,,,
-5.9158,-35.2628,Parnamirim,Brazil,,,,,,,,,,,,,,,
23.5425,89.1749,Jhenida,Bangladesh,,,,,,,,,,,,,,,
-6.3645,106.8591,Cimanggis,Indonesia,,,,,,,,,,,,,,,
27.22,77.48,Bharatpur,India,,,,,,,,,,,,,,,
10.3333,-67.0417,Los Teques,Venezuela,,,,,,,,,,,,,,,
42.3791,-88.0811,Round Lake Beach,United States,,,,,,,,,,,,,,,
37.075,36.25,Osmaniye,Turkey,,,,,,,,,,,,,,,
-19.7478,-47.9319,Uberaba,Brazil,,,,,,,,,,,,,,,
25.42,86.13,Begusarai,India,,,,,,,,,,,,,,,
-7.8111,112.0047,Kediri,Indonesia,,,,,,,,,,,,,,,
40.9667,126.6,Kanggye,"Korea, North",,,,,,,,,,,,,,,
41.7686,140.7289,Hakodate,Japan,,,,,,,,,,,,,,,
11.24,125.0,Tacloban,Philippines,,,,,,,,,,,,,,,
38.7578,30.5386,Afyonkarahisar,Turkey,,,,,,,,,,,,,,,
36.5817,36.165,İskenderun,Turkey,,,,,,,,,,,,,,,
32.3482,-86.2668,Montgomery,United States,,,,,,,,,,,,,,,
35.8254,139.8053,Sōka,Japan,,,,,,,,,,,,,,,
8.9139,76.6889,Nedumana,India,,,,,,,,,,,,,,,
18.6181,-68.7111,Higüey,Dominican Republic,,,,,,,,,,,,,,,
36.6778,-76.3023,Chesapeake,United States,,,,,,,,,,,,,,,
52.5833,-2.1333,Wolverhampton,United Kingdom,,,,,,,,,,,,,,,
16.2411,-61.5331,Pointe-à-Pitre,Guadeloupe,,,,,,,,,,,,,,,
33.35,43.7833,Al Fallūjah,Iraq,,,,,,,,,,,,,,,
45.7597,21.23,Timişoara,Romania,,,,,,,,,,,,,,,
1.865,9.77,Bata,Equatorial Guinea,,,,,,,,,,,,,,,
50.8333,12.9167,Chemnitz,Germany,,,,,,,,,,,,,,,
10.0167,105.0833,Rạch Giá,Vietnam,,,,,,,,,,,,,,,
22.873,91.2782,Companiganj,Bangladesh,,,,,,,,,,,,,,,
45.4397,12.3319,Venice,Italy,,,,,,,,,,,,,,,
36.5475,52.6783,Bābol,Iran,,,,,,,,,,,,,,,
33.5791,-112.2311,Glendale,United States,,,,,,,,,,,,,,,
24.1422,-110.3108,La Paz,Mexico,,,,,,,,,,,,,,,
34.6281,45.3185,Kalār,Iraq,,,,,,,,,,,,,,,
43.3019,68.2692,Türkistan,Kazakhstan,,,,,,,,,,,,,,,
32.7628,21.755,Al Bayḑā’,Libya,,,,,,,,,,,,,,,
21.4167,95.65,Natogyi,Burma,,,,,,,,,,,,,,,
10.5563,34.2848,Kurmuk,Sudan,,,,,,,,,,,,,,,
28.6139,77.2089,New Delhi,India,,,,,,,,,,,,,,,
-33.4117,-70.55,Las Condes,Chile,,,,,,,,,,,,,,,
-1.6794,29.2336,Goma,Congo (Kinshasa),,,,,,,,,,,,,,,
31.95,34.8,Rishon LeẔiyyon,Israel,,,,,,,,,,,,,,,
-40.5725,-73.1353,Osorno,Chile,,,,,,,,,,,,,,,
19.85,-90.5306,Campeche,Mexico,,,,,,,,,,,,,,,
13.16,80.3,Tiruvottiyūr,India,,,,,,,,,,,,,,,
-2.21,113.92,Palangkaraya,Indonesia,,,,,,,,,,,,,,,
43.365,-8.41,A Coruña,Spain,,,,,,,,,,,,,,,
49.2667,-122.9667,Burnaby,Canada,,,,,,,,,,,,,,,
27.17,84.32,Rāmnagar,India,,,,,,,,,,,,,,,
-22.5647,-47.4017,Limeira,Brazil,,,,,,,,,,,,,,,
54.3233,10.1394,Kiel,Germany,,,,,,,,,,,,,,,
18.6431,-91.8306,Carmen,Mexico,,,,,,,,,,,,,,,
23.08,70.13,Gāndhīdhām,India,,,,,,,,,,,,,,,
11.3,2.4333,Banikoara,Benin,,,,,,,,,,,,,,,
24.08,74.02,Salūmbar,India,,,,,,,,,,,,,,,
35.85,129.2167,Kyŏngju,"Korea, South",,,,,,,,,,,,,,,
60.2944,25.0403,Vantaa,Finland,,,,,,,,,,,,,,,
2.303,111.843,Sibu,Malaysia,,,,,,,,,,,,,,,
36.4636,52.8581,Qā’em Shahr,Iran,,,,,,,,,,,,,,,
41.1342,29.0922,Beykoz,Turkey,,,,,,,,,,,,,,,
42.7491,-71.491,Nashua,United States,,,,,,,,,,,,,,,
30.6611,73.1083,Sahiwal,Pakistan,,,,,,,,,,,,,,,
37.7647,30.5567,Isparta,Turkey,,,,,,,,,,,,,,,
14.6667,120.9417,Navotas,Philippines,,,,,,,,,,,,,,,
22.4067,-79.9531,Santa Clara,Cuba,,,,,,,,,,,,,,,
38.2554,140.3396,Yamagata,Japan,,,,,,,,,,,,,,,
38.3742,34.0289,Aksaray,Turkey,,,,,,,,,,,,,,,
-18.8508,-41.9489,Governador Valadares,Brazil,,,,,,,,,,,,,,,
32.6803,51.5361,Khomeynī Shahr,Iran,,,,,,,,,,,,,,,
23.093,113.7965,Shijing,China,,,,,,,,,,,,,,,
39.9651,-76.7315,York,United States,,,,,,,,,,,,,,,
51.6167,-3.95,Abertawe,United Kingdom,,,,,,,,,,,,,,,
36.0835,140.0764,Tsukuba-kenkyūgakuen-toshi,Japan,,,,,,,,,,,,,,,
-17.9799,-67.13,Oruro,Bolivia,,,,,,,,,,,,,,,
-22.3708,-41.7869,Macaé,Brazil,,,,,,,,,,,,,,,
47.6842,17.6344,Győr,Hungary,,,,,,,,,,,,,,,
30.2964,31.7463,Al ‘Āshir min Ramaḑān,Egypt,,,,,,,,,,,,,,,
-15.67,46.345,Mahajanga,Madagascar,,,,,,,,,,,,,,,
6.8339,79.8644,Mount Lavinia,Sri Lanka,,,,,,,,,,,,,,,
32.91,-96.6304,Garland,United States,,,,,,,,,,,,,,,
54.5175,18.54,Gdynia,Poland,,,,,,,,,,,,,,,
53.5547,-1.4791,Barnsley,United Kingdom,,,,,,,,,,,,,,,
4.865,100.72,Taiping,Malaysia,,,,,,,,,,,,,,,
61.6667,50.8167,Syktyvkar,Russia,,,,,,,,,,,,,,,
53.0255,-2.1761,Stoke-on-Trent,United Kingdom,,,,,,,,,,,,,,,
-2.5619,-44.0539,São José de Ribamar,Brazil,,,,,,,,,,,,,,,
34.9415,-81.0241,Rock Hill,United States,,,,,,,,,,,,,,,
-34.6653,-58.7275,Merlo,Argentina,,,,,,,,,,,,,,,
-1.0561,-80.4553,Portoviejo,Ecuador,,,,,,,,,,,,,,,
31.05,30.4667,Damanhūr,Egypt,,,,,,,,,,,,,,,
43.8564,18.4131,Sarajevo,Bosnia and Herzegovina,,,,,,,,,,,,,,,
23.1704,89.2,Jessore,Bangladesh,,,,,,,,,,,,,,,
50.6192,26.2519,Rivne,Ukraine,,,,,,,,,,,,,,,
6.7914,79.9378,Kesbewa,Sri Lanka,,,,,,,,,,,,,,,
35.1613,138.6763,Fuji,Japan,,,,,,,,,,,,,,,
51.4344,5.4842,Eindhoven,Netherlands,,,,,,,,,,,,,,,
36.2125,57.6764,Sabzevār,Iran,,,,,,,,,,,,,,,
-29.6839,-53.8069,Santa Maria,Brazil,,,,,,,,,,,,,,,
11.6,37.3833,Bahir Dar,Ethiopia,,,,,,,,,,,,,,,
48.75,126.1667,Wudalianchi,China,,,,,,,,,,,,,,,
38.2669,-0.6983,Elche,Spain,,,,,,,,,,,,,,,
25.3833,97.4,Myitkyina,Burma,,,,,,,,,,,,,,,
18.7639,79.475,Rāmgundam,India,,,,,,,,,,,,,,,
13.0819,109.295,Tuy Hòa,Vietnam,,,,,,,,,,,,,,,
33.18,129.715,Sasebo,Japan,,,,,,,,,,,,,,,
5.9,5.6667,Sapele,Nigeria,,,,,,,,,,,,,,,
26.4833,87.2833,Birāṭnagar,Nepal,,,,,,,,,,,,,,,
17.6778,75.3278,Pandharpur,India,,,,,,,,,,,,,,,
40.4711,71.7247,Marg‘ilon,Uzbekistan,,,,,,,,,,,,,,,
44.85,65.5167,Qyzylorda,Kazakhstan,,,,,,,,,,,,,,,
43.1833,-79.2333,St. Catharines,Canada,,,,,,,,,,,,,,,
35.3333,139.4,Chigasaki,Japan,,,,,,,,,,,,,,,
-21.7939,-48.1758,Araraquara,Brazil,,,,,,,,,,,,,,,
51.4828,11.9697,Halle,Germany,,,,,,,,,,,,,,,
33.6872,-111.8651,Scottsdale,United States,,,,,,,,,,,,,,,
-22.5231,-44.1042,Volta Redonda,Brazil,,,,,,,,,,,,,,,
-22.7392,-47.3314,Americana,Brazil,,,,,,,,,,,,,,,
25.2902,117.42,Zhangping,China,,,,,,,,,,,,,,,
7.4004,-7.55,Man,Côte d’Ivoire,,,,,,,,,,,,,,,
-19.4658,-44.2469,Sete Lagoas,Brazil,,,,,,,,,,,,,,,
23.2081,90.7979,Bānchpār,Bangladesh,,,,,,,,,,,,,,,
29.9697,40.2,Sakākā,Saudi Arabia,,,,,,,,,,,,,,,
38.0333,125.7167,Haeju,"Korea, North",,,,,,,,,,,,,,,
47.2167,38.9167,Taganrog,Russia,,,,,,,,,,,,,,,
20.9397,106.3306,Hải Dương,Vietnam,,,,,,,,,,,,,,,
25.35,85.02,Masaurhi Buzurg,India,,,,,,,,,,,,,,,
8.8167,40.5167,Gelemso,Ethiopia,,,,,,,,,,,,,,,
9.49,76.33,Alleppey,India,,,,,,,,,,,,,,,
5.8522,-55.2039,Paramaribo,Suriname,,,,,,,,,,,,,,,
10.4322,-66.8739,Baruta,Venezuela,,,,,,,,,,,,,,,
-22.2139,-49.9458,Marília,Brazil,,,,,,,,,,,,,,,
25.53,87.58,Katihār,India,,,,,,,,,,,,,,,
-6.4833,-76.3667,Tarapoto,Peru,,,,,,,,,,,,,,,
55.6333,51.8167,Nizhnekamsk,Russia,,,,,,,,,,,,,,,
39.7162,76.1684,Atushi,China,,,,,,,,,,,,,,,
30.4464,47.9781,Abī al Khaşīb,Iraq,,,,,,,,,,,,,,,
-23.305,-45.9658,Jacareí,Brazil,,,,,,,,,,,,,,,
39.62,125.66,Anju,"Korea, North",,,,,,,,,,,,,,,
52.1317,11.6392,Magdeburg,Germany,,,,,,,,,,,,,,,
32.4714,48.3489,Andīmeshk,Iran,,,,,,,,,,,,,,,
35.7167,139.75,Bunkyō-ku,Japan,,,,,,,,,,,,,,,
50.25,127.5333,Blagoveshchensk,Russia,,,,,,,,,,,,,,,
48.3,38.05,Horlivka,Ukraine,,,,,,,,,,,,,,,
25.367,72.783,Ahor,India,,,,,,,,,,,,,,,
35.4833,139.45,Yato,Japan,,,,,,,,,,,,,,,
36.238,137.972,Matsumoto,Japan,,,,,,,,,,,,,,,
-19.1167,33.45,Chimoio,Mozambique,,,,,,,,,,,,,,,
-4.58,30.1,Kasulu,Tanzania,,,,,,,,,,,,,,,
48.9228,24.7106,Ivano-Frankivsk,Ukraine,,,,,,,,,,,,,,,
35.6506,139.5407,Chōfugaoka,Japan,,,,,,,,,,,,,,,
-34.7667,-58.6167,González Catán,Argentina,,,,,,,,,,,,,,,
27.7564,118.0353,Wuyishan,China,,,,,,,,,,,,,,,
38.8244,110.4831,Shenmu,China,,,,,,,,,,,,,,,
29.92,73.88,Gangānagar,India,,,,,,,,,,,,,,,
45.6667,25.6167,Braşov,Romania,,,,,,,,,,,,,,,
36.4703,52.3467,Āmol,Iran,,,,,,,,,,,,,,,
47.995,7.85,Freiburg im Breisgau,Germany,,,,,,,,,,,,,,,
26.9103,-101.4222,Monclova,Mexico,,,,,,,,,,,,,,,
28.5904,105.6975,Chishui,China,,,,,,,,,,,,,,,
9.7,1.6667,Djougou,Benin,,,,,,,,,,,,,,,
25.525,69.0158,Mirpur Khas,Pakistan,,,,,,,,,,,,,,,
39.2605,125.8618,P’yŏngsŏng-si,"Korea, North",,,,,,,,,,,,,,,
40.7912,-73.6688,North Hempstead,United States,,,,,,,,,,,,,,,
-25.8603,28.1894,Centurion,South Africa,,,,,,,,,,,,,,,
27.23,95.17,Tinkhang,India,,,,,,,,,,,,,,,
24.5381,81.2953,Rewa,India,,,,,,,,,,,,,,,
38.6778,29.4042,Uşak,Turkey,,,,,,,,,,,,,,,
55.6783,37.8944,Lyubertsy,Russia,,,,,,,,,,,,,,,
35.4828,51.6814,Pākdasht,Iran,,,,,,,,,,,,,,,
2.9927,101.7909,Kajang,Malaysia,,,,,,,,,,,,,,,
32.0833,34.8833,Petaẖ Tiqwa,Israel,,,,,,,,,,,,,,,
18.2167,42.5,Abhā,Saudi Arabia,,,,,,,,,,,,,,,
28.0833,30.75,Al Minyā,Egypt,,,,,,,,,,,,,,,
7.9667,3.6,Iseyin,Nigeria,,,,,,,,,,,,,,,
22.2867,114.155,Central District,Hong Kong,,,,,,,,,,,,,,,
-24.6569,25.9086,Gaborone,Botswana,,,,,,,,,,,,,,,
13.8014,8.9849,Zinder,Niger,,,,,,,,,,,,,,,
44.8539,82.0514,Bole,China,,,,,,,,,,,,,,,
18.4382,-67.1537,Aguadilla,Puerto Rico,,,,,,,,,,,,,,,
50.5667,137.0,Komsomol’sk-na-Amure,Russia,,,,,,,,,,,,,,,
-13.0167,14.6333,Ganda,Angola,,,,,,,,,,,,,,,
38.8786,-77.1011,Arlington,United States,,,,,,,,,,,,,,,
22.47,88.11,Uluberiya,India,,,,,,,,,,,,,,,
28.4069,77.8497,Bulandshahr,India,,,,,,,,,,,,,,,
5.55,95.3175,Banda Aceh,Indonesia,,,,,,,,,,,,,,,
32.6331,51.365,Najafābād,Iran,,,,,,,,,,,,,,,
35.6594,139.7006,Shibuya-ku,Japan,,,,,,,,,,,,,,,
10.4992,107.1675,Bà Rịa,Vietnam,,,,,,,,,,,,,,,
20.3795,-76.6433,Bayamo,Cuba,,,,,,,,,,,,,,,
34.6747,33.0442,Limassol,Cyprus,,,,,,,,,,,,,,,
36.8945,-76.259,Norfolk,United States,,,,,,,,,,,,,,,
6.8011,-58.155,Georgetown,Guyana,,,,,,,,,,,,,,,
33.9111,48.7522,Borūjerd,Iran,,,,,,,,,,,,,,,
44.278,-88.3892,Appleton,United States,,,,,,,,,,,,,,,
25.8167,-100.5833,García,Mexico,,,,,,,,,,,,,,,
-9.7525,-36.6611,Arapiraca,Brazil,,,,,,,,,,,,,,,
28.0667,119.1333,Longquan,China,,,,,,,,,,,,,,,
20.8133,105.3383,Hòa Bình,Vietnam,,,,,,,,,,,,,,,
4.3999,113.9845,Miri,Malaysia,,,,,,,,,,,,,,,
-3.8769,-38.6258,Maracanaú,Brazil,,,,,,,,,,,,,,,
51.2225,51.3725,Oral,Kazakhstan,,,,,,,,,,,,,,,
44.3333,23.8167,Craiova,Romania,,,,,,,,,,,,,,,
16.2,77.37,Rāichūr,India,,,,,,,,,,,,,,,
-26.1833,-58.1833,Formosa,Argentina,,,,,,,,,,,,,,,
-7.4278,109.2417,Purwokerto,Indonesia,,,,,,,,,,,,,,,
25.15,82.6,Chauhanpatti,India,,,,,,,,,,,,,,,
7.9564,-11.74,Bo,Sierra Leone,,,,,,,,,,,,,,,
5.5,15.5,Mambéré,Central African Republic,,,,,,,,,,,,,,,
11.15,12.75,Damboa,Nigeria,,,,,,,,,,,,,,,
53.2167,6.5667,Groningen,Netherlands,,,,,,,,,,,,,,,
37.3833,126.9333,Anyang,"Korea, South",,,,,,,,,,,,,,,
-27.6144,152.7608,Ipswich,Australia,,,,,,,,,,,,,,,
4.0119,101.0314,Teluk Intan,Malaysia,,,,,,,,,,,,,,,
14.4104,-16.9649,Mbour,Senegal,,,,,,,,,,,,,,,
18.4167,-70.1333,San Cristóbal,Dominican Republic,,,,,,,,,,,,,,,
37.1781,-3.6008,Granada,Spain,,,,,,,,,,,,,,,
-29.9433,-50.9939,Gravataí,Brazil,,,,,,,,,,,,,,,
11.8745,75.3704,Cannanore,India,,,,,,,,,,,,,,,
-4.8167,34.75,Singida,Tanzania,,,,,,,,,,,,,,,
-4.8833,29.6333,Kigoma,Tanzania,,,,,,,,,,,,,,,
30.8092,73.4536,Okara,Pakistan,,,,,,,,,,,,,,,
33.2636,130.3008,Saga,Japan,,,,,,,,,,,,,,,
23.6025,102.8309,Lin’an,China,,,,,,,,,,,,,,,
36.0091,-115.2278,Enterprise,United States,,,,,,,,,,,,,,,
0.5,29.4667,Beni,Congo (Kinshasa),,,,,,,,,,,,,,,
16.17,81.13,Machilīpatnam,India,,,,,,,,,,,,,,,
25.0455,88.7609,Nazipur,Bangladesh,,,,,,,,,,,,,,,
30.4274,-89.0704,Gulfport,United States,,,,,,,,,,,,,,,
31.1742,31.2218,Biyalā,Egypt,,,,,,,,,,,,,,,
30.2082,-92.0325,Lafayette,United States,,,,,,,,,,,,,,,
30.3469,48.2825,Madan,Iran,,,,,,,,,,,,,,,
22.9173,113.9958,Huangjingkeng,China,,,,,,,,,,,,,,,
-34.1667,-70.75,Rancagua,Chile,,,,,,,,,,,,,,,
21.4156,105.8739,Phú Yên,Vietnam,,,,,,,,,,,,,,,
-20.1389,-44.8839,Divinópolis,Brazil,,,,,,,,,,,,,,,
35.4267,51.5842,Qarchak,Iran,,,,,,,,,,,,,,,
11.0106,124.6075,Ormoc,Philippines,,,,,,,,,,,,,,,
33.18,129.715,Yoshiichō-shimobaru,Japan,,,,,,,,,,,,,,,
23.175,-102.8675,Fresnillo,Mexico,,,,,,,,,,,,,,,
39.0833,63.5667,Türkmenabat,Turkmenistan,,,,,,,,,,,,,,,
21.1333,105.5,Sơn Tây,Vietnam,,,,,,,,,,,,,,,
0.9,108.9833,Singkawang,Indonesia,,,,,,,,,,,,,,,
10.4519,-5.6511,Zégoua,Mali,,,,,,,,,,,,,,,
1.7156,44.7703,Marka,Somalia,,,,,,,,,,,,,,,
22.7,90.3667,Barishal,Bangladesh,,,,,,,,,,,,,,,
1.6561,103.6032,Kulai,Malaysia,,,,,,,,,,,,,,,
25.77,73.33,Pāli,India,,,,,,,,,,,,,,,
21.167,73.564,Songadh,India,,,,,,,,,,,,,,,
18.7519,79.5133,Gadda Madiral,India,,,,,,,,,,,,,,,
12.7409,77.8253,Hosūr,India,,,,,,,,,,,,,,,
40.9833,37.8833,Ordu,Turkey,,,,,,,,,,,,,,,
48.7167,21.25,Košice,Slovakia,,,,,,,,,,,,,,,
35.9753,139.7523,Kasukabe,Japan,,,,,,,,,,,,,,,
37.4722,57.3289,Bojnūrd,Iran,,,,,,,,,,,,,,,
6.1667,-75.5667,Envigado,Colombia,,,,,,,,,,,,,,,
29.945,78.163,Haridwār,India,,,,,,,,,,,,,,,
18.1159,83.406,Vizianagaram,India,,,,,,,,,,,,,,,
41.57,2.013,Tarrasa,Spain,,,,,,,,,,,,,,,
-23.5428,-46.3108,Suzano,Brazil,,,,,,,,,,,,,,,
15.4833,-90.3667,Cobán,Guatemala,,,,,,,,,,,,,,,
47.5436,-122.7121,Bremerton,United States,,,,,,,,,,,,,,,
32.9394,-5.6675,Khénifra,Morocco,,,,,,,,,,,,,,,
51.3333,6.5667,Krefeld,Germany,,,,,,,,,,,,,,,
37.5265,-121.9843,Fremont,United States,,,,,,,,,,,,,,,
20.1383,-75.2061,Guantánamo,Cuba,,,,,,,,,,,,,,,
17.1495,42.6254,Şabyā,Saudi Arabia,,,,,,,,,,,,,,,
19.17,75.18,Pāthardi,India,,,,,,,,,,,,,,,
-22.6528,-43.0408,Magé,Brazil,,,,,,,,,,,,,,,
34.7667,135.6333,Neya,Japan,,,,,,,,,,,,,,,
8.7,77.7069,Mel Pālaiyam,India,,,,,,,,,,,,,,,
34.4367,35.8344,Tripoli,Lebanon,,,,,,,,,,,,,,,
48.1147,-1.6794,Rennes,France,,,,,,,,,,,,,,,
-19.4678,-42.5369,Ipatinga,Brazil,,,,,,,,,,,,,,,
26.6582,31.6714,Sāqultah,Egypt,,,,,,,,,,,,,,,
44.5148,-87.9895,Green Bay,United States,,,,,,,,,,,,,,,
15.6127,-87.9507,Choloma,Honduras,,,,,,,,,,,,,,,
28.9198,79.9699,Khatīma,India,,,,,,,,,,,,,,,
41.4489,2.2461,Badalona,Spain,,,,,,,,,,,,,,,
22.47,72.8,Petlād,India,,,,,,,,,,,,,,,
48.5167,34.6133,Kamianske,Ukraine,,,,,,,,,,,,,,,
35.9774,139.5932,Ageoshimo,Japan,,,,,,,,,,,,,,,
24.0667,120.5333,Changhua,Taiwan,,,,,,,,,,,,,,,
50.4547,-104.6067,Regina,Canada,,,,,,,,,,,,,,,
9.1833,105.15,Cà Mau,Vietnam,,,,,,,,,,,,,,,
55.9167,37.8167,Korolëv,Russia,,,,,,,,,,,,,,,
46.95,128.05,Tieli,China,,,,,,,,,,,,,,,
31.8883,117.4608,Dianbu,China,,,,,,,,,,,,,,,
59.7333,30.6,Kolpino,Russia,,,,,,,,,,,,,,,
17.55,-99.5,Chilpancingo,Mexico,,,,,,,,,,,,,,,
-17.7978,-50.9278,Rio Verde,Brazil,,,,,,,,,,,,,,,
14.73,120.95,Meycauayan,Philippines,,,,,,,,,,,,,,,
-22.1258,-51.3889,Presidente Prudente,Brazil,,,,,,,,,,,,,,,
35.3503,51.6364,Varāmīn,Iran,,,,,,,,,,,,,,,
1.3786,99.2722,Padangsidempuan,Indonesia,,,,,,,,,,,,,,,
-11.3583,15.1194,Uacu Cungo,Angola,,,,,,,,,,,,,,,
10.3833,78.8001,Pudukkottai,India,,,,,,,,,,,,,,,
42.863,130.366,Hunchun,China,,,,,,,,,,,,,,,
22.69,72.86,Nadiād,India,,,,,,,,,,,,,,,
-18.155,49.41,Toamasina,Madagascar,,,,,,,,,,,,,,,
46.8651,-96.8292,Fargo,United States,,,,,,,,,,,,,,,
49.5667,25.6,Ternopil,Ukraine,,,,,,,,,,,,,,,
-18.9667,32.6333,Mutare,Zimbabwe,,,,,,,,,,,,,,,
23.6418,88.8577,Chuādānga,Bangladesh,,,,,,,,,,,,,,,
21.5767,-78.2775,Carlos Manuel de Céspedes,Cuba,,,,,,,,,,,,,,,
44.4347,125.175,Nong’an,China,,,,,,,,,,,,,,,
36.2911,139.3754,Ōta,Japan,,,,,,,,,,,,,,,
28.905,-81.2137,Deltona,United States,,,,,,,,,,,,,,,
-22.7475,-42.8558,Itaboraí,Brazil,,,,,,,,,,,,,,,
20.6458,-105.2222,Puerto Vallarta,Mexico,,,,,,,,,,,,,,,
-25.3538,-57.4426,Capiatá,Paraguay,,,,,,,,,,,,,,,
-30.0808,-51.0228,Viamão,Brazil,,,,,,,,,,,,,,,
-27.0958,-52.6178,Chapecó,Brazil,,,,,,,,,,,,,,,
-34.75,-58.3833,Banfield,Argentina,,,,,,,,,,,,,,,
35.4333,139.3667,Atsugichō,Japan,,,,,,,,,,,,,,,
21.4539,91.9677,Cox’s Bāzār,Bangladesh,,,,,,,,,,,,,,,
28.9264,50.8514,Bandar-e Būshehr,Iran,,,,,,,,,,,,,,,
3.5167,98.7833,Tanjung Morawa,Indonesia,,,,,,,,,,,,,,,
25.9975,-97.458,Brownsville,United States,,,,,,,,,,,,,,,
-23.5489,-46.9342,Itapevi,Brazil,,,,,,,,,,,,,,,
-7.75,113.2167,Probolinggo,Indonesia,,,,,,,,,,,,,,,
10.787,79.1378,Tanjore,India,,,,,,,,,,,,,,,
49.9994,8.2736,Mainz,Germany,,,,,,,,,,,,,,,
40.5123,141.4884,Hachinohe,Japan,,,,,,,,,,,,,,,
-8.4728,13.3731,Barra do Dande,Angola,,,,,,,,,,,,,,,
36.75,34.5333,Mezitli,Turkey,,,,,,,,,,,,,,,
-26.107,28.0517,Sandton,South Africa,,,,,,,,,,,,,,,
58.55,31.2667,Velikiy Novgorod,Russia,,,,,,,,,,,,,,,
51.9,-8.4731,Cork,Ireland,,,,,,,,,,,,,,,
-8.5594,125.5795,Dili,Timor-Leste,,,,,,,,,,,,,,,
39.7333,22.2833,Týrnavos,Greece,,,,,,,,,,,,,,,
7.1961,5.5864,Owo,Nigeria,,,,,,,,,,,,,,,
51.56,-1.78,Swindon,United Kingdom,,,,,,,,,,,,,,,
-6.3111,106.7619,Ciputat,Indonesia,,,,,,,,,,,,,,,
41.5486,2.1075,Sabadell,Spain,,,,,,,,,,,,,,,
12.4333,98.6,Myeik,Burma,,,,,,,,,,,,,,,
28.92,79.5,Kichha,India,,,,,,,,,,,,,,,
25.8696,-80.3045,Hialeah,United States,,,,,,,,,,,,,,,
22.8853,113.0758,Longjiang,China,,,,,,,,,,,,,,,
23.48,80.4,Katri,India,,,,,,,,,,,,,,,
34.8114,135.3406,Takarazuka,Japan,,,,,,,,,,,,,,,
34.1416,-117.2943,San Bernardino,United States,,,,,,,,,,,,,,,
37.0333,35.4167,Sarıçam,Turkey,,,,,,,,,,,,,,,
8.5667,-10.1333,Guéckédou,Guinea,,,,,,,,,,,,,,,
36.22,58.82,Neyshābūr,Iran,,,,,,,,,,,,,,,
22.9409,112.9819,Xiqiao,China,,,,,,,,,,,,,,,
9.6028,105.9736,Sóc Trăng,Vietnam,,,,,,,,,,,,,,,
25.8,87.64,Dagarua,India,,,,,,,,,,,,,,,
8.8833,2.6,Tchaourou,Benin,,,,,,,,,,,,,,,
50.75,25.3358,Lutsk,Ukraine,,,,,,,,,,,,,,,
6.7419,-7.3492,Duekoué,Côte d’Ivoire,,,,,,,,,,,,,,,
28.58,78.55,Sambhal,India,,,,,,,,,,,,,,,
47.7,40.2333,Shakhty,Russia,,,,,,,,,,,,,,,
10.3406,-68.7369,San Felipe,Venezuela,,,,,,,,,,,,,,,
35.0278,50.3611,Sāveh,Iran,,,,,,,,,,,,,,,
43.36,-5.845,Oviedo,Spain,,,,,,,,,,,,,,,
47.2431,-122.4531,Tacoma,United States,,,,,,,,,,,,,,,
-19.7697,-43.8514,Santa Luzia,Brazil,,,,,,,,,,,,,,,
21.133,106.383,Chí Linh,Vietnam,,,,,,,,,,,,,,,
19.22,-70.53,La Vega,Dominican Republic,,,,,,,,,,,,,,,
24.202,82.666,Singrauliya,India,,,,,,,,,,,,,,,
33.2333,-8.5,El Jadid,Morocco,,,,,,,,,,,,,,,
31.7978,34.6503,Ashdod,Israel,,,,,,,,,,,,,,,
42.2139,20.7397,Prizren,Kosovo,,,,,,,,,,,,,,,
56.1167,101.6,Bratsk,Russia,,,,,,,,,,,,,,,
24.7461,67.9244,Thatta,Pakistan,,,,,,,,,,,,,,,
29.6804,-82.3459,Gainesville,United States,,,,,,,,,,,,,,,
36.0952,-115.2636,Spring Valley,United States,,,,,,,,,,,,,,,
37.6019,-0.9842,Cartagena,Spain,,,,,,,,,,,,,,,
37.9333,40.2333,Yenişehir,Turkey,,,,,,,,,,,,,,,
26.3,50.2167,Al Khubar,Saudi Arabia,,,,,,,,,,,,,,,
48.5,32.2667,Kropyvnytskyi,Ukraine,,,,,,,,,,,,,,,
5.1497,7.3303,Osisioma,Nigeria,,,,,,,,,,,,,,,
4.0833,-76.2,Tuluá,Colombia,,,,,,,,,,,,,,,
53.8697,10.6864,Lübeck,Germany,,,,,,,,,,,,,,,
40.2833,70.4167,Konibodom,Tajikistan,,,,,,,,,,,,,,,
-15.7667,28.1833,Kafue,Zambia,,,,,,,,,,,,,,,
38.1936,15.5542,Messina,Italy,,,,,,,,,,,,,,,
-2.1333,106.1167,Pangkalpinang,Indonesia,,,,,,,,,,,,,,,
-9.3928,-40.5078,Petrolina,Brazil,,,,,,,,,,,,,,,
1.4472,125.1978,Bitung,Indonesia,,,,,,,,,,,,,,,
14.08,121.18,Santo Tomas,Philippines,,,,,,,,,,,,,,,
36.5692,-87.3413,Clarksville,United States,,,,,,,,,,,,,,,
22.89,88.42,Naihāti,India,,,,,,,,,,,,,,,
35.7333,139.7833,Arakawa,Japan,,,,,,,,,,,,,,,
40.6925,-73.3586,Babylon,United States,,,,,,,,,,,,,,,
45.4233,28.0425,Galaţi,Romania,,,,,,,,,,,,,,,
26.5925,86.1372,Jaynagar,India,,,,,,,,,,,,,,,
27.15,-13.1989,Laâyoune,Morocco,,,,,,,,,,,,,,,
14.9,-92.2667,Tapachula,Mexico,,,,,,,,,,,,,,,
52.55,103.9,Angarsk,Russia,,,,,,,,,,,,,,,
6.45,3.3667,Apapa,Nigeria,,,,,,,,,,,,,,,
32.3286,34.8567,Netanya,Israel,,,,,,,,,,,,,,,
41.0736,28.2478,Silivri,Turkey,,,,,,,,,,,,,,,
53.2,63.62,Qostanay,Kazakhstan,,,,,,,,,,,,,,,
51.2967,37.835,Staryy Oskol,Russia,,,,,,,,,,,,,,,
6.1133,100.3729,Alor Setar,Malaysia,,,,,,,,,,,,,,,
37.1427,109.6752,Wayaobu,China,,,,,,,,,,,,,,,
51.9333,15.5,Zielona Góra,Poland,,,,,,,,,,,,,,,
-34.5167,-58.7667,José C. Paz,Argentina,,,,,,,,,,,,,,,
30.133,77.288,Yamunānagar,India,,,,,,,,,,,,,,,
-3.4425,114.8325,Banjarbaru,Indonesia,,,,,,,,,,,,,,,
7.9042,125.0928,Valencia,Philippines,,,,,,,,,,,,,,,
-13.1631,-74.2244,Ayacucho,Peru,,,,,,,,,,,,,,,
-41.2889,174.7772,Wellington,New Zealand,,,,,,,,,,,,,,,
-33.4833,-70.55,Peñalolén,Chile,,,,,,,,,,,,,,,
21.5478,107.9717,Dongxing,China,,,,,,,,,,,,,,,
11.8633,34.3877,Ar Ruseris,Sudan,,,,,,,,,,,,,,,
-22.8583,-47.22,Hortolândia,Brazil,,,,,,,,,,,,,,,
30.5852,-96.2959,College Station,United States,,,,,,,,,,,,,,,
47.0417,-122.8959,Olympia,United States,,,,,,,,,,,,,,,
12.9675,80.1491,Pallāvaram,India,,,,,,,,,,,,,,,
18.8833,-99.1667,Jiutepec,Mexico,,,,,,,,,,,,,,,
49.0631,33.4039,Kremenchuk,Ukraine,,,,,,,,,,,,,,,
56.2333,43.45,Dzerzhinsk,Russia,,,,,,,,,,,,,,,
10.5333,106.4167,Tân An,Vietnam,,,,,,,,,,,,,,,
36.4072,94.9283,Golmud,China,,,,,,,,,,,,,,,
-34.6,-68.3333,San Rafael,Argentina,,,,,,,,,,,,,,,
36.5,4.2978,Sidi Aïssa,Algeria,,,,,,,,,,,,,,,
21.82,75.6187,Khargone,India,,,,,,,,,,,,,,,
31.3167,45.2833,As Samāwah,Iraq,,,,,,,,,,,,,,,
23.6167,58.5667,Maţraḩ,Oman,,,,,,,,,,,,,,,
18.2801,-93.2018,Comalcalco,Mexico,,,,,,,,,,,,,,,
65.0142,25.4719,Oulu,Finland,,,,,,,,,,,,,,,
52.3667,5.2167,Almere,Netherlands,,,,,,,,,,,,,,,
37.9092,69.7819,Kŭlob,Tajikistan,,,,,,,,,,,,,,,
10.3,105.7667,Sa Đéc,Vietnam,,,,,,,,,,,,,,,
34.7589,126.38,Mokpo,"Korea, South",,,,,,,,,,,,,,,
27.2578,33.8117,Al Ghardaqah,Egypt,,,,,,,,,,,,,,,
-17.5167,-63.1667,Warnes,Bolivia,,,,,,,,,,,,,,,
38.6972,-9.4217,Cascais,Portugal,,,,,,,,,,,,,,,
38.4833,27.05,Çiğli,Turkey,,,,,,,,,,,,,,,
5.312,-3.9936,Marcory,Côte d’Ivoire,,,,,,,,,,,,,,,
37.2785,-79.9581,Roanoke,United States,,,,,,,,,,,,,,,
35.4194,74.0944,Chilas,Pakistan,,,,,,,,,,,,,,,
11.3167,-5.6667,Sikasso,Mali,,,,,,,,,,,,,,,
6.9903,-5.7442,Bouaflé,Côte d’Ivoire,,,,,,,,,,,,,,,
37.1498,127.0771,Osan,"Korea, South",,,,,,,,,,,,,,,
43.45,-79.6833,Oakville,Canada,,,,,,,,,,,,,,,
17.4399,78.4983,Secunderābād,India,,,,,,,,,,,,,,,
36.6817,-6.1378,Jerez de la Frontera,Spain,,,,,,,,,,,,,,,
8.8861,-64.2611,El Tigre,Venezuela,,,,,,,,,,,,,,,
36.3114,139.1968,Isesaki,Japan,,,,,,,,,,,,,,,
52.6286,1.2928,Norwich,United Kingdom,,,,,,,,,,,,,,,
50.8,19.1167,Częstochowa,Poland,,,,,,,,,,,,,,,
25.381,86.465,Monghyr,India,,,,,,,,,,,,,,,
51.8783,-0.4147,Luton,United Kingdom,,,,,,,,,,,,,,,
25.7848,84.7274,Chāpra,India,,,,,,,,,,,,,,,
35.1939,-0.6414,Sidi Bel Abbès,Algeria,,,,,,,,,,,,,,,
29.5,111.908,Jinshi,China,,,,,,,,,,,,,,,
24.8333,121.0119,Zhubei,Taiwan,,,,,,,,,,,,,,,
1.8067,-78.7647,Tumaco,Colombia,,,,,,,,,,,,,,,
63.44,10.4,Trondheim,Norway,,,,,,,,,,,,,,,
27.7306,30.8425,Mallawī,Egypt,,,,,,,,,,,,,,,
34.2492,132.5658,Kure,Japan,,,,,,,,,,,,,,,
8.8822,7.2203,Kuje,Nigeria,,,,,,,,,,,,,,,
13.8485,75.705,Bhadrāvati,India,,,,,,,,,,,,,,,
36.7604,43.8943,‘Aqrah,Iraq,,,,,,,,,,,,,,,
48.3058,14.2864,Linz,Austria,,,,,,,,,,,,,,,
34.0968,-117.4599,Fontana,United States,,,,,,,,,,,,,,,
10.4672,105.6303,Cao Lãnh,Vietnam,,,,,,,,,,,,,,,
35.8563,139.9029,Nagareyama,Japan,,,,,,,,,,,,,,,
31.1731,121.2723,Xujing,China,,,,,,,,,,,,,,,
31.2988,121.1742,Xigujing,China,,,,,,,,,,,,,,,
35.7125,139.78,Taitō,Japan,,,,,,,,,,,,,,,
35.3403,25.1344,Irákleio,Greece,,,,,,,,,,,,,,,
-28.6775,-49.3697,Criciúma,Brazil,,,,,,,,,,,,,,,
30.74,76.8,Panchkula,India,,,,,,,,,,,,,,,
51.4967,6.8706,Oberhausen,Germany,,,,,,,,,,,,,,,
24.73,68.25,Mirpur Bhtoro,Pakistan,,,,,,,,,,,,,,,
21.3114,76.2289,Burhānpur,India,,,,,,,,,,,,,,,
30.3342,-9.4972,Ait Melloul,Morocco,,,,,,,,,,,,,,,
54.0833,12.1333,Rostock,Germany,,,,,,,,,,,,,,,
37.907,112.176,Gujiao,China,,,,,,,,,,,,,,,
-3.6861,-40.3497,Sobral,Brazil,,,,,,,,,,,,,,,
14.28,120.87,Trece Martires City,Philippines,,,,,,,,,,,,,,,
37.75,128.9,Gangneung,"Korea, South",,,,,,,,,,,,,,,
7.8272,123.4364,Pagadian,Philippines,,,,,,,,,,,,,,,
-33.3667,-70.7333,Quilicura,Chile,,,,,,,,,,,,,,,
34.9442,-81.9251,Spartanburg,United States,,,,,,,,,,,,,,,
33.9244,-117.2045,Moreno Valley,United States,,,,,,,,,,,,,,,
35.6772,10.1008,Kairouan,Tunisia,,,,,,,,,,,,,,,
42.503,27.4702,Burgas,Bulgaria,,,,,,,,,,,,,,,
33.156,-96.8216,Frisco,United States,,,,,,,,,,,,,,,
23.0436,-82.3328,Arroyo Naranjo,Cuba,,,,,,,,,,,,,,,
5.363,100.4667,Bukit Mertajam,Malaysia,,,,,,,,,,,,,,,
49.1667,-123.1333,Richmond,Canada,,,,,,,,,,,,,,,
17.4859,78.5651,Kāpra,India,,,,,,,,,,,,,,,
5.35,5.5167,Burutu,Nigeria,,,,,,,,,,,,,,,
40.3333,-3.8667,Móstoles,Spain,,,,,,,,,,,,,,,
32.3394,-6.3608,Béni Mellal,Morocco,,,,,,,,,,,,,,,
13.13,123.73,Legazpi City,Philippines,,,,,,,,,,,,,,,
40.9466,-73.8673,Yonkers,United States,,,,,,,,,,,,,,,
16.8281,96.1842,Thingangyun,Burma,,,,,,,,,,,,,,,
7.3,125.68,Panabo,Philippines,,,,,,,,,,,,,,,
-6.4947,106.6511,Cikupa,Indonesia,,,,,,,,,,,,,,,
10.4667,-68.0167,Puerto Cabello,Venezuela,,,,,,,,,,,,,,,
37.2667,127.4333,Ich’ŏn,"Korea, South",,,,,,,,,,,,,,,
31.2522,34.7867,Beersheba,Israel,,,,,,,,,,,,,,,
26.3504,92.6796,Nowgong,India,,,,,,,,,,,,,,,
-8.29,-35.03,Santo Agostinho,Brazil,,,,,,,,,,,,,,,
23.2939,113.3531,Taisheng,China,,,,,,,,,,,,,,,
7.336,-2.336,Sunyani,Ghana,,,,,,,,,,,,,,,
34.1914,-118.8756,Thousand Oaks,United States,,,,,,,,,,,,,,,
-3.2967,102.8617,Lubuklinggau,Indonesia,,,,,,,,,,,,,,,
5.6995,-0.0348,Ashaiman,Ghana,,,,,,,,,,,,,,,
11.5667,108.9833,Phan Rang-Tháp Chàm,Vietnam,,,,,,,,,,,,,,,
30.38,76.78,Ambāla,India,,,,,,,,,,,,,,,
19.9833,-102.2833,Zamora,Mexico,,,,,,,,,,,,,,,
38.1619,27.3583,Torbalı,Turkey,,,,,,,,,,,,,,,
36.9667,127.95,Chungju,"Korea, South",,,,,,,,,,,,,,,
0.4378,32.6025,Kasangati,Uganda,,,,,,,,,,,,,,,
43.5396,-96.7311,Sioux Falls,United States,,,,,,,,,,,,,,,
42.8167,-1.65,Pamplona,Spain,,,,,,,,,,,,,,,
14.8333,-91.5167,Quetzaltenango,Guatemala,,,,,,,,,,,,,,,
22.3302,87.3237,Kharagpur,India,,,,,,,,,,,,,,,
26.055,32.1627,Farshūţ,Egypt,,,,,,,,,,,,,,,
22.1083,95.1417,Monywa,Burma,,,,,,,,,,,,,,,
35.7256,139.5383,Nishitōkyō,Japan,,,,,,,,,,,,,,,
53.15,29.2333,Babruysk,Belarus,,,,,,,,,,,,,,,
12.9563,78.2754,Robertsonpet,India,,,,,,,,,,,,,,,
10.35,77.95,Dindigul,India,,,,,,,,,,,,,,,
37.2306,39.7653,Viranşehir,Turkey,,,,,,,,,,,,,,,
10.38,123.65,Toledo,Philippines,,,,,,,,,,,,,,,
49.7989,30.1153,Bila Tserkva,Ukraine,,,,,,,,,,,,,,,
8.0031,124.285,Marawi City,Philippines,,,,,,,,,,,,,,,
39.6401,-77.7217,Hagerstown,United States,,,,,,,,,,,,,,,
24.75,72.2167,Rānīwāra Kalān,India,,,,,,,,,,,,,,,
41.2889,28.0042,Çerkezköy,Turkey,,,,,,,,,,,,,,,
52.413,-1.778,Solihull,United Kingdom,,,,,,,,,,,,,,,
9.35,2.6167,Parakou,Benin,,,,,,,,,,,,,,,
9.35,2.6167,Bakaga,Benin,,,,,,,,,,,,,,,
31.4167,31.8214,Damietta,Egypt,,,,,,,,,,,,,,,
31.1033,77.1722,Shimla,India,,,,,,,,,,,,,,,
-14.55,40.6833,Cidade de Nacala,Mozambique,,,,,,,,,,,,,,,
37.9881,-87.5341,Evansville,United States,,,,,,,,,,,,,,,
25.63,88.65,Dinājpur,Bangladesh,,,,,,,,,,,,,,,
15.2689,76.3909,Hospet,India,,,,,,,,,,,,,,,
51.544,-0.1027,Islington,United Kingdom,,,,,,,,,,,,,,,
-35.4269,-71.6656,Talca,Chile,,,,,,,,,,,,,,,
42.4667,123.5667,Diaobingshancun,China,,,,,,,,,,,,,,,
-8.1,36.6833,Ifakara,Tanzania,,,,,,,,,,,,,,,
-36.8019,174.7494,Northcote,New Zealand,,,,,,,,,,,,,,,
25.0044,88.1458,Māldah,India,,,,,,,,,,,,,,,
15.9281,120.3489,San Carlos City,Philippines,,,,,,,,,,,,,,,
44.1447,125.8443,Jiutai,China,,,,,,,,,,,,,,,
10.9333,108.1,Phan Thiết,Vietnam,,,,,,,,,,,,,,,
31.3402,34.3063,Khān Yūnis,Gaza Strip,,,,,,,,,,,,,,,
34.5833,110.1,Huayin,China,,,,,,,,,,,,,,,
35.1984,-101.8316,Amarillo,United States,,,,,,,,,,,,,,,
15.506,80.049,Ongole,India,,,,,,,,,,,,,,,
18.8942,-96.9347,Córdoba,Mexico,,,,,,,,,,,,,,,
23.6165,91.0679,Brahmanpara,Bangladesh,,,,,,,,,,,,,,,
51.3158,9.4979,Kassel,Germany,,,,,,,,,,,,,,,
34.85,5.7333,Biskra,Algeria,,,,,,,,,,,,,,,
5.35,-3.9,Bingerville,Côte d’Ivoire,,,,,,,,,,,,,,,
42.2749,-85.5882,Kalamazoo,United States,,,,,,,,,,,,,,,
-6.35,31.0667,Mpanda,Tanzania,,,,,,,,,,,,,,,
50.4167,4.4442,Charleroi,Belgium,,,,,,,,,,,,,,,
-25.535,-49.2058,São José dos Pinhais,Brazil,,,,,,,,,,,,,,,
0.78,127.3819,Ternate,Indonesia,,,,,,,,,,,,,,,
36.487,127.2822,Sejong,"Korea, South",,,,,,,,,,,,,,,
-29.9531,-71.3433,Coquimbo,Chile,,,,,,,,,,,,,,,
25.8226,98.8577,Luzhang,China,,,,,,,,,,,,,,,
12.9167,13.5667,Kukawa,Nigeria,,,,,,,,,,,,,,,
41.4409,-82.184,Lorain,United States,,,,,,,,,,,,,,,
16.7117,81.1031,Ellore,India,,,,,,,,,,,,,,,
11.9417,108.4383,Đà Lạt,Vietnam,,,,,,,,,,,,,,,
40.8521,-73.3823,Huntington,United States,,,,,,,,,,,,,,,
21.033,106.5,Kinh Môn,Vietnam,,,,,,,,,,,,,,,
32.8781,59.2161,Bīrjand,Iran,,,,,,,,,,,,,,,
14.58,121.012,Santa Ana,Philippines,,,,,,,,,,,,,,,
10.6,-66.9331,La Guaira,Venezuela,,,,,,,,,,,,,,,
-3.9833,-79.2,Loja,Ecuador,,,,,,,,,,,,,,,
30.1592,72.6817,Mandi Burewala,Pakistan,,,,,,,,,,,,,,,
-7.3695,108.5414,Banjar,Indonesia,,,,,,,,,,,,,,,
9.5597,-69.2019,Acarigua,Venezuela,,,,,,,,,,,,,,,
24.48,86.7,Deoghar,India,,,,,,,,,,,,,,,
0.9188,104.4554,Tanjungpinang,Indonesia,,,,,,,,,,,,,,,
21.1189,105.9611,Phủ Từ Sơn,Vietnam,,,,,,,,,,,,,,,
29.2484,-94.8913,Galveston,United States,,,,,,,,,,,,,,,
22.8897,-109.9156,Cabo San Lucas,Mexico,,,,,,,,,,,,,,,
22.8897,-109.9156,El Tezal,Mexico,,,,,,,,,,,,,,,
22.057,78.9396,Chhindwāra,India,,,,,,,,,,,,,,,
36.8417,-2.4639,Almería,Spain,,,,,,,,,,,,,,,
-7.63,111.5231,Madiun,Indonesia,,,,,,,,,,,,,,,
-7.77,35.69,Iringa,Tanzania,,,,,,,,,,,,,,,
25.3898,85.9191,Mokameh,India,,,,,,,,,,,,,,,
33.2016,-96.667,McKinney,United States,,,,,,,,,,,,,,,
60.4517,22.2669,Turku,Finland,,,,,,,,,,,,,,,
25.6967,32.6444,Luxor,Egypt,,,,,,,,,,,,,,,
40.1158,67.8422,Jizzax,Uzbekistan,,,,,,,,,,,,,,,
-18.4784,-70.3212,Arica,Chile,,,,,,,,,,,,,,,
20.9667,-76.95,Las Tunas,Cuba,,,,,,,,,,,,,,,
20.0087,42.5987,Qal‘at Bīshah,Saudi Arabia,,,,,,,,,,,,,,,
43.8667,-79.4333,Richmond Hill,Canada,,,,,,,,,,,,,,,
30.9438,31.5293,Timayy al Imdīd,Egypt,,,,,,,,,,,,,,,
32.6497,14.2644,Al Khums,Libya,,,,,,,,,,,,,,,
35.4681,133.0486,Matsue,Japan,,,,,,,,,,,,,,,
47.53,21.6392,Debrecen,Hungary,,,,,,,,,,,,,,,
3.3,117.6333,Tarakan,Indonesia,,,,,,,,,,,,,,,
38.8309,-9.1684,Loures,Portugal,,,,,,,,,,,,,,,
51.4036,21.1567,Radom,Poland,,,,,,,,,,,,,,,
54.8833,69.1667,Petropavl,Kazakhstan,,,,,,,,,,,,,,,
-22.4108,-47.5608,Rio Claro,Brazil,,,,,,,,,,,,,,,
10.5971,14.3157,Maroua,Cameroon,,,,,,,,,,,,,,,
-7.1575,-78.5175,Cajamarca,Peru,,,,,,,,,,,,,,,
-45.8647,-67.4808,Comodoro Rivadavia,Argentina,,,,,,,,,,,,,,,
38.4109,-82.4345,Huntington,United States,,,,,,,,,,,,,,,
26.1667,32.7167,Qinā,Egypt,,,,,,,,,,,,,,,
13.1906,8.2117,Mai’Adua,Nigeria,,,,,,,,,,,,,,,
-3.3349,37.3404,Moshi,Tanzania,,,,,,,,,,,,,,,
41.8333,59.9667,Daşoguz,Turkmenistan,,,,,,,,,,,,,,,
43.5844,-116.5638,Nampa,United States,,,,,,,,,,,,,,,
31.5293,35.0938,Hebron,West Bank,,,,,,,,,,,,,,,
19.8106,85.8314,Puri,India,,,,,,,,,,,,,,,
26.9664,31.3795,Şidfā,Egypt,,,,,,,,,,,,,,,
-6.1333,12.3667,Soio,Angola,,,,,,,,,,,,,,,
38.6,27.0667,Menemen,Turkey,,,,,,,,,,,,,,,
22.0667,88.0698,Haldia,India,,,,,,,,,,,,,,,
28.2769,68.4514,Jacobabad,Pakistan,,,,,,,,,,,,,,,
21.82,76.35,Khandwa,India,,,,,,,,,,,,,,,
57.15,-2.11,Aberdeen,United Kingdom,,,,,,,,,,,,,,,
-11.1067,-77.605,Huacho,Peru,,,,,,,,,,,,,,,
35.7224,140.0999,Yachiyo,Japan,,,,,,,,,,,,,,,
15.48,78.48,Nandyāl,India,,,,,,,,,,,,,,,
35.741,-81.3223,Hickory,United States,,,,,,,,,,,,,,,
26.5,78.0,Morena,India,,,,,,,,,,,,,,,
10.4717,-66.5406,Guatire,Venezuela,,,,,,,,,,,,,,,
10.4667,-66.6167,Guarenas,Venezuela,,,,,,,,,,,,,,,
35.5617,51.1617,Nasīm Shahr,Iran,,,,,,,,,,,,,,,
33.4489,-7.6486,Bouskoura,Morocco,,,,,,,,,,,,,,,
9.98,122.82,Kabankalan,Philippines,,,,,,,,,,,,,,,
-21.2089,-50.4328,Araçatuba,Brazil,,,,,,,,,,,,,,,
10.25,105.9667,Vĩnh Long,Vietnam,,,,,,,,,,,,,,,
21.8478,106.7578,Lạng Sơn,Vietnam,,,,,,,,,,,,,,,
-33.1333,-64.35,Río Cuarto,Argentina,,,,,,,,,,,,,,,
47.5167,9.75,Lochau,Austria,,,,,,,,,,,,,,,
18.55,75.0,Karjat,India,,,,,,,,,,,,,,,
22.0216,87.5423,Kasba Patāspur,India,,,,,,,,,,,,,,,
33.5294,44.2775,At Tājī,Iraq,,,,,,,,,,,,,,,
33.4875,48.3561,Khorramābād,Iran,,,,,,,,,,,,,,,
3.7167,34.8667,Kakuma,Kenya,,,,,,,,,,,,,,,
32.7522,12.7278,Az Zāwīyah,Libya,,,,,,,,,,,,,,,
8.1667,5.8,Isanlu,Nigeria,,,,,,,,,,,,,,,
41.5582,-73.0361,Waterbury,United States,,,,,,,,,,,,,,,
8.48,-71.19,Mérida,Venezuela,,,,,,,,,,,,,,,
5.0464,118.336,Lahad Datu,Malaysia,,,,,,,,,,,,,,,
-31.4,-58.0333,Concordia,Argentina,,,,,,,,,,,,,,,
33.43,75.09,Drabar,India,,,,,,,,,,,,,,,
36.1783,-115.0487,Sunrise Manor,United States,,,,,,,,,,,,,,,
42.6666,21.1724,Pristina,Kosovo,,,,,,,,,,,,,,,
11.9167,-72.0,Uripa,Colombia,,,,,,,,,,,,,,,
38.5464,44.9542,Khowy,Iran,,,,,,,,,,,,,,,
4.2833,21.0167,Gbadolite,Congo (Kinshasa),,,,,,,,,,,,,,,
25.4175,51.5075,Laqţah,Qatar,,,,,,,,,,,,,,,
32.6871,-97.0208,Grand Prairie,United States,,,,,,,,,,,,,,,
13.8,-89.1833,Apopa,El Salvador,,,,,,,,,,,,,,,
28.9044,78.4675,Amroha,India,,,,,,,,,,,,,,,
-4.55,39.12,Lunga-Lunga,Kenya,,,,,,,,,,,,,,,
45.6503,13.7703,Trieste,Italy,,,,,,,,,,,,,,,
53.0222,18.6111,Toruń,Poland,,,,,,,,,,,,,,,
-3.45,114.8333,Martapura,Indonesia,,,,,,,,,,,,,,,
9.3667,76.7667,Rānī,India,,,,,,,,,,,,,,,
10.3833,-9.3,Kankan,Guinea,,,,,,,,,,,,,,,
22.7,85.63,Chakradharpur,India,,,,,,,,,,,,,,,
29.178,-82.1511,Ocala,United States,,,,,,,,,,,,,,,
2.5148,102.8158,Segamat,Malaysia,,,,,,,,,,,,,,,
28.78,76.13,Bhiwāni,India,,,,,,,,,,,,,,,
31.5599,-97.1882,Waco,United States,,,,,,,,,,,,,,,
26.5647,78.7864,Bhind,India,,,,,,,,,,,,,,,
-42.8806,147.325,Hobart,Australia,,,,,,,,,,,,,,,
12.7833,8.7667,Baure,Nigeria,,,,,,,,,,,,,,,
34.4264,132.7433,Higashi-Hiroshima,Japan,,,,,,,,,,,,,,,
15.7833,-86.7918,La Ceiba,Honduras,,,,,,,,,,,,,,,
22.2475,-97.8375,Ciudad Madero,Mexico,,,,,,,,,,,,,,,
34.7833,135.4,Itami,Japan,,,,,,,,,,,,,,,
38.887,-94.687,Overland Park,United States,,,,,,,,,,,,,,,
-6.4086,106.7647,Sawangan,Indonesia,,,,,,,,,,,,,,,
44.9167,130.5167,Bamiantong,China,,,,,,,,,,,,,,,
37.1436,42.6819,Zākhū,Iraq,,,,,,,,,,,,,,,
35.7285,139.4774,Kodaira,Japan,,,,,,,,,,,,,,,
42.3444,130.3844,Rajin,"Korea, North",,,,,,,,,,,,,,,
40.4667,-3.3667,Alcalá de Henares,Spain,,,,,,,,,,,,,,,
44.8015,10.328,Parma,Italy,,,,,,,,,,,,,,,
39.4337,-77.4141,Frederick,United States,,,,,,,,,,,,,,,
-9.9295,-76.2397,Huánuco,Peru,,,,,,,,,,,,,,,
-32.75,-60.7333,San Lorenzo,Argentina,,,,,,,,,,,,,,,
39.9667,125.1667,Kusŏng,"Korea, North",,,,,,,,,,,,,,,
45.5389,10.2203,Brescia,Italy,,,,,,,,,,,,,,,
5.0333,-74.0,Zipaquirá,Colombia,,,,,,,,,,,,,,,
17.2473,80.1514,Khammam,India,,,,,,,,,,,,,,,
22.7,88.45,Madhyamgram,India,,,,,,,,,,,,,,,
33.696,-118.0018,Huntington Beach,United States,,,,,,,,,,,,,,,
3.8863,31.667,Kajo Kaji,South Sudan,,,,,,,,,,,,,,,
32.8833,-6.9167,Kouribga,Morocco,,,,,,,,,,,,,,,
23.2231,72.65,Ghāndīnagar,India,,,,,,,,,,,,,,,
50.0333,22.0,Rzeszów,Poland,,,,,,,,,,,,,,,
43.8808,11.0966,Prato,Italy,,,,,,,,,,,,,,,
16.6878,98.5083,Myawadi,Burma,,,,,,,,,,,,,,,
-7.0,23.45,Mwene-Ditu,Congo (Kinshasa),,,,,,,,,,,,,,,
44.1167,130.8167,Dongning,China,,,,,,,,,,,,,,,
6.5,124.85,Koronadal,Philippines,,,,,,,,,,,,,,,
-29.9,-71.25,La Serena,Chile,,,,,,,,,,,,,,,
6.848,79.9265,Maharagama,Sri Lanka,,,,,,,,,,,,,,,
18.4572,-69.3061,San Pedro de Macorís,Dominican Republic,,,,,,,,,,,,,,,
50.6397,5.5706,Liège,Belgium,,,,,,,,,,,,,,,
34.882,136.5842,Suzuka,Japan,,,,,,,,,,,,,,,
40.437,113.11,Beichengqu,China,,,,,,,,,,,,,,,
11.417,-69.67,Coro,Venezuela,,,,,,,,,,,,,,,
24.1,88.25,Baharampur,India,,,,,,,,,,,,,,,
-7.3667,20.8333,Tchitato,Angola,,,,,,,,,,,,,,,
-14.9486,37.4144,Malema,Mozambique,,,,,,,,,,,,,,,
-0.6133,30.6583,Mbarara,Uganda,,,,,,,,,,,,,,,
34.4285,-119.7202,Santa Barbara,United States,,,,,,,,,,,,,,,
22.82,70.83,Morbi,India,,,,,,,,,,,,,,,
18.8167,-98.95,Cuautla,Mexico,,,,,,,,,,,,,,,
21.0178,-101.2567,Guanajuato,Mexico,,,,,,,,,,,,,,,
35.4,8.1167,Tébessa,Algeria,,,,,,,,,,,,,,,
35.6836,139.5595,Kamirenjaku,Japan,,,,,,,,,,,,,,,
33.6833,-7.3833,Mohammedia,Morocco,,,,,,,,,,,,,,,
33.7843,-112.2989,Peoria,United States,,,,,,,,,,,,,,,
32.0167,34.7667,Holon,Israel,,,,,,,,,,,,,,,
40.8417,31.1583,Düzce,Turkey,,,,,,,,,,,,,,,
40.3281,-3.7644,Leganés,Spain,,,,,,,,,,,,,,,
52.5661,-0.2364,Peterborough,United Kingdom,,,,,,,,,,,,,,,
14.08,121.15,Tanauan,Philippines,,,,,,,,,,,,,,,
26.5606,31.6917,Sūhāj,Egypt,,,,,,,,,,,,,,,
32.0807,34.8338,Bené Beraq,Israel,,,,,,,,,,,,,,,
50.2833,19.1333,Sosnowiec,Poland,,,,,,,,,,,,,,,
22.6761,120.4942,Pingtung,Taiwan,,,,,,,,,,,,,,,
19.0633,-98.3064,Cholula de Rivadabia,Mexico,,,,,,,,,,,,,,,
-29.76,-51.1469,São Leopoldo,Brazil,,,,,,,,,,,,,,,
36.515,46.2075,Būkān,Iran,,,,,,,,,,,,,,,
53.2833,69.3833,Kökshetaū,Kazakhstan,,,,,,,,,,,,,,,
37.0078,127.2797,Anseong,"Korea, South",,,,,,,,,,,,,,,
25.93,80.8,Fatehpur,India,,,,,,,,,,,,,,,
36.1474,139.3886,Kumagaya,Japan,,,,,,,,,,,,,,,
55.8217,37.3386,Krasnogorsk,Russia,,,,,,,,,,,,,,,
29.0667,31.0833,Banī Suwayf,Egypt,,,,,,,,,,,,,,,
-17.8764,36.8872,Quelimane,Mozambique,,,,,,,,,,,,,,,
41.9662,-91.6783,Cedar Rapids,United States,,,,,,,,,,,,,,,
45.6366,-122.5967,Vancouver,United States,,,,,,,,,,,,,,,
41.4,128.1833,Hyesan,"Korea, North",,,,,,,,,,,,,,,
14.6333,-89.9833,Jalapa,Guatemala,,,,,,,,,,,,,,,
37.9667,126.55,Kaesŏng,"Korea, North",,,,,,,,,,,,,,,
-10.855,-37.1258,Nossa Senhora do Socorro,Brazil,,,,,,,,,,,,,,,
34.1819,-118.2468,Glendale,United States,,,,,,,,,,,,,,,
51.3727,-0.1099,Croydon,United Kingdom,,,,,,,,,,,,,,,
-32.035,-52.0989,Rio Grande,Brazil,,,,,,,,,,,,,,,
0.5422,123.0614,Gorontalo,Indonesia,,,,,,,,,,,,,,,
1.6139,-75.6128,Florencia,Colombia,,,,,,,,,,,,,,,
-21.4333,47.0833,Fianarantsoa,Madagascar,,,,,,,,,,,,,,,
22.3456,114.1,Tsing Yi Town,Hong Kong,,,,,,,,,,,,,,,
34.1781,131.4739,Yamaguchi,Japan,,,,,,,,,,,,,,,
7.6333,4.1833,Iwo,Nigeria,,,,,,,,,,,,,,,
26.2236,81.2403,Rāe Bareli,India,,,,,,,,,,,,,,,
41.0167,70.1436,Angren,Uzbekistan,,,,,,,,,,,,,,,
-32.9167,-68.8333,Godoy Cruz,Argentina,,,,,,,,,,,,,,,
18.6333,-91.8333,Ciudad del Carmen,Mexico,,,,,,,,,,,,,,,
10.5388,122.8384,Bago,Philippines,,,,,,,,,,,,,,,
9.32,-70.62,Valera,Venezuela,,,,,,,,,,,,,,,
31.95,5.3167,Ouargla,Algeria,,,,,,,,,,,,,,,
19.0522,-104.3158,Manzanillo,Mexico,,,,,,,,,,,,,,,
40.2833,-3.8,Fuenlabrada,Spain,,,,,,,,,,,,,,,
8.1564,125.1333,Malaybalay,Philippines,,,,,,,,,,,,,,,
-34.7,-58.5833,Isidro Casanova,Argentina,,,,,,,,,,,,,,,
-15.1833,13.7,Chibia,Angola,,,,,,,,,,,,,,,
35.6713,139.3951,Hino,Japan,,,,,,,,,,,,,,,
25.98,79.47,Orai,India,,,,,,,,,,,,,,,
51.3667,7.4833,Hagen,Germany,,,,,,,,,,,,,,,
32.3322,50.8564,Shahr-e Kord,Iran,,,,,,,,,,,,,,,
32.9425,73.7256,Jhelum,Pakistan,,,,,,,,,,,,,,,
17.8167,95.2667,Ingabu,Burma,,,,,,,,,,,,,,,
16.7488,78.0035,Mahbūbnagar,India,,,,,,,,,,,,,,,
24.0004,89.25,Pābna,Bangladesh,,,,,,,,,,,,,,,
13.9125,100.4978,Pak Kret,Thailand,,,,,,,,,,,,,,,
21.0167,107.3167,Cẩm Phả,Vietnam,,,,,,,,,,,,,,,
-7.872,112.525,Batu,Indonesia,,,,,,,,,,,,,,,
23.7413,113.0076,Taihe,China,,,,,,,,,,,,,,,
40.3047,-3.7311,Getafe,Spain,,,,,,,,,,,,,,,
28.3006,70.1302,Saddiqabad,Pakistan,,,,,,,,,,,,,,,
7.3167,13.5833,Ngaoundéré,Cameroon,,,,,,,,,,,,,,,
35.2494,-81.1854,Gastonia,United States,,,,,,,,,,,,,,,
39.65,125.3333,Chŏngju,"Korea, North",,,,,,,,,,,,,,,
20.5333,-97.45,Poza Rica de Hidalgo,Mexico,,,,,,,,,,,,,,,
57.8167,28.3333,Pskov,Russia,,,,,,,,,,,,,,,
28.7111,77.2688,Murtazābād,India,,,,,,,,,,,,,,,
43.3214,-1.9856,Donostia,Spain,,,,,,,,,,,,,,,
-32.85,-68.8167,Las Heras,Argentina,,,,,,,,,,,,,,,
35.25,139.15,Odawara,Japan,,,,,,,,,,,,,,,
33.3056,44.1848,Abū Ghurayb,Iraq,,,,,,,,,,,,,,,
8.9833,1.1333,Sokodé,Togo,,,,,,,,,,,,,,,
34.9587,137.0803,Anjōmachi,Japan,,,,,,,,,,,,,,,
28.4798,-82.53,Spring Hill,United States,,,,,,,,,,,,,,,
22.4122,-83.6719,Pinar del Río,Cuba,,,,,,,,,,,,,,,
7.8833,-11.1833,Kenema,Sierra Leone,,,,,,,,,,,,,,,
39.5167,54.3667,Balkanabat,Turkmenistan,,,,,,,,,,,,,,,
6.75,125.35,Digos,Philippines,,,,,,,,,,,,,,,
15.4009,-87.812,El Progreso,Honduras,,,,,,,,,,,,,,,
23.25,69.67,Bhuj,India,,,,,,,,,,,,,,,
36.4833,40.75,Al Ḩasakah,Syria,,,,,,,,,,,,,,,
19.3,-70.25,San Francisco de Macorís,Dominican Republic,,,,,,,,,,,,,,,
40.4711,17.2431,Taranto,Italy,,,,,,,,,,,,,,,
-3.4328,104.2356,Prabumulih,Indonesia,,,,,,,,,,,,,,,
34.4667,135.3667,Kishiwada,Japan,,,,,,,,,,,,,,,
-20.2167,-70.15,Iquique,Chile,,,,,,,,,,,,,,,
11.1333,39.6333,Desē,Ethiopia,,,,,,,,,,,,,,,
32.1697,13.0167,Gharyān,Libya,,,,,,,,,,,,,,,
35.0956,138.8634,Numazu,Japan,,,,,,,,,,,,,,,
35.849,-86.4121,Murfreesboro,United States,,,,,,,,,,,,,,,
23.0851,72.5716,Ratanpur,India,,,,,,,,,,,,,,,
51.2,58.5667,Orsk,Russia,,,,,,,,,,,,,,,
50.72,-1.88,Bournemouth,United Kingdom,,,,,,,,,,,,,,,
21.05,75.77,Bhusāval,India,,,,,,,,,,,,,,,
35.5,134.2333,Tottori,Japan,,,,,,,,,,,,,,,
37.1479,138.2361,Jōetsu,Japan,,,,,,,,,,,,,,,
10.254,-68.0109,San Diego,Venezuela,,,,,,,,,,,,,,,
35.6621,138.5682,Kōfu,Japan,,,,,,,,,,,,,,,
-11.4047,14.3006,Ucu Seles,Angola,,,,,,,,,,,,,,,
52.4006,13.0592,Potsdam,Germany,,,,,,,,,,,,,,,
12.07,124.6,Calbayog City,Philippines,,,,,,,,,,,,,,,
39.8417,33.5139,Kırıkkale,Turkey,,,,,,,,,,,,,,,
43.3167,-79.8,Burlington,Canada,,,,,,,,,,,,,,,
50.8742,20.6333,Kielce,Poland,,,,,,,,,,,,,,,
-14.7858,-39.28,Itabuna,Brazil,,,,,,,,,,,,,,,
-26.8667,26.6667,Klerksdorp,South Africa,,,,,,,,,,,,,,,
40.9778,27.5153,Tekirdağ,Turkey,,,,,,,,,,,,,,,
33.3881,-111.9319,Tempe,United States,,,,,,,,,,,,,,,
-7.6406,112.9065,Pasuruan,Indonesia,,,,,,,,,,,,,,,
27.575,81.594,Bahraigh,India,,,,,,,,,,,,,,,
36.0872,-115.1355,Paradise,United States,,,,,,,,,,,,,,,
11.7704,34.35,Ed Damazin,Sudan,,,,,,,,,,,,,,,
51.58,0.49,Basildon,United Kingdom,,,,,,,,,,,,,,,
49.7475,13.3775,Plzeň,Czechia,,,,,,,,,,,,,,,
47.4817,-52.7971,St. John's,Canada,,,,,,,,,,,,,,,
22.6986,73.1156,Umreth,India,,,,,,,,,,,,,,,
40.1411,94.6639,Dunhuang,China,,,,,,,,,,,,,,,
35.5811,53.3833,Semnān,Iran,,,,,,,,,,,,,,,
23.9,90.7167,Narsingdi,Bangladesh,,,,,,,,,,,,,,,
50.05,72.95,Temirtaū,Kazakhstan,,,,,,,,,,,,,,,
44.7725,17.1925,Banja Luka,Bosnia and Herzegovina,,,,,,,,,,,,,,,
8.8633,76.6972,Ittikara,India,,,,,,,,,,,,,,,
4.0904,30.68,Yei,South Sudan,,,,,,,,,,,,,,,
23.6,72.4,Mahesāna,India,,,,,,,,,,,,,,,
31.0833,67.1056,Kuchlagh,Pakistan,,,,,,,,,,,,,,,
37.1051,-76.5185,Newport News,United States,,,,,,,,,,,,,,,
-23.5411,-46.3689,Ferraz de Vasconcelos,Brazil,,,,,,,,,,,,,,,
40.7347,31.6075,Bolu,Turkey,,,,,,,,,,,,,,,
15.6244,77.2731,Alasandigutta,India,,,,,,,,,,,,,,,
26.086,43.997,‘Unayzah,Saudi Arabia,,,,,,,,,,,,,,,
45.0,41.1167,Armavir,Russia,,,,,,,,,,,,,,,
42.1167,-80.0733,Erie,United States,,,,,,,,,,,,,,,
34.4836,135.4236,Izuo,Japan,,,,,,,,,,,,,,,
38.6428,-9.1061,Seixal,Portugal,,,,,,,,,,,,,,,
37.03,41.23,Al Qāmishlī,Syria,,,,,,,,,,,,,,,
-6.8435,107.4779,Padalarang,Indonesia,,,,,,,,,,,,,,,
44.6458,10.9257,Modena,Italy,,,,,,,,,,,,,,,
51.5875,4.775,Breda,Netherlands,,,,,,,,,,,,,,,
34.8268,137.3759,Toyokawa,Japan,,,,,,,,,,,,,,,
9.333,106.0,Vĩnh Châu,Vietnam,,,,,,,,,,,,,,,
11.4167,-9.1667,Siguiri,Guinea,,,,,,,,,,,,,,,
52.5333,85.2167,Biysk,Russia,,,,,,,,,,,,,,,
-9.1444,18.0464,Cuango,Angola,,,,,,,,,,,,,,,
25.62,88.12,Rāiganj,India,,,,,,,,,,,,,,,
49.2333,7.0,Saarbrücken,Germany,,,,,,,,,,,,,,,
16.7367,-92.6383,San Cristóbal,Mexico,,,,,,,,,,,,,,,
-25.3281,-57.5509,Fernando de la Mora,Paraguay,,,,,,,,,,,,,,,
11.033,106.367,Trảng Bàng,Vietnam,,,,,,,,,,,,,,,
43.6525,51.1575,Aqtaū,Kazakhstan,,,,,,,,,,,,,,,
-22.7539,-47.4139,Santa Bárbara d’Oeste,Brazil,,,,,,,,,,,,,,,
-25.2919,-49.2239,Colombo,Brazil,,,,,,,,,,,,,,,
31.8186,75.2028,Batāla,India,,,,,,,,,,,,,,,
53.4542,-2.7361,Saint Helens,United Kingdom,,,,,,,,,,,,,,,
43.3192,21.8961,Niš,Serbia,,,,,,,,,,,,,,,
47.0722,21.9211,Oradea,Romania,,,,,,,,,,,,,,,
6.1978,102.171,Tumpat,Malaysia,,,,,,,,,,,,,,,
26.1412,-80.1464,Fort Lauderdale,United States,,,,,,,,,,,,,,,
11.8,7.6167,Malumfashi,Nigeria,,,,,,,,,,,,,,,
2.7833,27.6167,Isiro,Congo (Kinshasa),,,,,,,,,,,,,,,
37.2167,67.2833,Termiz,Uzbekistan,,,,,,,,,,,,,,,
-26.4858,-49.0669,Jaraguá do Sul,Brazil,,,,,,,,,,,,,,,
24.1722,72.4333,Pālanpur,India,,,,,,,,,,,,,,,
29.5333,75.0167,Sirsa,India,,,,,,,,,,,,,,,
35.2167,106.6,Donghua,China,,,,,,,,,,,,,,,
55.4004,10.3833,Odense,Denmark,,,,,,,,,,,,,,,
-22.2625,166.4443,Nouméa,New Caledonia,,,,,,,,,,,,,,,
25.6225,85.0417,Dinapore,India,,,,,,,,,,,,,,,
12.9742,124.0058,Sorsogon,Philippines,,,,,,,,,,,,,,,
34.2902,-83.8294,Gainesville,United States,,,,,,,,,,,,,,,
-25.395,-51.4578,Guarapuava,Brazil,,,,,,,,,,,,,,,
12.831,80.0459,Tambaram,India,,,,,,,,,,,,,,,
-33.8833,25.5,Bethelsdorp,South Africa,,,,,,,,,,,,,,,
22.75,88.34,Shrīrāmpur,India,,,,,,,,,,,,,,,
52.0333,47.7833,Balakovo,Russia,,,,,,,,,,,,,,,
53.7167,91.4667,Abakan,Russia,,,,,,,,,,,,,,,
41.5503,-8.42,Braga,Portugal,,,,,,,,,,,,,,,
6.5833,3.9833,Epe,Nigeria,,,,,,,,,,,,,,,
49.8881,-119.4956,Kelowna,Canada,,,,,,,,,,,,,,,
35.73,50.9822,Fardīs,Iran,,,,,,,,,,,,,,,
23.6,72.95,Himatnagar,India,,,,,,,,,,,,,,,
10.0497,-12.8542,Kindia,Guinea,,,,,,,,,,,,,,,
35.6942,139.4197,Tachikawa,Japan,,,,,,,,,,,,,,,
8.1,-76.7333,Turbo,Colombia,,,,,,,,,,,,,,,
-29.4125,-66.8542,La Rioja,Argentina,,,,,,,,,,,,,,,
24.65,77.32,Guna,India,,,,,,,,,,,,,,,
51.6833,7.8167,Hamm,Germany,,,,,,,,,,,,,,,
-7.8925,112.6658,Singosari,Indonesia,,,,,,,,,,,,,,,
24.88,85.53,Nawāda,India,,,,,,,,,,,,,,,
28.405,-106.8667,Cuauhtémoc,Mexico,,,,,,,,,,,,,,,
16.5431,104.7228,Mukdahan,Thailand,,,,,,,,,,,,,,,
44.9411,26.0225,Ploieşti,Romania,,,,,,,,,,,,,,,
7.9833,4.65,Inisa,Nigeria,,,,,,,,,,,,,,,
-34.7167,-58.25,Berazategui,Argentina,,,,,,,,,,,,,,,
11.5204,7.32,Funtua,Nigeria,,,,,,,,,,,,,,,
6.2,-1.6833,Obuase,Ghana,,,,,,,,,,,,,,,
39.9831,-0.0331,Castellón de la Plana,Spain,,,,,,,,,,,,,,,
25.73,82.68,Jaunpur,India,,,,,,,,,,,,,,,
-6.2678,14.2481,Mbanza Kongo,Angola,,,,,,,,,,,,,,,
-38.15,144.35,Geelong,Australia,,,,,,,,,,,,,,,
5.1881,97.1403,Lhokseumawe,Indonesia,,,,,,,,,,,,,,,
18.083,73.417,Mahād,India,,,,,,,,,,,,,,,
13.55,78.5,Madanapalle,India,,,,,,,,,,,,,,,
-3.0,120.2,Palopo,Indonesia,,,,,,,,,,,,,,,
46.9667,142.7333,Yuzhno-Sakhalinsk,Russia,,,,,,,,,,,,,,,
-6.8961,109.4514,Petarukan,Indonesia,,,,,,,,,,,,,,,
37.6,127.15,Guri,"Korea, South",,,,,,,,,,,,,,,
20.917,106.833,Quảng Yên,Vietnam,,,,,,,,,,,,,,,
41.6769,26.5556,Edirne,Turkey,,,,,,,,,,,,,,,
22.9525,113.0065,Longjin,China,,,,,,,,,,,,,,,
3.0167,-76.4833,Santander de Quilichao,Colombia,,,,,,,,,,,,,,,
17.7736,79.575,Wadlakonda,India,,,,,,,,,,,,,,,
23.296,70.343,Bhachāu,India,,,,,,,,,,,,,,,
19.4264,93.5458,Kyaukpyu,Burma,,,,,,,,,,,,,,,
25.43,77.65,Shivpuri,India,,,,,,,,,,,,,,,
-13.7833,14.6833,Caluquembe,Angola,,,,,,,,,,,,,,,
41.7638,-88.2902,Aurora,United States,,,,,,,,,,,,,,,
43.8,131.9667,Ussuriysk,Russia,,,,,,,,,,,,,,,
27.7758,85.3619,Buḍhānilkanṭha,Nepal,,,,,,,,,,,,,,,
34.8844,135.7997,Uji,Japan,,,,,,,,,,,,,,,
-15.2775,23.1319,Mongu,Zambia,,,,,,,,,,,,,,,
4.8333,-75.6833,Dosquebradas,Colombia,,,,,,,,,,,,,,,
11.5894,122.7511,Roxas City,Philippines,,,,,,,,,,,,,,,
35.1833,128.55,Masan,"Korea, South",,,,,,,,,,,,,,,
-6.5533,107.4472,Purwakarta,Indonesia,,,,,,,,,,,,,,,
34.7821,-82.3032,Mauldin,United States,,,,,,,,,,,,,,,
17.688,74.006,Sātāra,India,,,,,,,,,,,,,,,
36.2667,6.7,El Khroub,Algeria,,,,,,,,,,,,,,,
35.3667,1.3167,Tiaret,Algeria,,,,,,,,,,,,,,,
19.6833,-99.1833,Cuautitlán,Mexico,,,,,,,,,,,,,,,
0.4311,33.1478,Njeru,Uganda,,,,,,,,,,,,,,,
31.1249,33.8006,Al ‘Arīsh,Egypt,,,,,,,,,,,,,,,
49.2628,4.0347,Reims,France,,,,,,,,,,,,,,,
19.39,73.08,Vāda,India,,,,,,,,,,,,,,,
34.0393,-117.6064,Ontario,United States,,,,,,,,,,,,,,,
4.48,97.9633,Langsa,Indonesia,,,,,,,,,,,,,,,
31.03,75.78,Phillaur,India,,,,,,,,,,,,,,,
40.7833,29.7333,Körfez,Turkey,,,,,,,,,,,,,,,
10.2536,-67.9,Guacara,Venezuela,,,,,,,,,,,,,,,
-1.0333,-79.45,Quevedo,Ecuador,,,,,,,,,,,,,,,
36.6514,29.1231,Fethiye,Turkey,,,,,,,,,,,,,,,
11.1286,2.9369,Kandi,Benin,,,,,,,,,,,,,,,
51.8425,5.8528,Nijmegen,Netherlands,,,,,,,,,,,,,,,
26.55,80.49,Unnāo,India,,,,,,,,,,,,,,,
-7.3801,20.8351,Dundo,Angola,,,,,,,,,,,,,,,
20.8833,95.8833,Meiktila,Burma,,,,,,,,,,,,,,,
38.9239,27.84,Akhisar,Turkey,,,,,,,,,,,,,,,
27.57,80.66,Sītāpur,India,,,,,,,,,,,,,,,
-33.5833,-70.6333,La Pintana,Chile,,,,,,,,,,,,,,,
-1.2422,-78.6289,Ambato,Ecuador,,,,,,,,,,,,,,,
38.6803,-9.1583,Almada,Portugal,,,,,,,,,,,,,,,
38.4161,-121.3842,Elk Grove,United States,,,,,,,,,,,,,,,
-1.6731,-78.6483,Riobamba,Ecuador,,,,,,,,,,,,,,,
19.2333,73.1333,Kalamboli,India,,,,,,,,,,,,,,,
30.1995,-85.6003,Panama City,United States,,,,,,,,,,,,,,,
21.9833,-99.0167,Ciudad Valles,Mexico,,,,,,,,,,,,,,,
69.3333,88.2167,Norilsk,Russia,,,,,,,,,,,,,,,
35.7819,-78.8195,Cary,United States,,,,,,,,,,,,,,,
32.4767,-114.7625,San Luis Río Colorado,Mexico,,,,,,,,,,,,,,,
25.333,72.367,Sāila,India,,,,,,,,,,,,,,,
-6.3711,106.8,Curug,Indonesia,,,,,,,,,,,,,,,
26.25,50.6167,Al Muḩarraq,Bahrain,,,,,,,,,,,,,,,
17.7866,95.7507,Letpandan,Burma,,,,,,,,,,,,,,,
-34.6,-58.6333,Hurlingham,Argentina,,,,,,,,,,,,,,,
-37.7833,175.2833,Hamilton,New Zealand,,,,,,,,,,,,,,,
31.9167,35.95,Al Juwayyidah,Jordan,,,,,,,,,,,,,,,
-6.82,107.1408,Cianjur,Indonesia,,,,,,,,,,,,,,,
31.1048,30.6414,Ar Raḩmānīyah,Egypt,,,,,,,,,,,,,,,
21.7647,80.0494,Wārāseonī,India,,,,,,,,,,,,,,,
12.4333,-86.8867,León,Nicaragua,,,,,,,,,,,,,,,
30.699,76.693,Mauli,India,,,,,,,,,,,,,,,
25.3694,85.5319,Harnaut,India,,,,,,,,,,,,,,,
36.7511,5.0642,Bejaïa,Algeria,,,,,,,,,,,,,,,
47.65,132.5,Tongjiang,China,,,,,,,,,,,,,,,
49.4811,8.4353,Ludwigshafen,Germany,,,,,,,,,,,,,,,
10.6111,12.195,Biu,Nigeria,,,,,,,,,,,,,,,
33.7341,-116.9969,Hemet,United States,,,,,,,,,,,,,,,
18.0583,-15.9621,Arafat,Mauritania,,,,,,,,,,,,,,,
2.3333,100.05,Rantau Prapat,Indonesia,,,,,,,,,,,,,,,
40.7172,29.8228,Gölcük,Turkey,,,,,,,,,,,,,,,
42.35,-3.7067,Burgos,Spain,,,,,,,,,,,,,,,
-12.4339,13.5433,Catumbela,Angola,,,,,,,,,,,,,,,
13.216,79.098,Chittoor,India,,,,,,,,,,,,,,,
36.665,65.752,Shibirghān,Afghanistan,,,,,,,,,,,,,,,
-33.5667,-70.675,El Bosque,Chile,,,,,,,,,,,,,,,
19.2833,-98.4333,Santa María Texmelucan,Mexico,,,,,,,,,,,,,,,
23.42,88.37,Navadwīp,India,,,,,,,,,,,,,,,
38.5,27.7,Turgutlu,Turkey,,,,,,,,,,,,,,,
37.1819,33.2181,Karaman,Turkey,,,,,,,,,,,,,,,
-7.3247,110.5444,Salatiga,Indonesia,,,,,,,,,,,,,,,
29.75,78.53,Kotdwāra,India,,,,,,,,,,,,,,,
41.4015,-73.4709,Danbury,United States,,,,,,,,,,,,,,,
19.4167,-98.9,Chicoloapan,Mexico,,,,,,,,,,,,,,,
28.6267,79.8058,Pīlibhīt,India,,,,,,,,,,,,,,,
29.437,55.6802,Sīrjān,Iran,,,,,,,,,,,,,,,
35.1667,76.3333,Khapalu,Pakistan,,,,,,,,,,,,,,,
37.0378,27.4242,Bodrum,Turkey,,,,,,,,,,,,,,,
35.6804,140.0265,Narashino,Japan,,,,,,,,,,,,,,,
59.8498,17.6389,Uppsala,Sweden,,,,,,,,,,,,,,,
-20.8489,-41.1128,Cachoeiro de Itapemirim,Brazil,,,,,,,,,,,,,,,
34.1247,-117.5667,Rancho Cucamonga,United States,,,,,,,,,,,,,,,
31.35,105.0667,Kangqiao,China,,,,,,,,,,,,,,,
53.1439,8.2139,Oldenburg,Germany,,,,,,,,,,,,,,,
-9.4139,-40.5028,Juazeiro,Brazil,,,,,,,,,,,,,,,
-16.2528,-47.95,Luziânia,Brazil,,,,,,,,,,,,,,,
-5.0939,-42.8369,Timon,Brazil,,,,,,,,,,,,,,,
16.043,120.334,Dagupan City,Philippines,,,,,,,,,,,,,,,
7.8956,4.7094,Ada,Nigeria,,,,,,,,,,,,,,,
38.9956,-1.8558,Albacete,Spain,,,,,,,,,,,,,,,
1.0166,39.4912,Habaswein,Kenya,,,,,,,,,,,,,,,
43.4628,-3.805,Santander,Spain,,,,,,,,,,,,,,,
50.2833,18.6667,Gliwice,Poland,,,,,,,,,,,,,,,
28.7,-100.5231,Piedras Negras,Mexico,,,,,,,,,,,,,,,
10.6722,-63.2403,Carúpano,Venezuela,,,,,,,,,,,,,,,
9.0804,6.01,Bida,Nigeria,,,,,,,,,,,,,,,
35.7167,140.2167,Sakura,Japan,,,,,,,,,,,,,,,
-19.25,146.8167,Townsville,Australia,,,,,,,,,,,,,,,
11.75,79.75,Cuddalore,India,,,,,,,,,,,,,,,
40.35,-3.8333,Alcorcón,Spain,,,,,,,,,,,,,,,
38.25,21.7333,Pátra,Greece,,,,,,,,,,,,,,,
-27.615,-48.6278,São José,Brazil,,,,,,,,,,,,,,,
47.5606,7.5906,Basel,Switzerland,,,,,,,,,,,,,,,
14.93,120.6,Lubao,Philippines,,,,,,,,,,,,,,,
10.1144,-68.0656,Tocuyito,Venezuela,,,,,,,,,,,,,,,
-22.2819,-42.5308,Nova Friburgo,Brazil,,,,,,,,,,,,,,,
15.0645,120.7203,Mexico,Philippines,,,,,,,,,,,,,,,
21.958,70.795,Gondal,India,,,,,,,,,,,,,,,
32.8606,51.5531,Shāhīn Shahr,Iran,,,,,,,,,,,,,,,
51.4275,6.8825,Mülheim,Germany,,,,,,,,,,,,,,,
24.6583,84.4378,Deo,India,,,,,,,,,,,,,,,
24.6506,102.935,Fenglu,China,,,,,,,,,,,,,,,
5.3378,116.1602,Keningau,Malaysia,,,,,,,,,,,,,,,
36.6883,-121.6317,Salinas,United States,,,,,,,,,,,,,,,
45.4,-71.9,Sherbrooke,Canada,,,,,,,,,,,,,,,
35.3197,139.5525,Kamakurayama,Japan,,,,,,,,,,,,,,,
20.95,107.0667,Hạ Long,Vietnam,,,,,,,,,,,,,,,
24.82,92.8,Silchar,India,,,,,,,,,,,,,,,
15.8246,80.3521,Chīrāla,India,,,,,,,,,,,,,,,
15.4167,75.6167,Gadag,India,,,,,,,,,,,,,,,
14.3617,108.0083,Mang La,Vietnam,,,,,,,,,,,,,,,
36.5991,140.6515,Hitachi,Japan,,,,,,,,,,,,,,,
31.5272,34.4835,Jabālyā,Gaza Strip,,,,,,,,,,,,,,,
53.8833,86.7167,Prokopyevsk,Russia,,,,,,,,,,,,,,,
6.22,125.07,Polomolok,Philippines,,,,,,,,,,,,,,,
-1.4,36.77,Ongata Rongai,Kenya,,,,,,,,,,,,,,,
45.4347,4.3903,Saint-Étienne,France,,,,,,,,,,,,,,,
41.1867,-8.6844,Matosinhos,Portugal,,,,,,,,,,,,,,,
33.2247,-117.3083,Oceanside,United States,,,,,,,,,,,,,,,
-17.4042,-66.0408,Sacaba,Bolivia,,,,,,,,,,,,,,,
14.3,121.0,General Mariano Alvarez,Philippines,,,,,,,,,,,,,,,
21.35,-101.9167,Lagos de Moreno,Mexico,,,,,,,,,,,,,,,
12.13,79.07,Tiruvannāmalai,India,,,,,,,,,,,,,,,
-2.95,25.95,Kindu,Congo (Kinshasa),,,,,,,,,,,,,,,
14.1389,-16.0764,Kaolack,Senegal,,,,,,,,,,,,,,,
17.912,77.52,Bīdar,India,,,,,,,,,,,,,,,
42.4414,19.2628,Podgorica,Montenegro,,,,,,,,,,,,,,,
15.1458,120.9783,San Miguel,Philippines,,,,,,,,,,,,,,,
24.8833,68.8167,Talhar,Pakistan,,,,,,,,,,,,,,,
30.62,74.25,Jalālābād,India,,,,,,,,,,,,,,,
35.3669,132.7547,Izumo,Japan,,,,,,,,,,,,,,,
31.287,34.2595,Rafaḩ,Gaza Strip,,,,,,,,,,,,,,,
35.7367,-0.5542,Bir el Djir,Algeria,,,,,,,,,,,,,,,
58.05,38.8333,Rybinsk,Russia,,,,,,,,,,,,,,,
-9.3,14.95,Cazanga,Angola,,,,,,,,,,,,,,,
-6.3704,106.8176,Beji,Indonesia,,,,,,,,,,,,,,,
38.697,-9.3017,Oeiras,Portugal,,,,,,,,,,,,,,,
-26.1,28.2333,Kempton Park,South Africa,,,,,,,,,,,,,,,
33.0,-7.6167,Settat,Morocco,,,,,,,,,,,,,,,
6.5436,-7.4933,Guiglo,Côte d’Ivoire,,,,,,,,,,,,,,,
38.75,-9.2333,Amadora,Portugal,,,,,,,,,,,,,,,
38.1125,-122.2342,Vallejo,United States,,,,,,,,,,,,,,,
53.1333,26.0167,Baranavichy,Belarus,,,,,,,,,,,,,,,
35.991,-79.9937,High Point,United States,,,,,,,,,,,,,,,
32.03,44.4,Al Kūfah,Iraq,,,,,,,,,,,,,,,
-7.1908,-48.2069,Araguaína,Brazil,,,,,,,,,,,,,,,
36.8931,126.6281,Tangjin,"Korea, South",,,,,,,,,,,,,,,
11.9401,79.4861,Villupuram,India,,,,,,,,,,,,,,,
20.95,72.93,Nawsari,India,,,,,,,,,,,,,,,
9.7897,125.4958,Surigao,Philippines,,,,,,,,,,,,,,,
39.0311,43.3597,Erciş,Turkey,,,,,,,,,,,,,,,
38.1144,15.65,Reggio di Calabria,Italy,,,,,,,,,,,,,,,
7.7333,8.5,Makurdi,Nigeria,,,,,,,,,,,,,,,
11.5481,107.8075,Bảo Lộc,Vietnam,,,,,,,,,,,,,,,
33.5833,71.4333,Kohat,Pakistan,,,,,,,,,,,,,,,
19.124,-72.4817,Petite Rivière de l’Artibonite,Haiti,,,,,,,,,,,,,,,
33.7787,-117.9601,Garden Grove,United States,,,,,,,,,,,,,,,
26.0128,-80.3382,Pembroke Pines,United States,,,,,,,,,,,,,,,
37.9667,34.6792,Niğde,Turkey,,,,,,,,,,,,,,,
-28.232,30.566,Nqutu,South Africa,,,,,,,,,,,,,,,
13.7833,-89.1167,Tonacatepeque,El Salvador,,,,,,,,,,,,,,,
14.2978,-90.7869,Escuintla,Guatemala,,,,,,,,,,,,,,,
4.3452,-74.3618,Fusagasugá,Colombia,,,,,,,,,,,,,,,
34.3,48.8178,Malāyer,Iran,,,,,,,,,,,,,,,
53.7778,20.4792,Olsztyn,Poland,,,,,,,,,,,,,,,
42.6333,141.6,Tomakomai,Japan,,,,,,,,,,,,,,,
6.9333,1.6833,Aplahoué,Benin,,,,,,,,,,,,,,,
20.61,72.926,Valsād,India,,,,,,,,,,,,,,,
22.7528,-102.5078,Guadalupe,Mexico,,,,,,,,,,,,,,,
34.6935,-118.1753,Lancaster,United States,,,,,,,,,,,,,,,
23.8494,57.4386,As Suwayq,Oman,,,,,,,,,,,,,,,
15.3249,120.6554,Concepcion,Philippines,,,,,,,,,,,,,,,
-33.3,-66.3333,San Luis,Argentina,,,,,,,,,,,,,,,
-22.5439,-44.1708,Barra Mansa,Brazil,,,,,,,,,,,,,,,
5.1,-1.25,Cape Coast,Ghana,,,,,,,,,,,,,,,
0.8303,-77.6444,Ipiales,Colombia,,,,,,,,,,,,,,,
4.1354,32.2869,Magwe,South Sudan,,,,,,,,,,,,,,,
3.3194,99.1522,Tebingtinggi,Indonesia,,,,,,,,,,,,,,,
35.6539,139.9022,Urayasu,Japan,,,,,,,,,,,,,,,
-41.4667,-72.9333,Puerto Montt,Chile,,,,,,,,,,,,,,,
44.7,10.6333,Reggio Emilia,Italy,,,,,,,,,,,,,,,
32.5005,20.83,Al Marj,Libya,,,,,,,,,,,,,,,
31.8667,36.0,Saḩāb,Jordan,,,,,,,,,,,,,,,
-13.7833,14.6833,Caluquembe,Angola,,,,,,,,,,,,,,,
22.424,87.319,Medinīpur,India,,,,,,,,,,,,,,,
36.7817,126.4522,Sŏsan,"Korea, South",,,,,,,,,,,,,,,
41.1253,126.194,Ji’an Shi,China,,,,,,,,,,,,,,,
38.6833,35.5667,Talas,Turkey,,,,,,,,,,,,,,,
35.6667,139.7667,Chūō-ku,Japan,,,,,,,,,,,,,,,
41.6458,41.6417,Batumi,Georgia,,,,,,,,,,,,,,,
49.8225,19.0444,Bielsko-Biała,Poland,,,,,,,,,,,,,,,
18.5036,-88.3053,Chetumal,Mexico,,,,,,,,,,,,,,,
34.83,137.0697,Nishio,Japan,,,,,,,,,,,,,,,
23.8331,79.4419,Damoh,India,,,,,,,,,,,,,,,
10.2953,3.3786,Kalalé,Benin,,,,,,,,,,,,,,,
-27.65,27.2333,Kroonstad,South Africa,,,,,,,,,,,,,,,
-23.35,43.6667,Toliara,Madagascar,,,,,,,,,,,,,,,
33.2667,-7.5833,Barrechid,Morocco,,,,,,,,,,,,,,,
48.0809,-122.1561,Marysville,United States,,,,,,,,,,,,,,,
11.8667,3.3833,Malanville,Benin,,,,,,,,,,,,,,,
8.9333,-67.4333,Calabozo,Venezuela,,,,,,,,,,,,,,,
14.954,120.901,Baliuag,Philippines,,,,,,,,,,,,,,,
-28.2628,-52.4069,Passo Fundo,Brazil,,,,,,,,,,,,,,,
31.53,75.92,Harīpur,India,,,,,,,,,,,,,,,
36.7678,45.7339,Mahābād,Iran,,,,,,,,,,,,,,,
11.6088,79.4994,Neyveli,India,,,,,,,,,,,,,,,
36.0667,4.7667,Bordj Bou Arreridj,Algeria,,,,,,,,,,,,,,,
6.7804,79.88,Moratuwa,Sri Lanka,,,,,,,,,,,,,,,
-23.2817,-46.7425,Francisco Morato,Brazil,,,,,,,,,,,,,,,
40.1707,126.2761,Hŭich’ŏn,"Korea, North",,,,,,,,,,,,,,,
51.5575,0.0858,Ilford,United Kingdom,,,,,,,,,,,,,,,
-5.3689,-49.1178,Marabá,Brazil,,,,,,,,,,,,,,,
34.198,74.364,Bāramūla,India,,,,,,,,,,,,,,,
-6.0989,106.6381,Teluknaga,Indonesia,,,,,,,,,,,,,,,
39.5922,27.02,Edremit,Turkey,,,,,,,,,,,,,,,
24.9004,89.95,Jamālpur,Bangladesh,,,,,,,,,,,,,,,
11.5442,-72.9069,Ríohacha,Colombia,,,,,,,,,,,,,,,
33.8833,10.1167,Gabès,Tunisia,,,,,,,,,,,,,,,
-13.7667,15.0833,Catape,Angola,,,,,,,,,,,,,,,
-13.7393,15.0607,Caconda,Angola,,,,,,,,,,,,,,,
40.6031,140.4638,Hirosaki,Japan,,,,,,,,,,,,,,,
14.4833,-90.5333,Villa Canales,Guatemala,,,,,,,,,,,,,,,
20.885,76.2,Malkāpur,India,,,,,,,,,,,,,,,
24.1822,96.3306,Katha,Burma,,,,,,,,,,,,,,,
36.3146,139.8002,Oyama,Japan,,,,,,,,,,,,,,,
19.092,108.671,Basuo,China,,,,,,,,,,,,,,,
29.3167,76.3167,Jīnd,India,,,,,,,,,,,,,,,
40.35,27.9667,Bandırma,Turkey,,,,,,,,,,,,,,,
18.3794,-66.1635,Bayamón,Puerto Rico,,,,,,,,,,,,,,,
-23.7172,-46.8494,Itapecerica da Serra,Brazil,,,,,,,,,,,,,,,
-23.2642,-47.2992,Itu,Brazil,,,,,,,,,,,,,,,
31.3167,37.3667,Al Qurayyāt,Saudi Arabia,,,,,,,,,,,,,,,
14.2828,-89.8925,Jutiapa,Guatemala,,,,,,,,,,,,,,,
37.6069,61.8344,Mary,Turkmenistan,,,,,,,,,,,,,,,
52.2833,8.05,Osnabrück,Germany,,,,,,,,,,,,,,,
22.87,88.38,Chandannagar,India,,,,,,,,,,,,,,,
-19.3987,-40.0651,Linhares,Brazil,,,,,,,,,,,,,,,
23.0241,114.1046,Tiantoujiao,China,,,,,,,,,,,,,,,
-2.5333,112.95,Sampit,Indonesia,,,,,,,,,,,,,,,
38.2992,-77.4872,Fredericksburg,United States,,,,,,,,,,,,,,,
-0.3603,42.5489,Kismaayo,Somalia,,,,,,,,,,,,,,,
49.49,0.1,Le Havre,France,,,,,,,,,,,,,,,
51.0333,6.9833,Leverkusen,Germany,,,,,,,,,,,,,,,
15.6279,77.2749,Ādoni,India,,,,,,,,,,,,,,,
17.6133,121.7303,Tuguegarao,Philippines,,,,,,,,,,,,,,,
9.25,105.417,Giá Rai,Vietnam,,,,,,,,,,,,,,,
36.3276,-119.3269,Visalia,United States,,,,,,,,,,,,,,,
44.4264,84.9032,Kuytun,China,,,,,,,,,,,,,,,
33.2348,-87.5268,Tuscaloosa,United States,,,,,,,,,,,,,,,
8.147,4.72,Offa,Nigeria,,,,,,,,,,,,,,,
10.1136,-66.7814,Ocumare del Tuy,Venezuela,,,,,,,,,,,,,,,
46.49,-81.01,Sudbury,Canada,,,,,,,,,,,,,,,
6.693,80.386,Ratnapura,Sri Lanka,,,,,,,,,,,,,,,
35.7935,139.5653,Niiza,Japan,,,,,,,,,,,,,,,
36.7541,137.0257,Takaoka,Japan,,,,,,,,,,,,,,,
2.97,99.8,Tanjungbalai,Indonesia,,,,,,,,,,,,,,,
42.9833,144.3833,Kushiro,Japan,,,,,,,,,,,,,,,
34.7179,137.8515,Iwata,Japan,,,,,,,,,,,,,,,
42.9167,143.2,Obihiro,Japan,,,,,,,,,,,,,,,
-23.6228,-46.5508,São Caetano do Sul,Brazil,,,,,,,,,,,,,,,
31.6167,-2.2167,Béchar,Algeria,,,,,,,,,,,,,,,
36.085,35.9806,Samandağ,Turkey,,,,,,,,,,,,,,,
34.5944,-118.1057,Palmdale,United States,,,,,,,,,,,,,,,
53.39,-2.59,Warrington,United Kingdom,,,,,,,,,,,,,,,
13.3389,74.7451,Udipi,India,,,,,,,,,,,,,,,
36.9789,-122.0346,Santa Cruz,United States,,,,,,,,,,,,,,,
36.2411,46.2706,Saqqez,Iran,,,,,,,,,,,,,,,
26.773,82.146,Fyzābād,India,,,,,,,,,,,,,,,
38.4811,28.1392,Salihli,Turkey,,,,,,,,,,,,,,,
7.894,-67.473,San Fernando,Venezuela,,,,,,,,,,,,,,,
-11.0,14.6667,Ebo,Angola,,,,,,,,,,,,,,,
23.9792,97.9047,Muse,Burma,,,,,,,,,,,,,,,
44.1646,87.9536,Fukang,China,,,,,,,,,,,,,,,
39.86,111.24,Xuejiawan,China,,,,,,,,,,,,,,,
26.0,76.35,Sawāi Mādhopur,India,,,,,,,,,,,,,,,
36.4133,54.9781,Shāhrūd,Iran,,,,,,,,,,,,,,,
35.9297,36.6317,Idlib,Syria,,,,,,,,,,,,,,,
-27.8158,-50.3258,Lajes,Brazil,,,,,,,,,,,,,,,
-22.2208,-54.8058,Dourados,Brazil,,,,,,,,,,,,,,,
16.239,80.645,Tenāli,India,,,,,,,,,,,,,,,
22.1456,-80.4364,Cienfuegos,Cuba,,,,,,,,,,,,,,,
-7.1381,110.405,Ungaran,Indonesia,,,,,,,,,,,,,,,
49.8722,8.6528,Darmstadt,Germany,,,,,,,,,,,,,,,
-12.45,14.15,Bocoio,Angola,,,,,,,,,,,,,,,
42.3372,-122.854,Medford,United States,,,,,,,,,,,,,,,
36.0,48.4167,Khodābandeh,Iran,,,,,,,,,,,,,,,
6.7297,-3.4964,Abengourou,Côte d’Ivoire,,,,,,,,,,,,,,,
12.8185,79.6947,Conjeeveram,India,,,,,,,,,,,,,,,
35.3667,139.2167,Hadano,Japan,,,,,,,,,,,,,,,
-36.6,-72.1167,Chillán,Chile,,,,,,,,,,,,,,,
41.15,-8.5333,Gondomar,Portugal,,,,,,,,,,,,,,,
16.8303,107.0972,Đông Hà,Vietnam,,,,,,,,,,,,,,,
29.1322,48.1261,Abū Ḩulayfah,Kuwait,,,,,,,,,,,,,,,
-1.5,33.8,Musoma,Tanzania,,,,,,,,,,,,,,,
26.3519,86.0719,Madhubani,India,,,,,,,,,,,,,,,
51.9833,5.9167,Arnhem,Netherlands,,,,,,,,,,,,,,,
-10.7333,14.9833,Quibala,Angola,,,,,,,,,,,,,,,
14.75,78.55,Proddatūr,India,,,,,,,,,,,,,,,
47.5167,42.15,Volgodonsk,Russia,,,,,,,,,,,,,,,
19.2833,-98.4333,San Martin Texmelucan de Labastida,Mexico,,,,,,,,,,,,,,,
5.5333,-73.3667,Tunja,Colombia,,,,,,,,,,,,,,,
54.9,52.3,Almetyevsk,Russia,,,,,,,,,,,,,,,
10.6204,-84.512,San Marcos,Costa Rica,,,,,,,,,,,,,,,
-21.7878,-46.5608,Poços de Caldas,Brazil,,,,,,,,,,,,,,,
28.6981,77.0689,Sultānpur Mazra,India,,,,,,,,,,,,,,,
33.5606,35.3758,Sidon,Lebanon,,,,,,,,,,,,,,,
-6.2667,106.4667,Tigaraksa,Indonesia,,,,,,,,,,,,,,,
7.7,27.99,Wau,South Sudan,,,,,,,,,,,,,,,
40.3139,36.5542,Tokat,Turkey,,,,,,,,,,,,,,,
37.8947,127.2002,Pocheon,"Korea, South",,,,,,,,,,,,,,,
36.8667,6.9,Skikda,Algeria,,,,,,,,,,,,,,,
41.5495,-72.0882,Norwich,United States,,,,,,,,,,,,,,,
31.802,74.255,Muridke,Pakistan,,,,,,,,,,,,,,,
30.0694,71.1942,Muzaffargarh,Pakistan,,,,,,,,,,,,,,,
37.3057,-120.4779,Merced,United States,,,,,,,,,,,,,,,
-34.45,-58.5667,San Fernando,Argentina,,,,,,,,,,,,,,,
53.0167,158.65,Petropavlovsk-Kamchatskiy,Russia,,,,,,,,,,,,,,,
49.4167,8.7167,Heidelberg,Germany,,,,,,,,,,,,,,,
53.645,-1.7798,Huddersfield,United Kingdom,,,,,,,,,,,,,,,
33.9517,131.2467,Ube,Japan,,,,,,,,,,,,,,,
41.4667,69.5833,Chirchiq,Uzbekistan,,,,,,,,,,,,,,,
30.5567,49.1897,Bandar-e Māhshahr,Iran,,,,,,,,,,,,,,,
37.9125,28.3206,Nazilli,Turkey,,,,,,,,,,,,,,,
42.9848,-71.4447,Manchester,United States,,,,,,,,,,,,,,,
31.8801,-102.3448,Odessa,United States,,,,,,,,,,,,,,,
52.3833,4.6333,Haarlem,Netherlands,,,,,,,,,,,,,,,
-5.85,13.05,Boma,Congo (Kinshasa),,,,,,,,,,,,,,,
18.1,-96.1167,Tuxtepec,Mexico,,,,,,,,,,,,,,,
43.2281,-86.2562,Muskegon,United States,,,,,,,,,,,,,,,
-4.9,-80.6833,Sullana,Peru,,,,,,,,,,,,,,,
18.4483,-95.2122,San Andrés Tuxtla,Mexico,,,,,,,,,,,,,,,
45.7667,4.8803,Villeurbanne,France,,,,,,,,,,,,,,,
-2.905,-41.7769,Parnaíba,Brazil,,,,,,,,,,,,,,,
37.2778,9.8639,Bizerte,Tunisia,,,,,,,,,,,,,,,
0.3533,32.7553,Mukono,Uganda,,,,,,,,,,,,,,,
22.7772,73.6203,Godhra,India,,,,,,,,,,,,,,,
30.3983,55.9919,Rafsanjān,Iran,,,,,,,,,,,,,,,
13.97,121.53,Sariaya,Philippines,,,,,,,,,,,,,,,
21.77,78.25,Multai,India,,,,,,,,,,,,,,,
-5.1167,105.3,Metro,Indonesia,,,,,,,,,,,,,,,
43.1121,12.3888,Perugia,Italy,,,,,,,,,,,,,,,
-12.6978,-38.3239,Camaçari,Brazil,,,,,,,,,,,,,,,
-36.7167,-73.1219,Talcahuano,Chile,,,,,,,,,,,,,,,
40.6337,-3.1674,Guadalajara,Spain,,,,,,,,,,,,,,,
5.6667,-0.0167,Tema,Ghana,,,,,,,,,,,,,,,
53.1667,48.4667,Syzran,Russia,,,,,,,,,,,,,,,
44.85,20.4,Zemun,Serbia,,,,,,,,,,,,,,,
-9.3,14.9167,Ndalatando,Angola,,,,,,,,,,,,,,,
51.1719,7.0847,Solingen,Germany,,,,,,,,,,,,,,,
28.7672,-81.8962,Leesburg,United States,,,,,,,,,,,,,,,
-1.8667,-79.9833,Daule,Ecuador,,,,,,,,,,,,,,,
23.2881,116.2594,Zhanlicun,China,,,,,,,,,,,,,,,
22.91,92.76,Pangzawl,India,,,,,,,,,,,,,,,
0.1333,117.5,Bontang,Indonesia,,,,,,,,,,,,,,,
23.2722,113.2183,Jinggang,China,,,,,,,,,,,,,,,
23.4384,72.8572,Prāntij,India,,,,,,,,,,,,,,,
25.3722,51.2047,Ash Shīḩānīyah,Qatar,,,,,,,,,,,,,,,
20.4478,-97.32,Papantla de Olarte,Mexico,,,,,,,,,,,,,,,
56.4,61.9333,Kamensk-Ural’skiy,Russia,,,,,,,,,,,,,,,
23.0964,-82.3267,San Miguel del Padrón,Cuba,,,,,,,,,,,,,,,
11.272,107.4367,Tân Phú,Vietnam,,,,,,,,,,,,,,,
14.32,120.77,Naic,Philippines,,,,,,,,,,,,,,,
24.0519,105.075,Liancheng,China,,,,,,,,,,,,,,,
30.96,61.86,Zaranj,Afghanistan,,,,,,,,,,,,,,,
7.0083,125.0894,Kidapawan,Philippines,,,,,,,,,,,,,,,
-22.9189,-46.5425,Bragança Paulista,Brazil,,,,,,,,,,,,,,,
-22.9239,-45.4617,Pindamonhangaba,Brazil,,,,,,,,,,,,,,,
43.51,16.44,Split,Croatia,,,,,,,,,,,,,,,
47.4222,40.0939,Novocherkassk,Russia,,,,,,,,,,,,,,,
30.381,67.727,Ziarat,Pakistan,,,,,,,,,,,,,,,
31.7194,131.0617,Miyakonojō,Japan,,,,,,,,,,,,,,,
40.3991,-86.8593,Lafayette,United States,,,,,,,,,,,,,,,
37.925,41.9458,Siirt,Turkey,,,,,,,,,,,,,,,
9.9333,106.35,Trà Vinh,Vietnam,,,,,,,,,,,,,,,
28.65,70.68,Khanpur,Pakistan,,,,,,,,,,,,,,,
9.5928,-5.1944,Ferkessédougou,Côte d’Ivoire,,,,,,,,,,,,,,,
28.4853,-16.3167,La Laguna,Spain,,,,,,,,,,,,,,,
51.55,0.71,Southend,United Kingdom,,,,,,,,,,,,,,,
29.3242,-100.9317,Ciudad Acuña,Mexico,,,,,,,,,,,,,,,
-34.8333,-58.5167,José María Ezeiza,Argentina,,,,,,,,,,,,,,,
33.3331,69.9169,Khōst,Afghanistan,,,,,,,,,,,,,,,
12.25,-2.3667,Koudougou,Burkina Faso,,,,,,,,,,,,,,,
19.1167,-72.7,Saint-Marc,Haiti,,,,,,,,,,,,,,,
-33.3333,-60.2167,San Nicolás de los Arroyos,Argentina,,,,,,,,,,,,,,,
-12.0181,-76.8139,Huaycan,Peru,,,,,,,,,,,,,,,
-2.1347,-79.5872,Milagro,Ecuador,,,,,,,,,,,,,,,
47.3167,5.0167,Dijon,France,,,,,,,,,,,,,,,
30.822,75.174,Moga,India,,,,,,,,,,,,,,,
7.7389,4.4361,Ede,Nigeria,,,,,,,,,,,,,,,
51.6667,75.3667,Ekibastuz,Kazakhstan,,,,,,,,,,,,,,,
52.2225,6.8925,Enschede,Netherlands,,,,,,,,,,,,,,,
51.5886,-2.9978,Newport,United Kingdom,,,,,,,,,,,,,,,
49.0167,12.0833,Regensburg,Germany,,,,,,,,,,,,,,,
-18.5871,-46.5149,Patos de Minas,Brazil,,,,,,,,,,,,,,,
-7.2622,38.7367,Kisarawe,Tanzania,,,,,,,,,,,,,,,
28.05,79.12,Budaun,India,,,,,,,,,,,,,,,
37.6328,-122.0766,Hayward,United States,,,,,,,,,,,,,,,
32.07,34.8235,Ramat Gan,Israel,,,,,,,,,,,,,,,
22.67,88.35,Uttarpāra,India,,,,,,,,,,,,,,,
-28.4667,-65.7833,Catamarca,Argentina,,,,,,,,,,,,,,,
36.5167,-4.8833,Marbella,Spain,,,,,,,,,,,,,,,
24.03,84.07,Daltonganj,India,,,,,,,,,,,,,,,
37.0289,35.8125,Ceyhan,Turkey,,,,,,,,,,,,,,,
-14.8167,14.55,Quipungo,Angola,,,,,,,,,,,,,,,
33.8616,-117.5649,Corona,United States,,,,,,,,,,,,,,,
-26.1883,28.3206,Benoni,South Africa,,,,,,,,,,,,,,,
34.6667,3.25,Djelfa,Algeria,,,,,,,,,,,,,,,
17.7667,-92.6,Macuspana,Mexico,,,,,,,,,,,,,,,
38.1464,114.5708,Zhengding,China,,,,,,,,,,,,,,,
55.1667,59.6667,Zlatoust,Russia,,,,,,,,,,,,,,,
40.548,81.281,Aral,China,,,,,,,,,,,,,,,
10.95,123.3,Cadiz,Philippines,,,,,,,,,,,,,,,
34.5779,136.5276,Matsuzaka,Japan,,,,,,,,,,,,,,,
-27.3664,-70.3331,Copiapó,Chile,,,,,,,,,,,,,,,
55.7125,21.135,Klaipėda,Lithuania,,,,,,,,,,,,,,,
35.3594,136.6129,Ōgaki,Japan,,,,,,,,,,,,,,,
18.72,75.32,Jāmkhed,India,,,,,,,,,,,,,,,
50.3025,18.7781,Zabrze,Poland,,,,,,,,,,,,,,,
21.712,72.993,Bharūch,India,,,,,,,,,,,,,,,
22.7176,113.2918,Nanqiaotou,China,,,,,,,,,,,,,,,
17.1489,121.8894,Ilagan,Philippines,,,,,,,,,,,,,,,
-19.4614,29.8022,Gweru,Zimbabwe,,,,,,,,,,,,,,,
-1.7178,-48.8828,Abaetetuba,Brazil,,,,,,,,,,,,,,,
46.7517,82.9869,Tacheng,China,,,,,,,,,,,,,,,
46.25,20.1667,Szeged,Hungary,,,,,,,,,,,,,,,
51.55,7.2167,Herne,Germany,,,,,,,,,,,,,,,
31.15,72.6833,Gojra,Pakistan,,,,,,,,,,,,,,,
30.4628,31.1797,Banhā,Egypt,,,,,,,,,,,,,,,
26.9683,64.1014,Panjgur,Pakistan,,,,,,,,,,,,,,,
21.09,95.64,Mahlaing,Burma,,,,,,,,,,,,,,,
40.9147,-74.1624,Paterson,United States,,,,,,,,,,,,,,,
-14.7889,-39.0489,Ilhéus,Brazil,,,,,,,,,,,,,,,
-22.4667,-68.9333,Calama,Chile,,,,,,,,,,,,,,,
47.4736,-0.5542,Angers,France,,,,,,,,,,,,,,,
-34.5333,-58.7167,San Miguel,Argentina,,,,,,,,,,,,,,,
51.6833,5.3167,’s-Hertogenbosch,Netherlands,,,,,,,,,,,,,,,
52.155,5.3875,Amersfoort,Netherlands,,,,,,,,,,,,,,,
-33.9667,22.45,George,South Africa,,,,,,,,,,,,,,,
32.5797,73.4814,Mandi Bahauddin,Pakistan,,,,,,,,,,,,,,,
-23.5917,-48.0531,Itapetininga,Brazil,,,,,,,,,,,,,,,
22.88,92.73,Lunglei,India,,,,,,,,,,,,,,,
32.2199,35.2636,Nāblus,West Bank,,,,,,,,,,,,,,,
22.9839,113.0139,Nan Zhuang,China,,,,,,,,,,,,,,,
52.4333,4.8167,Zaanstad,Netherlands,,,,,,,,,,,,,,,
27.9183,-110.8933,Guaymas,Mexico,,,,,,,,,,,,,,,
51.6522,-0.0808,Enfield,United Kingdom,,,,,,,,,,,,,,,
41.445,-8.2908,Guimarães,Portugal,,,,,,,,,,,,,,,
38.8185,-77.0861,Alexandria,United States,,,,,,,,,,,,,,,
-8.7386,24.9906,Kamina,Congo (Kinshasa),,,,,,,,,,,,,,,
-0.2485,35.7319,Molo,Kenya,,,,,,,,,,,,,,,
55.44,37.7619,Domodedovo,Russia,,,,,,,,,,,,,,,
32.8065,-83.6974,Macon,United States,,,,,,,,,,,,,,,
25.88,86.6,Saharsa,India,,,,,,,,,,,,,,,
23.0768,113.8696,Chaoshan,China,,,,,,,,,,,,,,,
7.3581,2.6075,Kétou,Benin,,,,,,,,,,,,,,,
-22.5269,-41.945,Rio das Ostras,Brazil,,,,,,,,,,,,,,,
6.1035,-3.8648,Adzopé,Côte d’Ivoire,,,,,,,,,,,,,,,
17.95,-76.8799,Portmore,Jamaica,,,,,,,,,,,,,,,
41.9844,2.8211,Girona,Spain,,,,,,,,,,,,,,,
45.1715,5.7224,Grenoble,France,,,,,,,,,,,,,,,
30.1997,31.2053,Qalyūb,Egypt,,,,,,,,,,,,,,,
10.53,123.93,Danao,Philippines,,,,,,,,,,,,,,,
39.6977,-105.1172,Lakewood,United States,,,,,,,,,,,,,,,
39.7709,-89.654,Springfield,United States,,,,,,,,,,,,,,,
28.0408,82.4861,Ghorāhī,Nepal,,,,,,,,,,,,,,,
9.2833,105.7167,Bạc Liêu,Vietnam,,,,,,,,,,,,,,,
15.3372,120.59,Capas,Philippines,,,,,,,,,,,,,,,
26.748,114.289,Xiaping,China,,,,,,,,,,,,,,,
33.9786,44.9369,Al Miqdādīyah,Iraq,,,,,,,,,,,,,,,
23.53,77.82,Vidisha,India,,,,,,,,,,,,,,,
32.2668,75.6,Pathānkot,India,,,,,,,,,,,,,,,
44.4161,12.2017,Ravenna,Italy,,,,,,,,,,,,,,,
51.7181,8.7542,Paderborn,Germany,,,,,,,,,,,,,,,
32.5589,36.0147,Ar Ramthā,Jordan,,,,,,,,,,,,,,,
64.5667,39.8667,Severodvinsk,Russia,,,,,,,,,,,,,,,
29.2694,51.22,Borāzjān,Iran,,,,,,,,,,,,,,,
9.0833,3.85,Kisi,Nigeria,,,,,,,,,,,,,,,
19.75,-72.2,Cap-Haïtien,Haiti,,,,,,,,,,,,,,,
0.9667,-79.6528,Esmeraldas,Ecuador,,,,,,,,,,,,,,,
36.2864,7.9511,Souk Ahras,Algeria,,,,,,,,,,,,,,,
14.8,74.13,Kārwār,India,,,,,,,,,,,,,,,
34.8892,135.4167,Daiwanishi,Japan,,,,,,,,,,,,,,,
51.2,6.7,Neuss,Germany,,,,,,,,,,,,,,,
43.25,46.5833,Khasavyurt,Russia,,,,,,,,,,,,,,,
36.1647,1.3317,Chlef,Algeria,,,,,,,,,,,,,,,
14.87,120.95,Pandi,Philippines,,,,,,,,,,,,,,,
-8.0219,-34.9808,Camarajibe,Brazil,,,,,,,,,,,,,,,
36.15,5.6833,El Eulma,Algeria,,,,,,,,,,,,,,,
47.8,13.045,Salzburg,Austria,,,,,,,,,,,,,,,
29.9667,76.8167,Thānesar,India,,,,,,,,,,,,,,,
23.0427,112.9145,Danzao,China,,,,,,,,,,,,,,,
26.57,74.87,Kishangarh,India,,,,,,,,,,,,,,,
37.3448,126.9683,Ŭiwang,"Korea, South",,,,,,,,,,,,,,,
-13.1333,28.4,Luanshya,Zambia,,,,,,,,,,,,,,,
37.5167,127.2,Hanam,"Korea, South",,,,,,,,,,,,,,,
39.1235,-94.7443,Kansas City,United States,,,,,,,,,,,,,,,
12.9333,8.5333,Zango,Nigeria,,,,,,,,,,,,,,,
45.2692,27.9575,Brăila,Romania,,,,,,,,,,,,,,,
44.3711,-79.6769,Barrie,Canada,,,,,,,,,,,,,,,
0.15,29.2833,Butembo,Congo (Kinshasa),,,,,,,,,,,,,,,
16.0333,-16.5,Saint-Louis,Senegal,,,,,,,,,,,,,,,
36.076,-79.4685,Burlington,United States,,,,,,,,,,,,,,,
28.98,79.4,Rudarpur,India,,,,,,,,,,,,,,,
-1.4855,36.9047,Kitenkela,Kenya,,,,,,,,,,,,,,,
25.4833,80.3333,Tindwāra,India,,,,,,,,,,,,,,,
32.5961,-83.6527,Warner Robins,United States,,,,,,,,,,,,,,,
17.0575,79.2684,Nalgonda,India,,,,,,,,,,,,,,,
38.9294,116.9169,Jinghai,China,,,,,,,,,,,,,,,
36.3967,140.5347,Hitachi-Naka,Japan,,,,,,,,,,,,,,,
-8.4228,20.7392,Lucapa,Angola,,,,,,,,,,,,,,,
35.95,139.8667,Noda,Japan,,,,,,,,,,,,,,,
-23.4439,-46.9178,Santana de Parnaíba,Brazil,,,,,,,,,,,,,,,
27.48,95.0,Dibrugarh,India,,,,,,,,,,,,,,,
-8.1167,115.0833,Singaraja,Indonesia,,,,,,,,,,,,,,,
-5.9342,12.3494,Moanda,Congo (Kinshasa),,,,,,,,,,,,,,,
33.2497,126.56,Seogwipo,"Korea, South",,,,,,,,,,,,,,,
10.1739,-67.5419,Palo Negro,Venezuela,,,,,,,,,,,,,,,
20.9159,70.3629,Verāval,India,,,,,,,,,,,,,,,
41.3133,19.4458,Durrës,Albania,,,,,,,,,,,,,,,
42.4333,129.75,Hoeryŏng,"Korea, North",,,,,,,,,,,,,,,
49.05,-122.3167,Abbotsford,Canada,,,,,,,,,,,,,,,
36.3813,139.7303,Tochigi,Japan,,,,,,,,,,,,,,,
37.3836,-122.0255,Sunnyvale,United States,,,,,,,,,,,,,,,
21.905,77.902,Betūl Bazār,India,,,,,,,,,,,,,,,
36.8833,10.25,Sukrah,Tunisia,,,,,,,,,,,,,,,
36.5592,128.7289,Andong,"Korea, South",,,,,,,,,,,,,,,
25.22,88.76,Bālurghāt,India,,,,,,,,,,,,,,,
50.3483,18.9156,Bytom,Poland,,,,,,,,,,,,,,,
12.3528,121.0676,San Jose,Philippines,,,,,,,,,,,,,,,
26.75,94.22,Jorhāt,India,,,,,,,,,,,,,,,
10.4111,123.9822,Poblacion,Philippines,,,,,,,,,,,,,,,
19.5689,-99.7669,Ixtlahuaca,Mexico,,,,,,,,,,,,,,,
34.9893,137.0021,Kariya,Japan,,,,,,,,,,,,,,,
23.4,88.5,Krishnanagar,India,,,,,,,,,,,,,,,
11.7011,9.3419,Dutse,Nigeria,,,,,,,,,,,,,,,
-32.9306,151.7542,Newcastle,Australia,,,,,,,,,,,,,,,
36.4019,138.2491,Ueda,Japan,,,,,,,,,,,,,,,
26.0293,-80.1679,Hollywood,United States,,,,,,,,,,,,,,,
43.55,10.3167,Livorno,Italy,,,,,,,,,,,,,,,
-16.1579,33.5898,Tete,Mozambique,,,,,,,,,,,,,,,
21.31,105.5967,Vĩnh Yên,Vietnam,,,,,,,,,,,,,,,
22.76,88.37,Bārākpur,India,,,,,,,,,,,,,,,
21.6417,69.6293,Porbandar,India,,,,,,,,,,,,,,,
40.0347,128.1856,Sinpo,"Korea, North",,,,,,,,,,,,,,,
7.0708,-73.1731,Girón,Colombia,,,,,,,,,,,,,,,
-22.2281,-45.9336,Pouso Alegre,Brazil,,,,,,,,,,,,,,,
13.3014,-87.1842,Ciudad Choluteca,Honduras,,,,,,,,,,,,,,,
38.7703,-121.3196,Roseville,United States,,,,,,,,,,,,,,,
11.2831,106.1297,Hòa Thành,Vietnam,,,,,,,,,,,,,,,
-12.1356,-38.4192,Alagoinhas,Brazil,,,,,,,,,,,,,,,
16.2578,97.7164,Mudon,Burma,,,,,,,,,,,,,,,
14.4833,-90.6167,Amatitlán,Guatemala,,,,,,,,,,,,,,,
2.7817,32.2992,Gulu,Uganda,,,,,,,,,,,,,,,
34.9333,127.6833,Gwangyang,"Korea, South",,,,,,,,,,,,,,,
15.8833,108.3333,Hội An,Vietnam,,,,,,,,,,,,,,,
-5.4622,122.6058,Baubau,Indonesia,,,,,,,,,,,,,,,
34.0667,133.0,Imabari,Japan,,,,,,,,,,,,,,,
41.6697,-70.9428,New Bedford,United States,,,,,,,,,,,,,,,
34.8333,135.4167,Kawashiri,Japan,,,,,,,,,,,,,,,
36.7375,3.1931,Bordj el Kiffan,Algeria,,,,,,,,,,,,,,,
10.3667,106.6667,Gò Công,Vietnam,,,,,,,,,,,,,,,
36.6056,34.3111,Erdemli,Turkey,,,,,,,,,,,,,,,
37.2436,55.1658,Gonbad-e Kāvūs,Iran,,,,,,,,,,,,,,,
14.2504,32.98,Al Manāqil,Sudan,,,,,,,,,,,,,,,
23.25,88.43,Shāntipur,India,,,,,,,,,,,,,,,
13.83,77.49,Hindupur,India,,,,,,,,,,,,,,,
-25.5928,-49.41,Araucária,Brazil,,,,,,,,,,,,,,,
23.0494,-81.5736,Matanzas,Cuba,,,,,,,,,,,,,,,
20.0833,-98.3667,Tulancingo,Mexico,,,,,,,,,,,,,,,
52.0594,1.1556,Ipswich,United Kingdom,,,,,,,,,,,,,,,
26.1,74.32,Beāwar,India,,,,,,,,,,,,,,,
10.917,107.167,Long Khánh,Vietnam,,,,,,,,,,,,,,,
28.7354,77.1638,Bhālswa Jahangirpur,India,,,,,,,,,,,,,,,
-12.5356,28.2419,Mufulira,Zambia,,,,,,,,,,,,,,,
-37.6858,176.1667,Tauranga,New Zealand,,,,,,,,,,,,,,,
42.4614,-83.6526,South Lyon,United States,,,,,,,,,,,,,,,
47.5951,-122.1535,Bellevue,United States,,,,,,,,,,,,,,,
42.465,-2.4456,Logroño,Spain,,,,,,,,,,,,,,,
36.2601,111.6743,Dahuaishu,China,,,,,,,,,,,,,,,
10.245,123.7964,Minglanilla,Philippines,,,,,,,,,,,,,,,
20.3397,-77.1086,Manzanillo,Cuba,,,,,,,,,,,,,,,
37.5128,34.0483,Ereğli,Turkey,,,,,,,,,,,,,,,
14.9333,-91.1167,Chichicastenango,Guatemala,,,,,,,,,,,,,,,
14.81,108.96,Đức Phổ,Vietnam,,,,,,,,,,,,,,,
15.8037,120.9991,San Jose,Philippines,,,,,,,,,,,,,,,
25.3775,112.2034,Tafeng,China,,,,,,,,,,,,,,,
38.2583,-122.0335,Fairfield,United States,,,,,,,,,,,,,,,
40.8,29.4167,Çayırova,Turkey,,,,,,,,,,,,,,,
26.9844,94.6375,Sibsāgar,India,,,,,,,,,,,,,,,
39.7464,39.4914,Mahmutlu,Turkey,,,,,,,,,,,,,,,
39.7464,39.4914,Büyük Çakırman,Turkey,,,,,,,,,,,,,,,
39.7464,39.4914,Buğdaylı,Turkey,,,,,,,,,,,,,,,
39.7464,39.4914,Erzincan,Turkey,,,,,,,,,,,,,,,
39.1456,34.1608,Kırşehir,Turkey,,,,,,,,,,,,,,,
32.0422,74.26,Eminabad,Pakistan,,,,,,,,,,,,,,,
44.0142,20.9394,Kragujevac,Serbia,,,,,,,,,,,,,,,
38.8803,-6.9753,Badajoz,Spain,,,,,,,,,,,,,,,
42.1014,-75.9093,Binghamton,United States,,,,,,,,,,,,,,,
49.598,117.379,Manzhouli,China,,,,,,,,,,,,,,,
28.1931,-105.4717,Delicias,Mexico,,,,,,,,,,,,,,,
7.0833,-73.0,Piedecuesta,Colombia,,,,,,,,,,,,,,,
-24.7139,-53.7428,Toledo,Brazil,,,,,,,,,,,,,,,
35.7546,139.4685,Higashimurayama,Japan,,,,,,,,,,,,,,,
43.8383,4.3597,Nîmes,France,,,,,,,,,,,,,,,
6.5333,2.85,Ipokia,Nigeria,,,,,,,,,,,,,,,
31.3333,73.4167,Jaranwala,Pakistan,,,,,,,,,,,,,,,
28.6833,77.0667,Nāngloi Jāt,India,,,,,,,,,,,,,,,
39.0346,-95.6955,Topeka,United States,,,,,,,,,,,,,,,
-16.4708,-54.6358,Rondonópolis,Brazil,,,,,,,,,,,,,,,
41.1404,-74.1072,Ramapo,United States,,,,,,,,,,,,,,,
36.0621,139.6668,Kukichūō,Japan,,,,,,,,,,,,,,,
23.6636,116.6028,Fengyicun,China,,,,,,,,,,,,,,,
-11.45,34.0333,Mzuzu,Malawi,,,,,,,,,,,,,,,
20.39,-101.26,Valle de Santiago,Mexico,,,,,,,,,,,,,,,
11.5169,106.8392,Đồng Xoài,Vietnam,,,,,,,,,,,,,,,
-39.8139,-73.2458,Valdivia,Chile,,,,,,,,,,,,,,,
39.7953,32.8028,Gölbaşı,Turkey,,,,,,,,,,,,,,,
24.8118,88.947,Naogaon,Bangladesh,,,,,,,,,,,,,,,
12.108,-68.935,Willemstad,Curaçao,,,,,,,,,,,,,,,
18.717,-68.45,Bávaro,Dominican Republic,,,,,,,,,,,,,,,
21.29,86.69,Soro,India,,,,,,,,,,,,,,,
34.447,35.8178,El Minié,Lebanon,,,,,,,,,,,,,,,
33.8936,35.5403,Borj Hammoud,Lebanon,,,,,,,,,,,,,,,
7.0667,6.2667,Auchi,Nigeria,,,,,,,,,,,,,,,
-9.3,28.7167,Kashikishi,Zambia,,,,,,,,,,,,,,,
15.3157,-87.9932,Villanueva,Honduras,,,,,,,,,,,,,,,
20.4311,-101.7222,Pénjamo,Mexico,,,,,,,,,,,,,,,
33.1348,-117.0723,Escondido,United States,,,,,,,,,,,,,,,
-7.1139,-34.9778,Santa Rita,Brazil,,,,,,,,,,,,,,,
14.43,120.48,Mariveles,Philippines,,,,,,,,,,,,,,,
-7.975,131.3075,Saumlaki,Indonesia,,,,,,,,,,,,,,,
41.5188,-88.1499,Joliet,United States,,,,,,,,,,,,,,,
19.25,-103.7333,Villa de Álvarez,Mexico,,,,,,,,,,,,,,,
46.8,-71.1833,Lévis,Canada,,,,,,,,,,,,,,,
22.7736,-102.5736,Zacatecas,Mexico,,,,,,,,,,,,,,,
45.3619,36.4711,Kerch,Ukraine,,,,,,,,,,,,,,,
33.6815,-112.4515,Surprise,United States,,,,,,,,,,,,,,,
41.748,-88.1659,Naperville,United States,,,,,,,,,,,,,,,
22.9333,97.75,Lashio,Burma,,,,,,,,,,,,,,,
29.6575,-95.1498,Pasadena,United States,,,,,,,,,,,,,,,
7.2,2.0667,Bohicon,Benin,,,,,,,,,,,,,,,
51.5836,-0.3464,Harrow,United Kingdom,,,,,,,,,,,,,,,
44.0594,12.5683,Rimini,Italy,,,,,,,,,,,,,,,
-20.1644,57.5042,Port Louis,Mauritius,,,,,,,,,,,,,,,
35.9333,64.75,Maīmanah,Afghanistan,,,,,,,,,,,,,,,
-23.6039,-46.9189,Cotia,Brazil,,,,,,,,,,,,,,,
35.7177,139.5661,Musashino,Japan,,,,,,,,,,,,,,,
-33.6253,-71.2711,Melipilla,Chile,,,,,,,,,,,,,,,
10.9,123.42,Sagay,Philippines,,,,,,,,,,,,,,,
32.3325,35.7517,‘Ajlūn,Jordan,,,,,,,,,,,,,,,
29.8786,52.8067,Marvdasht,Iran,,,,,,,,,,,,,,,
46.8489,35.3675,Melitopol,Ukraine,,,,,,,,,,,,,,,
32.7602,-96.5865,Mesquite,United States,,,,,,,,,,,,,,,
39.7186,43.0508,Ağrı,Turkey,,,,,,,,,,,,,,,
49.2839,-122.7919,Coquitlam,Canada,,,,,,,,,,,,,,,
38.9786,117.3886,Xianshuigu,China,,,,,,,,,,,,,,,
16.7881,80.8465,Nūzvīd,India,,,,,,,,,,,,,,,
34.1558,73.2194,Abbottabad,Pakistan,,,,,,,,,,,,,,,
16.68,121.55,Santiago,Philippines,,,,,,,,,,,,,,,
40.1142,-88.2737,Champaign,United States,,,,,,,,,,,,,,,
35.853,139.4122,Sayama,Japan,,,,,,,,,,,,,,,
19.85,-73.2,Jean-Rabel,Haiti,,,,,,,,,,,,,,,
34.2167,-4.0167,Taza,Morocco,,,,,,,,,,,,,,,
34.0585,-117.7626,Pomona,United States,,,,,,,,,,,,,,,
37.01,37.7972,Nizip,Turkey,,,,,,,,,,,,,,,
56.4606,-2.97,Dundee,United Kingdom,,,,,,,,,,,,,,,
28.93,79.7,Sitārganj,India,,,,,,,,,,,,,,,
20.9221,104.7521,Mộc Châu,Vietnam,,,,,,,,,,,,,,,
25.0911,101.5075,Dongguazhen,China,,,,,,,,,,,,,,,
21.4411,40.4975,Al Ḩawīyah,Saudi Arabia,,,,,,,,,,,,,,,
39.2167,9.1167,Cagliari,Italy,,,,,,,,,,,,,,,
38.8,-9.1833,Odivelas,Portugal,,,,,,,,,,,,,,,
10.4,123.95,Consolacion,Philippines,,,,,,,,,,,,,,,
4.9151,29.4769,Maridi,South Sudan,,,,,,,,,,,,,,,
-33.05,-71.45,Quilpué,Chile,,,,,,,,,,,,,,,
-34.7167,-58.6167,Rafael Castillo,Argentina,,,,,,,,,,,,,,,
43.3378,52.8553,Zhangaözen,Kazakhstan,,,,,,,,,,,,,,,
43.5263,5.4454,Aix-en-Provence,France,,,,,,,,,,,,,,,
-9.3533,28.7403,Nchelenge,Zambia,,,,,,,,,,,,,,,
47.2351,16.6219,Szombathely,Hungary,,,,,,,,,,,,,,,
42.2717,42.7056,Kutaisi,Georgia,,,,,,,,,,,,,,,
35.291,136.9121,Komaki,Japan,,,,,,,,,,,,,,,
-1.1714,36.8356,Kiambu,Kenya,,,,,,,,,,,,,,,
13.3622,103.8597,Siem Reap,Cambodia,,,,,,,,,,,,,,,
62.2417,25.7417,Jyväskylä,Finland,,,,,,,,,,,,,,,
29.58,-90.7059,Houma,United States,,,,,,,,,,,,,,,
45.7831,3.0824,Clermont-Ferrand,France,,,,,,,,,,,,,,,
25.6925,85.2084,Hājīpur,India,,,,,,,,,,,,,,,
2.9833,99.6125,Kisaran,Indonesia,,,,,,,,,,,,,,,
25.785,-100.0511,Pesquería,Mexico,,,,,,,,,,,,,,,
6.9483,126.2272,Mati,Philippines,,,,,,,,,,,,,,,
9.5369,31.656,Malakal,South Sudan,,,,,,,,,,,,,,,
37.3167,27.7833,Milas,Turkey,,,,,,,,,,,,,,,
23.0247,-82.4631,La Lisa,Cuba,,,,,,,,,,,,,,,
31.1,30.95,Kafr ash Shaykh,Egypt,,,,,,,,,,,,,,,
12.2,-86.1,Tipitapa,Nicaragua,,,,,,,,,,,,,,,
33.9508,-83.3689,Athens,United States,,,,,,,,,,,,,,,
37.0758,-113.5752,St. George,United States,,,,,,,,,,,,,,,
55.0,60.1,Miass,Russia,,,,,,,,,,,,,,,
35.6369,139.4463,Tama,Japan,,,,,,,,,,,,,,,
22.8847,113.455,Dongsheng,China,,,,,,,,,,,,,,,
22.83,88.63,Hābra,India,,,,,,,,,,,,,,,
35.4333,133.3333,Yonago,Japan,,,,,,,,,,,,,,,
-13.8578,-40.0839,Jequié,Brazil,,,,,,,,,,,,,,,
48.7392,37.5839,Kramatorsk,Ukraine,,,,,,,,,,,,,,,
-5.9128,29.1906,Kalemie,Congo (Kinshasa),,,,,,,,,,,,,,,
19.2433,-103.7247,Colima,Mexico,,,,,,,,,,,,,,,
14.0833,98.2,Dawei,Burma,,,,,,,,,,,,,,,
-6.05,15.1167,Maquela do Zombo,Angola,,,,,,,,,,,,,,,
2.1442,27.9929,Wamba,Congo (Kinshasa),,,,,,,,,,,,,,,
26.92,81.2,Bāra Bankī,India,,,,,,,,,,,,,,,
-16.92,145.78,Cairns,Australia,,,,,,,,,,,,,,,
31.2142,121.3681,Xinjing,China,,,,,,,,,,,,,,,
11.902,109.2207,Cam Ranh,Vietnam,,,,,,,,,,,,,,,
18.99,75.76,Bīr,India,,,,,,,,,,,,,,,
-34.8167,-58.2833,Florencio Varela,Argentina,,,,,,,,,,,,,,,
53.3667,55.9333,Salavat,Russia,,,,,,,,,,,,,,,
30.0849,-94.1451,Beaumont,United States,,,,,,,,,,,,,,,
41.6916,-85.9627,Elkhart,United States,,,,,,,,,,,,,,,
15.7778,38.4581,Keren,Eritrea,,,,,,,,,,,,,,,
52.519,-1.995,West Bromwich,United Kingdom,,,,,,,,,,,,,,,
40.7539,29.8231,Derince,Turkey,,,,,,,,,,,,,,,
14.55,44.4017,Dhamār,Yemen,,,,,,,,,,,,,,,
-6.75,23.9667,Gandajika,Congo (Kinshasa),,,,,,,,,,,,,,,
-33.2017,-70.6703,Colina,Chile,,,,,,,,,,,,,,,
26.7325,67.7792,Dadu,Pakistan,,,,,,,,,,,,,,,
13.9833,108.0,Pleiku,Vietnam,,,,,,,,,,,,,,,
58.97,5.7314,Stavanger,Norway,,,,,,,,,,,,,,,
20.0017,95.5461,Taungdwingyi,Burma,,,,,,,,,,,,,,,
28.0444,76.1056,Nārnaul,India,,,,,,,,,,,,,,,
14.23,76.4,Chitaldrug,India,,,,,,,,,,,,,,,
13.414,121.18,Calapan,Philippines,,,,,,,,,,,,,,,
13.414,121.18,Calapan,Philippines,,,,,,,,,,,,,,,
-23.3286,-46.7244,Franco da Rocha,Brazil,,,,,,,,,,,,,,,
35.9333,0.0833,Mostaganem,Algeria,,,,,,,,,,,,,,,
-2.5319,-44.1078,Paço do Lumiar,Brazil,,,,,,,,,,,,,,,
27.63,78.67,Etah,India,,,,,,,,,,,,,,,
18.29,-70.33,Baní,Dominican Republic,,,,,,,,,,,,,,,
51.8653,-2.2458,Gloucester,United Kingdom,,,,,,,,,,,,,,,
37.106,58.5095,Qūchān,Iran,,,,,,,,,,,,,,,
-15.4669,36.9778,Vila Junqueiro,Mozambique,,,,,,,,,,,,,,,
41.4584,15.5519,Foggia,Italy,,,,,,,,,,,,,,,
35.8358,139.3911,Iruma,Japan,,,,,,,,,,,,,,,
30.1334,74.2001,Abohar,India,,,,,,,,,,,,,,,
17.2942,96.58,Thanatpin,Burma,,,,,,,,,,,,,,,
22.489,90.0627,Bhāndāria,Bangladesh,,,,,,,,,,,,,,,
48.0077,0.1984,Le Mans,France,,,,,,,,,,,,,,,
30.201,-93.2111,Lake Charles,United States,,,,,,,,,,,,,,,
4.8167,-74.3667,Facatativá,Colombia,,,,,,,,,,,,,,,
46.175,21.3125,Arad,Romania,,,,,,,,,,,,,,,
34.8674,138.2577,Fujita,Japan,,,,,,,,,,,,,,,
41.55,60.6333,Urganch,Uzbekistan,,,,,,,,,,,,,,,
55.1,61.6167,Kopeysk,Russia,,,,,,,,,,,,,,,
27.5333,68.7667,Khairpur Mir’s,Pakistan,,,,,,,,,,,,,,,
-1.3333,31.8167,Bukoba,Tanzania,,,,,,,,,,,,,,,
29.8015,76.3998,Kaithal,India,,,,,,,,,,,,,,,
15.1493,120.7692,Arayat,Philippines,,,,,,,,,,,,,,,
40.965,-5.6642,Salamanca,Spain,,,,,,,,,,,,,,,
34.9333,-120.4431,Santa Maria,United States,,,,,,,,,,,,,,,
10.95,-63.85,Porlamar,Venezuela,,,,,,,,,,,,,,,
50.7167,-1.9833,Poole,United Kingdom,,,,,,,,,,,,,,,
14.4528,-87.6379,Comayagua,Honduras,,,,,,,,,,,,,,,
41.6167,0.6333,Lleida,Spain,,,,,,,,,,,,,,,
-6.3667,106.25,Rangkasbitung,Indonesia,,,,,,,,,,,,,,,
48.4167,-71.0667,Saguenay,Canada,,,,,,,,,,,,,,,
15.9761,120.5711,Urdaneta,Philippines,,,,,,,,,,,,,,,
22.7833,113.15,Xintang,China,,,,,,,,,,,,,,,
29.5333,71.6333,Lodhran,Pakistan,,,,,,,,,,,,,,,
32.5995,-114.5491,Yuma,United States,,,,,,,,,,,,,,,
21.5033,86.925,Balasore,India,,,,,,,,,,,,,,,
43.55,-80.25,Guelph,Canada,,,,,,,,,,,,,,,
27.8508,104.9687,Zhaxi,China,,,,,,,,,,,,,,,
34.6683,70.2089,Mehtar Lām,Afghanistan,,,,,,,,,,,,,,,
40.0844,65.3792,Navoiy,Uzbekistan,,,,,,,,,,,,,,,
18.0973,-15.9327,Dar Naim,Mauritania,,,,,,,,,,,,,,,
-29.8167,30.85,Pinetown,South Africa,,,,,,,,,,,,,,,
35.7972,139.5939,Asaka,Japan,,,,,,,,,,,,,,,
3.9375,41.2203,Ramu,Kenya,,,,,,,,,,,,,,,
38.8833,-94.82,Olathe,United States,,,,,,,,,,,,,,,
32.0243,-102.1147,Midland,United States,,,,,,,,,,,,,,,
35.3988,136.8484,Kakamigahara,Japan,,,,,,,,,,,,,,,
40.1519,26.4056,Çanakkale,Turkey,,,,,,,,,,,,,,,
57.0337,9.9166,Aalborg,Denmark,,,,,,,,,,,,,,,
40.4152,-104.7706,Greeley,United States,,,,,,,,,,,,,,,
24.18,86.3,Koiridih,India,,,,,,,,,,,,,,,
48.1,20.7833,Miskolc,Hungary,,,,,,,,,,,,,,,
33.8346,-118.3416,Torrance,United States,,,,,,,,,,,,,,,
10.2278,-67.3336,La Victoria,Venezuela,,,,,,,,,,,,,,,
21.8481,-78.7631,Ciego de Ávila,Cuba,,,,,,,,,,,,,,,
-3.3167,17.3667,Bandundu,Congo (Kinshasa),,,,,,,,,,,,,,,
44.05,43.0667,Pyatigorsk,Russia,,,,,,,,,,,,,,,
31.1325,30.6478,Disūq,Egypt,,,,,,,,,,,,,,,
16.77,121.78,Calabayan,Philippines,,,,,,,,,,,,,,,
33.5492,68.4233,Ghaznī,Afghanistan,,,,,,,,,,,,,,,
31.149,121.1962,Zhaoxiang,China,,,,,,,,,,,,,,,
37.25,-6.95,Huelva,Spain,,,,,,,,,,,,,,,
33.1,6.0667,Touggourt,Algeria,,,,,,,,,,,,,,,
25.5822,91.8944,Shillong,India,,,,,,,,,,,,,,,
41.5722,35.9147,Bafra,Turkey,,,,,,,,,,,,,,,
15.92,120.42,Malasiqui,Philippines,,,,,,,,,,,,,,,
5.1833,7.7167,Ikot Ekpene,Nigeria,,,,,,,,,,,,,,,
13.55,33.6,Sannār,Sudan,,,,,,,,,,,,,,,
-37.4667,-72.35,Los Ángeles,Chile,,,,,,,,,,,,,,,
28.18,76.62,Rewāri,India,,,,,,,,,,,,,,,
34.5833,68.95,Paghmān,Afghanistan,,,,,,,,,,,,,,,
13.7,-89.1167,Ilopango,El Salvador,,,,,,,,,,,,,,,
19.7288,110.0085,Jinjiang,China,,,,,,,,,,,,,,,
-4.55,136.89,Tinipuka,Indonesia,,,,,,,,,,,,,,,
4.7,-75.9167,Cartago,Colombia,,,,,,,,,,,,,,,
36.3402,139.4497,Ashikaga,Japan,,,,,,,,,,,,,,,
39.9197,-104.9438,Thornton,United States,,,,,,,,,,,,,,,
42.4333,25.65,Stara Zagora,Bulgaria,,,,,,,,,,,,,,,
52.6766,-2.4469,Telford,United Kingdom,,,,,,,,,,,,,,,
39.05,66.8333,Shahrisabz,Uzbekistan,,,,,,,,,,,,,,,
-8.8903,-36.4928,Garanhuns,Brazil,,,,,,,,,,,,,,,
23.98,85.35,Hazāribāgh,India,,,,,,,,,,,,,,,
32.3265,-106.7893,Las Cruces,United States,,,,,,,,,,,,,,,
-16.6489,-49.4889,Trindade,Brazil,,,,,,,,,,,,,,,
24.6,88.2667,Nawābganj,Bangladesh,,,,,,,,,,,,,,,
35.8176,139.6779,Toda,Japan,,,,,,,,,,,,,,,
48.7631,11.425,Ingolstadt,Germany,,,,,,,,,,,,,,,
-13.3,35.2456,Lichinga,Mozambique,,,,,,,,,,,,,,,
16.543,81.523,Bhīmavaram,India,,,,,,,,,,,,,,,
36.0667,140.2,Tsuchiura,Japan,,,,,,,,,,,,,,,
7.2111,79.8386,Negombo,Sri Lanka,,,,,,,,,,,,,,,
26.3342,127.8056,Okinawa,Japan,,,,,,,,,,,,,,,
-17.3,15.85,Namacunde,Angola,,,,,,,,,,,,,,,
18.4539,-69.6064,Boca Chica,Dominican Republic,,,,,,,,,,,,,,,
47.8666,88.1166,Altay,China,,,,,,,,,,,,,,,
29.9928,73.2536,Bahawalnagar,Pakistan,,,,,,,,,,,,,,,
35.8301,139.8723,Misato,Japan,,,,,,,,,,,,,,,
34.7375,135.5642,Moriguchi,Japan,,,,,,,,,,,,,,,
38.9472,-92.3268,Columbia,United States,,,,,,,,,,,,,,,
53.83,-2.735,Preston,United Kingdom,,,,,,,,,,,,,,,
55.7833,38.4667,Elektrostal,Russia,,,,,,,,,,,,,,,
-15.7939,-47.8828,Brasília,Brazil,,,,,,,,,,,,,,,
22.7057,113.1526,Jun’an,China,,,,,,,,,,,,,,,
53.96,-1.08,York,United Kingdom,,,,,,,,,,,,,,,
24.072,75.069,Mandsaur,India,,,,,,,,,,,,,,,
23.63,86.17,Chās,India,,,,,,,,,,,,,,,
28.5147,53.5731,Jahrom,Iran,,,,,,,,,,,,,,,
8.0304,-2.8,Bondoukou,Côte d’Ivoire,,,,,,,,,,,,,,,
46.52,6.6333,Lausanne,Switzerland,,,,,,,,,,,,,,,
14.8,120.93,Bocaue,Philippines,,,,,,,,,,,,,,,
27.8,66.6167,Khuzdar,Pakistan,,,,,,,,,,,,,,,
-27.0978,-48.9178,Brusque,Brazil,,,,,,,,,,,,,,,
13.7333,-89.2167,Mejicanos,El Salvador,,,,,,,,,,,,,,,
20.8139,-102.7639,Tepatitlán de Morelos,Mexico,,,,,,,,,,,,,,,
-12.9667,40.5167,Pemba,Mozambique,,,,,,,,,,,,,,,
38.2014,37.1883,Elbistan,Turkey,,,,,,,,,,,,,,,
30.4167,31.5667,Bilbays,Egypt,,,,,,,,,,,,,,,
33.8841,-117.9279,Fullerton,United States,,,,,,,,,,,,,,,
44.8606,24.8678,Piteşti,Romania,,,,,,,,,,,,,,,
10.7739,105.2369,Tân Châu,Vietnam,,,,,,,,,,,,,,,
9.4669,12.0328,Numan,Nigeria,,,,,,,,,,,,,,,
35.8658,50.8717,Kamālshahr,Iran,,,,,,,,,,,,,,,
41.1175,1.2528,Tarragona,Spain,,,,,,,,,,,,,,,
-6.5714,107.7614,Subang,Indonesia,,,,,,,,,,,,,,,
16.3667,-91.7333,Las Maravillas,Mexico,,,,,,,,,,,,,,,
39.0877,-108.5673,Grand Junction,United States,,,,,,,,,,,,,,,
48.39,-4.49,Brest,France,,,,,,,,,,,,,,,
13.35,123.73,Tabaco,Philippines,,,,,,,,,,,,,,,
36.1975,139.2815,Fukayachō,Japan,,,,,,,,,,,,,,,
-4.3744,15.4947,Nsele,Congo (Kinshasa),,,,,,,,,,,,,,,
40.2111,-8.4289,Coimbra,Portugal,,,,,,,,,,,,,,,
-10.2736,40.1828,Mtwara,Tanzania,,,,,,,,,,,,,,,
15.0719,120.5419,Porac,Philippines,,,,,,,,,,,,,,,
41.1992,36.7275,Çarşamba,Turkey,,,,,,,,,,,,,,,
-26.1,27.7667,Krugersdorp,South Africa,,,,,,,,,,,,,,,
11.6683,92.7378,Port Blair,India,,,,,,,,,,,,,,,
54.5767,-1.2355,Middlesbrough,United Kingdom,,,,,,,,,,,,,,,
43.8445,25.9539,Ruse,Bulgaria,,,,,,,,,,,,,,,
23.921,115.7774,Shizhaobi,China,,,,,,,,,,,,,,,
37.2836,-5.9222,Dos Hermanas,Spain,,,,,,,,,,,,,,,
34.1959,43.8857,Sāmarrā’,Iraq,,,,,,,,,,,,,,,
8.15,123.85,Ozamiz City,Philippines,,,,,,,,,,,,,,,
46.0708,18.2331,Pécs,Hungary,,,,,,,,,,,,,,,
26.36,81.17,Harchandpur,India,,,,,,,,,,,,,,,
10.0753,-69.1283,Yaritagua,Venezuela,,,,,,,,,,,,,,,
10.9602,79.3845,Kumbakonam,India,,,,,,,,,,,,,,,
19.65,-99.25,Cuautitlán Izcalli,Mexico,,,,,,,,,,,,,,,
35.2872,59.2219,Torbat-e Ḩeydarīyeh,Iran,,,,,,,,,,,,,,,
25.4783,100.5551,Xiangcheng,China,,,,,,,,,,,,,,,
31.7422,44.6102,Nāḩiyat Ghammās,Iraq,,,,,,,,,,,,,,,
29.5322,35.0061,Al ‘Aqabah,Jordan,,,,,,,,,,,,,,,
1.8504,102.9333,Batu Pahat,Malaysia,,,,,,,,,,,,,,,
35.0167,135.9667,Kusatsu,Japan,,,,,,,,,,,,,,,
13.6731,-89.2406,Santa Tecla,El Salvador,,,,,,,,,,,,,,,
-12.4381,130.8411,Darwin,Australia,,,,,,,,,,,,,,,
64.1458,-21.9425,Reykjavík,Iceland,,,,,,,,,,,,,,,
17.7167,33.9833,Atbara,Sudan,,,,,,,,,,,,,,,
-4.8589,-43.3558,Caxias,Brazil,,,,,,,,,,,,,,,
20.9344,-89.5578,Kanasín,Mexico,,,,,,,,,,,,,,,
14.7099,121.0997,Payatas,Philippines,,,,,,,,,,,,,,,
-3.6619,33.4231,Shinyanga,Tanzania,,,,,,,,,,,,,,,
20.67,86.64,Aul,India,,,,,,,,,,,,,,,
11.9667,-86.1,Masaya,Nicaragua,,,,,,,,,,,,,,,
10.85,-74.75,Malambo,Colombia,,,,,,,,,,,,,,,
15.0,2.0,Momostenango,Guatemala,,,,,,,,,,,,,,,
36.9167,31.1,Serik,Turkey,,,,,,,,,,,,,,,
30.3442,73.3839,Pakpattan,Pakistan,,,,,,,,,,,,,,,
-22.8858,-48.445,Botucatu,Brazil,,,,,,,,,,,,,,,
14.4972,121.2864,Tanay,Philippines,,,,,,,,,,,,,,,
53.8142,-3.0503,Blackpool,United Kingdom,,,,,,,,,,,,,,,
18.43,-68.97,La Romana,Dominican Republic,,,,,,,,,,,,,,,
46.35,-72.55,Trois-Rivières,Canada,,,,,,,,,,,,,,,
-26.9908,-48.635,Balneário de Camboriú,Brazil,,,,,,,,,,,,,,,
34.8269,135.4706,Minō,Japan,,,,,,,,,,,,,,,
44.6,40.0833,Maykop,Russia,,,,,,,,,,,,,,,
18.4054,-65.9792,Carolina,Puerto Rico,,,,,,,,,,,,,,,
29.9977,-90.178,Metairie,United States,,,,,,,,,,,,,,,
52.21,5.97,Apeldoorn,Netherlands,,,,,,,,,,,,,,,
18.5586,-68.3694,Pantanal,Dominican Republic,,,,,,,,,,,,,,,
38.4176,141.3027,Ishizaki,Japan,,,,,,,,,,,,,,,
35.0667,136.6833,Kuwana,Japan,,,,,,,,,,,,,,,
33.8038,-117.8218,Orange,United States,,,,,,,,,,,,,,,
47.3936,0.6892,Tours,France,,,,,,,,,,,,,,,
3.25,19.7667,Gemena,Congo (Kinshasa),,,,,,,,,,,,,,,
11.9136,109.1369,Cam Ranh,Vietnam,,,,,,,,,,,,,,,
21.9339,-79.4439,Sancti Spíritus,Cuba,,,,,,,,,,,,,,,
43.8833,-78.9417,Whitby,Canada,,,,,,,,,,,,,,,
43.3972,-80.3114,Cambridge,Canada,,,,,,,,,,,,,,,
13.1333,78.1333,Kolār,India,,,,,,,,,,,,,,,
36.2675,2.75,Médéa,Algeria,,,,,,,,,,,,,,,
36.1782,139.7554,Koga,Japan,,,,,,,,,,,,,,,
8.5872,123.3408,Dipolog,Philippines,,,,,,,,,,,,,,,
42.4934,-83.027,Warren,United States,,,,,,,,,,,,,,,
5.3256,-4.3767,Dabou,Côte d’Ivoire,,,,,,,,,,,,,,,
-22.4119,-42.9658,Teresópolis,Brazil,,,,,,,,,,,,,,,
18.235,-72.537,Jacmel,Haiti,,,,,,,,,,,,,,,
55.6,37.7333,Orekhovo-Borisovo Yuzhnoye,Russia,,,,,,,,,,,,,,,
40.6886,-112.0123,West Valley City,United States,,,,,,,,,,,,,,,
18.3,83.9,Chicacole,India,,,,,,,,,,,,,,,
-17.3422,-63.2558,Montero,Bolivia,,,,,,,,,,,,,,,
8.5667,16.0833,Moundou,Chad,,,,,,,,,,,,,,,
12.3833,-5.4667,Koutiala,Mali,,,,,,,,,,,,,,,
34.055,131.8061,Shūnan,Japan,,,,,,,,,,,,,,,
13.9311,121.4233,Candelaria,Philippines,,,,,,,,,,,,,,,
38.3214,27.1275,Gaziemir,Turkey,,,,,,,,,,,,,,,
-7.7667,15.2667,Negage,Angola,,,,,,,,,,,,,,,
38.95,-8.9833,Vila Franca de Xira,Portugal,,,,,,,,,,,,,,,
41.3333,27.9667,Kapaklı,Turkey,,,,,,,,,,,,,,,
30.3658,-9.5381,Inezgane,Morocco,,,,,,,,,,,,,,,
52.2304,-0.8938,Northampton,United Kingdom,,,,,,,,,,,,,,,
-17.8578,-41.505,Teófilo Otoni,Brazil,,,,,,,,,,,,,,,
16.46,120.59,La Trinidad,Philippines,,,,,,,,,,,,,,,
23.25,87.07,Bānkura,India,,,,,,,,,,,,,,,
12.52,76.9,Mandya,India,,,,,,,,,,,,,,,
37.0551,-76.363,Hampton,United States,,,,,,,,,,,,,,,
58.5919,16.1856,Norrköping,Sweden,,,,,,,,,,,,,,,
6.0,121.0,Jolo,Philippines,,,,,,,,,,,,,,,
18.0667,-93.1667,Cunduacán,Mexico,,,,,,,,,,,,,,,
24.91,84.18,Dehri,India,,,,,,,,,,,,,,,
6.621,-5.9114,Sinfra,Côte d’Ivoire,,,,,,,,,,,,,,,
20.05,93.3667,Myebon,Burma,,,,,,,,,,,,,,,
-23.1172,-46.5506,Atibaia,Brazil,,,,,,,,,,,,,,,
-17.4,-66.2833,Quillacollo,Bolivia,,,,,,,,,,,,,,,
5.6658,-0.1631,Medina Estates,Ghana,,,,,,,,,,,,,,,
45.3333,-75.9,Kanata,Canada,,,,,,,,,,,,,,,
1.2833,97.6167,Gunungsitoli,Indonesia,,,,,,,,,,,,,,,
-10.7183,13.75,Porto Amboim,Angola,,,,,,,,,,,,,,,
14.0,29.0,Cacula,Angola,,,,,,,,,,,,,,,
34.8269,135.4704,Minoo,Japan,,,,,,,,,,,,,,,
25.2114,83.5308,Durgauti,India,,,,,,,,,,,,,,,
-34.9833,-71.2333,Curicó,Chile,,,,,,,,,,,,,,,
33.7458,72.7875,Taxila,Pakistan,,,,,,,,,,,,,,,
8.82,125.1,Gingoog,Philippines,,,,,,,,,,,,,,,
40.0763,-74.2031,Lakewood,United States,,,,,,,,,,,,,,,
35.5217,46.1806,Marīvān,Iran,,,,,,,,,,,,,,,
20.5411,105.9139,Phủ Lý,Vietnam,,,,,,,,,,,,,,,
15.3147,-91.4761,Huehuetenango,Guatemala,,,,,,,,,,,,,,,
40.7333,29.9667,Karatepe,Turkey,,,,,,,,,,,,,,,
-34.6833,-58.55,San Justo,Argentina,,,,,,,,,,,,,,,
27.23,79.02,Mainpuri,India,,,,,,,,,,,,,,,
14.07,120.63,Nasugbu,Philippines,,,,,,,,,,,,,,,
-6.5167,16.2167,Quimbele,Angola,,,,,,,,,,,,,,,
-8.46,118.7267,Bima,Indonesia,,,,,,,,,,,,,,,
-21.5508,-45.43,Varginha,Brazil,,,,,,,,,,,,,,,
-0.7167,8.7833,Port-Gentil,Gabon,,,,,,,,,,,,,,,
34.1597,-118.139,Pasadena,United States,,,,,,,,,,,,,,,
10.12,123.63,Carcar,Philippines,,,,,,,,,,,,,,,
33.4466,36.3364,Qabr as Sitt,Syria,,,,,,,,,,,,,,,
-25.4589,-49.5278,Campo Largo,Brazil,,,,,,,,,,,,,,,
23.0614,-109.7081,San José del Cabo,Mexico,,,,,,,,,,,,,,,
-29.9508,-51.0939,Cachoeirinha,Brazil,,,,,,,,,,,,,,,
-4.0167,103.25,Pageralam,Indonesia,,,,,,,,,,,,,,,
19.2833,-99.7333,Zinacantepec,Mexico,,,,,,,,,,,,,,,
-6.9081,109.7304,Batang,Indonesia,,,,,,,,,,,,,,,
38.2692,39.7617,Ergani,Turkey,,,,,,,,,,,,,,,
42.8167,132.8667,Nakhodka,Russia,,,,,,,,,,,,,,,
46.5833,26.9167,Bacău,Romania,,,,,,,,,,,,,,,
14.92,121.05,Norzagaray,Philippines,,,,,,,,,,,,,,,
34.8669,138.3247,Yaizu,Japan,,,,,,,,,,,,,,,
11.5867,78.7583,Talaivāsal,India,,,,,,,,,,,,,,,
35.376,139.9168,Kisarazu,Japan,,,,,,,,,,,,,,,
25.9773,-80.3351,Miramar,United States,,,,,,,,,,,,,,,
55.9167,38.0,Shchelkovo,Russia,,,,,,,,,,,,,,,
27.0,84.8667,Birgañj,Nepal,,,,,,,,,,,,,,,
40.6658,-74.1913,Elizabeth,United States,,,,,,,,,,,,,,,
32.0833,23.95,Tobruk,Libya,,,,,,,,,,,,,,,
34.7469,111.875,Yima,China,,,,,,,,,,,,,,,
41.1039,-73.5585,Stamford,United States,,,,,,,,,,,,,,,
36.1333,128.1,Jicheon,"Korea, South",,,,,,,,,,,,,,,
35.4464,139.3908,Ebina,Japan,,,,,,,,,,,,,,,
14.974,120.528,Floridablanca,Philippines,,,,,,,,,,,,,,,
42.7274,-87.8135,Racine,United States,,,,,,,,,,,,,,,
-3.4283,29.925,Gitega,Burundi,,,,,,,,,,,,,,,
6.1535,-75.3743,Rionegro,Colombia,,,,,,,,,,,,,,,
4.95,9.9333,Nkongsamba,Cameroon,,,,,,,,,,,,,,,
21.8974,83.395,Raigarh,India,,,,,,,,,,,,,,,
13.9167,-89.85,Ahuachapán,El Salvador,,,,,,,,,,,,,,,
11.3678,106.1189,Tây Ninh,Vietnam,,,,,,,,,,,,,,,
36.7167,4.05,Tizi Ouzou,Algeria,,,,,,,,,,,,,,,
5.9333,-4.2167,Agboville,Côte d’Ivoire,,,,,,,,,,,,,,,
26.22,84.36,Haraīpur,India,,,,,,,,,,,,,,,
26.22,84.36,Siwān,India,,,,,,,,,,,,,,,
47.3887,-122.2128,Kent,United States,,,,,,,,,,,,,,,
-34.9,-54.95,Maldonado,Uruguay,,,,,,,,,,,,,,,
7.4999,4.4472,Ipetumodu,Nigeria,,,,,,,,,,,,,,,
-1.5,29.6333,Ruhengeri,Rwanda,,,,,,,,,,,,,,,
41.2333,-8.6167,Maia,Portugal,,,,,,,,,,,,,,,
32.0122,51.8594,Shahreẕā,Iran,,,,,,,,,,,,,,,
31.0339,61.4878,Zābol,Iran,,,,,,,,,,,,,,,
35.2647,136.7969,Inazawa,Japan,,,,,,,,,,,,,,,
18.8165,95.2114,Pyay,Burma,,,,,,,,,,,,,,,
40.2372,-3.7742,Parla,Spain,,,,,,,,,,,,,,,
49.892,2.299,Amiens,France,,,,,,,,,,,,,,,
6.9,1.7167,Djakotomé,Benin,,,,,,,,,,,,,,,
33.3611,6.8606,El Oued,Algeria,,,,,,,,,,,,,,,
49.6375,100.1614,Mörön,Mongolia,,,,,,,,,,,,,,,
46.948,7.4474,Bern,Switzerland,,,,,,,,,,,,,,,
-1.2969,-47.9219,Castanhal,Brazil,,,,,,,,,,,,,,,
31.6658,34.5664,Ashqelon,Israel,,,,,,,,,,,,,,,
24.6771,113.5858,Mabacun,China,,,,,,,,,,,,,,,
33.8028,2.875,Laghouat,Algeria,,,,,,,,,,,,,,,
-17.85,25.8667,Livingstone,Zambia,,,,,,,,,,,,,,,
-23.2008,-47.2869,Salto,Brazil,,,,,,,,,,,,,,,
45.7928,24.1519,Sibiu,Romania,,,,,,,,,,,,,,,
32.35,74.9,Zafarwal,Pakistan,,,,,,,,,,,,,,,
-12.2419,15.3133,Londuimbali,Angola,,,,,,,,,,,,,,,
10.2003,-67.5514,Santa Rita,Venezuela,,,,,,,,,,,,,,,
-2.2439,-49.4958,Cametá,Brazil,,,,,,,,,,,,,,,
9.3103,123.3081,Dumaguete City,Philippines,,,,,,,,,,,,,,,
59.4167,56.7833,Berezniki,Russia,,,,,,,,,,,,,,,
23.0833,-82.4333,Marianao,Cuba,,,,,,,,,,,,,,,
53.424,-2.322,Sale,United Kingdom,,,,,,,,,,,,,,,
46.5923,-120.5496,Yakima,United States,,,,,,,,,,,,,,,
3.8005,42.55,Luuq,Somalia,,,,,,,,,,,,,,,
17.7547,106.4231,Ba Đồn,Vietnam,,,,,,,,,,,,,,,
26.2702,-80.2591,Coral Springs,United States,,,,,,,,,,,,,,,
-7.2729,112.7493,Gubeng,Indonesia,,,,,,,,,,,,,,,
13.1619,123.6939,Daraga,Philippines,,,,,,,,,,,,,,,
41.4144,-8.5222,Famalicão,Portugal,,,,,,,,,,,,,,,
46.85,29.6333,Tiraspol,Moldova,,,,,,,,,,,,,,,
50.2628,18.8536,Ruda Śląska,Poland,,,,,,,,,,,,,,,
24.9781,32.8789,Idfū,Egypt,,,,,,,,,,,,,,,
50.0833,18.55,Rybnik,Poland,,,,,,,,,,,,,,,
54.9167,37.4,Serpukhov,Russia,,,,,,,,,,,,,,,
27.75,85.3333,Tokha,Nepal,,,,,,,,,,,,,,,
23.246,72.496,Kalol,India,,,,,,,,,,,,,,,
35.1833,-6.15,Larache,Morocco,,,,,,,,,,,,,,,
14.5739,121.0039,San Andres,Philippines,,,,,,,,,,,,,,,
-10.2833,-36.4,Marituba,Brazil,,,,,,,,,,,,,,,
17.4831,106.5997,Đồng Hới,Vietnam,,,,,,,,,,,,,,,
38.0167,23.6833,Peristéri,Greece,,,,,,,,,,,,,,,
32.8082,110.8136,Yunxian Chengguanzhen,China,,,,,,,,,,,,,,,
26.1128,50.5139,Madīnat Ḩamad,Bahrain,,,,,,,,,,,,,,,
-33.4,-70.7167,Renca,Chile,,,,,,,,,,,,,,,
13.45,-6.2667,Ségou,Mali,,,,,,,,,,,,,,,
-22.2958,-48.5578,Jaú,Brazil,,,,,,,,,,,,,,,
25.4617,68.7167,Tando Allahyar,Pakistan,,,,,,,,,,,,,,,
18.4667,94.3667,Thandwe,Burma,,,,,,,,,,,,,,,
42.5809,-83.0305,Sterling Heights,United States,,,,,,,,,,,,,,,
14.83,120.73,Hagonoy,Philippines,,,,,,,,,,,,,,,
13.012,76.068,Hassan,India,,,,,,,,,,,,,,,
38.8861,40.5017,Bingöl,Turkey,,,,,,,,,,,,,,,
4.4692,101.0411,Batu Gajah,Malaysia,,,,,,,,,,,,,,,
12.9167,-85.9167,Matagalpa,Nicaragua,,,,,,,,,,,,,,,
40.85,69.6,Olmaliq,Uzbekistan,,,,,,,,,,,,,,,
24.69,78.41,Lalitpur,India,,,,,,,,,,,,,,,
-33.3833,-70.675,Conchalí,Chile,,,,,,,,,,,,,,,
-29.7178,-52.4258,Santa Cruz do Sul,Brazil,,,,,,,,,,,,,,,
10.9458,106.8775,Long Bình,Vietnam,,,,,,,,,,,,,,,
1.8989,-76.0419,Pitalito,Colombia,,,,,,,,,,,,,,,
9.3167,13.8833,Bibémi,Cameroon,,,,,,,,,,,,,,,
10.22,123.75,Naga,Philippines,,,,,,,,,,,,,,,
45.7891,-108.5526,Billings,United States,,,,,,,,,,,,,,,
6.4972,2.605,Porto-Novo,Benin,,,,,,,,,,,,,,,
59.8601,17.64,Uppsala,Sweden,,,,,,,,,,,,,,,
40.6556,29.275,Yalova,Turkey,,,,,,,,,,,,,,,
40.4757,-88.9703,Bloomington,United States,,,,,,,,,,,,,,,
30.4394,48.1817,Khorramshahr,Iran,,,,,,,,,,,,,,,
38.3484,-81.6322,Charleston,United States,,,,,,,,,,,,,,,
-20.0219,-44.0589,Ibirité,Brazil,,,,,,,,,,,,,,,
-1.35,34.3833,Tarime,Tanzania,,,,,,,,,,,,,,,
-7.2342,-39.4094,Crato,Brazil,,,,,,,,,,,,,,,
4.1753,73.5089,Male,Maldives,,,,,,,,,,,,,,,
9.5494,78.5891,Paramagudi,India,,,,,,,,,,,,,,,
43.5083,-79.8833,Milton,Canada,,,,,,,,,,,,,,,
35.7019,4.5472,M’Sila,Algeria,,,,,,,,,,,,,,,
24.2,90.4731,Srīpur,Bangladesh,,,,,,,,,,,,,,,
5.8333,-73.0167,Duitama,Colombia,,,,,,,,,,,,,,,
-11.7625,27.25,Kipushi,Congo (Kinshasa),,,,,,,,,,,,,,,
21.4598,80.195,Gondiā,India,,,,,,,,,,,,,,,
22.9149,114.0833,Zhangmu Touwei,China,,,,,,,,,,,,,,,
50.8675,4.3736,Schaarbeek,Belgium,,,,,,,,,,,,,,,
49.6117,6.1319,Luxembourg,Luxembourg,,,,,,,,,,,,,,,
32.989,-96.8999,Carrollton,United States,,,,,,,,,,,,,,,
38.2311,27.9719,Ödemiş,Turkey,,,,,,,,,,,,,,,
37.45,35.8,Kozan,Turkey,,,,,,,,,,,,,,,
31.8914,34.8078,Reẖovot,Israel,,,,,,,,,,,,,,,
36.3761,33.9322,Silifke,Turkey,,,,,,,,,,,,,,,
10.4929,123.4095,San Carlos,Philippines,,,,,,,,,,,,,,,
-18.7201,-39.8589,São Mateus,Brazil,,,,,,,,,,,,,,,
28.6004,77.3194,Dalūpura,India,,,,,,,,,,,,,,,
25.3014,96.9417,Mogaung,Burma,,,,,,,,,,,,,,,
44.3128,-76.4553,Kingston,Canada,,,,,,,,,,,,,,,
55.0931,36.6106,Obninsk,Russia,,,,,,,,,,,,,,,
23.1348,-82.3701,Centro Habana,Cuba,,,,,,,,,,,,,,,
41.1272,37.2881,Ünye,Turkey,,,,,,,,,,,,,,,
7.2667,2.35,Zagnanado,Benin,,,,,,,,,,,,,,,
-8.25,123.15,Adonara,Indonesia,,,,,,,,,,,,,,,
15.5839,120.9189,Talavera,Philippines,,,,,,,,,,,,,,,
41.5436,45.0117,Rustavi,Georgia,,,,,,,,,,,,,,,
55.0833,38.7833,Kolomna,Russia,,,,,,,,,,,,,,,
5.483,7.55,Okigwe,Nigeria,,,,,,,,,,,,,,,
18.81,-71.23,San Juan,Dominican Republic,,,,,,,,,,,,,,,
8.2667,44.15,Āwarē,Ethiopia,,,,,,,,,,,,,,,
26.52,78.35,Naryāi ka Puri,India,,,,,,,,,,,,,,,
9.1397,99.3306,Surat Thani,Thailand,,,,,,,,,,,,,,,
49.4667,11.0,Fürth,Germany,,,,,,,,,,,,,,,
-8.1,112.15,Blitar,Indonesia,,,,,,,,,,,,,,,
56.1028,54.2867,Neftekamsk,Russia,,,,,,,,,,,,,,,
28.1447,77.3255,Palwal,India,,,,,,,,,,,,,,,
35.788,139.2758,Ōme,Japan,,,,,,,,,,,,,,,
0.3627,-78.1307,Ibarra,Ecuador,,,,,,,,,,,,,,,
-12.1528,-44.99,Barreiras,Brazil,,,,,,,,,,,,,,,
-14.1333,14.9167,Chicomba,Angola,,,,,,,,,,,,,,,
11.7167,-70.1833,Punto Fijo,Venezuela,,,,,,,,,,,,,,,
-17.5334,-149.5667,Papeete,French Polynesia,,,,,,,,,,,,,,,
59.6173,16.5422,Västerås,Sweden,,,,,,,,,,,,,,,
-23.8953,-46.4256,Cubatão,Brazil,,,,,,,,,,,,,,,
-20.66,-43.7858,Conselheiro Lafaiete,Brazil,,,,,,,,,,,,,,,
19.685,-99.1281,Tultepec,Mexico,,,,,,,,,,,,,,,
36.8167,5.75,Jijel,Algeria,,,,,,,,,,,,,,,
32.8433,130.0531,Isahaya,Japan,,,,,,,,,,,,,,,
-6.5742,106.632,Leuwiliang,Indonesia,,,,,,,,,,,,,,,
4.1667,9.2333,Buea,Cameroon,,,,,,,,,,,,,,,
45.916,6.133,Annecy,France,,,,,,,,,,,,,,,
-3.4939,-39.5789,Itapipoca,Brazil,,,,,,,,,,,,,,,
17.9959,-76.9551,Spanish Town,Jamaica,,,,,,,,,,,,,,,
-33.6667,-65.4667,Villa Mercedes,Argentina,,,,,,,,,,,,,,,
32.3184,-95.3062,Tyler,United States,,,,,,,,,,,,,,,
22.3094,114.2361,Lam Tin,Hong Kong,,,,,,,,,,,,,,,
10.775,76.651,Pālghāt,India,,,,,,,,,,,,,,,
47.1167,51.8833,Atyraū,Kazakhstan,,,,,,,,,,,,,,,
37.332,42.187,Cizre,Turkey,,,,,,,,,,,,,,,
-22.3569,-47.3839,Araras,Brazil,,,,,,,,,,,,,,,
22.8667,91.1,Maijdi,Bangladesh,,,,,,,,,,,,,,,
37.8597,27.2597,Kuşadası,Turkey,,,,,,,,,,,,,,,
40.45,19.4833,Vlorë,Albania,,,,,,,,,,,,,,,
5.6922,-76.6581,Quibdó,Colombia,,,,,,,,,,,,,,,
38.4308,45.7742,Marand,Iran,,,,,,,,,,,,,,,
9.0167,1.6667,Bassila,Benin,,,,,,,,,,,,,,,
16.925,97.3667,Thaton,Burma,,,,,,,,,,,,,,,
35.4833,139.4,Zama,Japan,,,,,,,,,,,,,,,
45.3503,126.28,Shuangcheng,China,,,,,,,,,,,,,,,
35.7767,140.3183,Narita,Japan,,,,,,,,,,,,,,,
22.4806,103.975,Lào Cai,Vietnam,,,,,,,,,,,,,,,
-14.8292,-64.9014,Trinidad,Bolivia,,,,,,,,,,,,,,,
47.2683,11.3933,Innsbruck,Austria,,,,,,,,,,,,,,,
17.4167,102.75,Udon Thani,Thailand,,,,,,,,,,,,,,,
14.5234,121.1536,Angono,Philippines,,,,,,,,,,,,,,,
10.8,122.97,Silay,Philippines,,,,,,,,,,,,,,,
22.556,72.951,Ānand,India,,,,,,,,,,,,,,,
28.6797,57.7447,Jīroft,Iran,,,,,,,,,,,,,,,
6.7,121.97,City of Isabela,Philippines,,,,,,,,,,,,,,,
22.7217,113.2926,Nantou,China,,,,,,,,,,,,,,,
10.1833,-67.9333,Los Guayos,Venezuela,,,,,,,,,,,,,,,
18.7702,-72.5123,Arcahaie,Haiti,,,,,,,,,,,,,,,
22.17,71.67,Botād,India,,,,,,,,,,,,,,,
35.8667,140.0333,Abiko,Japan,,,,,,,,,,,,,,,
18.5833,-72.2667,Tabarre,Haiti,,,,,,,,,,,,,,,
26.4019,111.2864,Baiyashi,China,,,,,,,,,,,,,,,
43.0117,-78.757,Amherst,United States,,,,,,,,,,,,,,,
53.2283,-0.5389,Lincoln,United Kingdom,,,,,,,,,,,,,,,
-7.4722,112.4336,Mojokerto,Indonesia,,,,,,,,,,,,,,,
34.4167,133.2,Onomichi,Japan,,,,,,,,,,,,,,,
-23.5508,-51.4608,Apucarana,Brazil,,,,,,,,,,,,,,,
3.2667,-76.55,Jamundí,Colombia,,,,,,,,,,,,,,,
35.7333,0.55,Relizane,Algeria,,,,,,,,,,,,,,,
49.15,9.2167,Heilbronn,Germany,,,,,,,,,,,,,,,
-23.9,29.45,Polokwane,South Africa,,,,,,,,,,,,,,,
29.4225,111.1219,Cili,China,,,,,,,,,,,,,,,
13.1028,103.1983,Battambang,Cambodia,,,,,,,,,,,,,,,
48.4,9.9833,Ulm,Germany,,,,,,,,,,,,,,,
41.6559,-91.5303,Iowa City,United States,,,,,,,,,,,,,,,
41.5333,2.45,Mataró,Spain,,,,,,,,,,,,,,,
37.3131,40.735,Mardin,Turkey,,,,,,,,,,,,,,,
31.95,75.62,Mukeriān,India,,,,,,,,,,,,,,,
52.5167,6.1,Zwolle,Netherlands,,,,,,,,,,,,,,,
4.305,-74.8017,Girardot,Colombia,,,,,,,,,,,,,,,
36.3406,-82.3806,Johnson City,United States,,,,,,,,,,,,,,,
19.7333,105.9,Sầm Sơn,Vietnam,,,,,,,,,,,,,,,
7.0922,5.1322,Idanre,Nigeria,,,,,,,,,,,,,,,
-19.6919,-43.9233,Vespasiano,Brazil,,,,,,,,,,,,,,,
45.8353,1.2625,Limoges,France,,,,,,,,,,,,,,,
20.3342,93.0039,Ponnagyun,Burma,,,,,,,,,,,,,,,
29.58,74.32,Hanumāngarh,India,,,,,,,,,,,,,,,
21.7542,70.6222,Jetpur,India,,,,,,,,,,,,,,,
12.9047,79.3238,Arcot,India,,,,,,,,,,,,,,,
35.7109,139.4622,Kokubunji,Japan,,,,,,,,,,,,,,,
22.9456,88.4332,Kānchrāpāra,India,,,,,,,,,,,,,,,
-4.0167,119.6236,Parepare,Indonesia,,,,,,,,,,,,,,,
-34.6667,-58.6667,Ituzaingó,Argentina,,,,,,,,,,,,,,,
11.0069,-74.25,Ciénaga,Colombia,,,,,,,,,,,,,,,
-12.55,16.3333,Chinguar,Angola,,,,,,,,,,,,,,,
44.8353,11.6199,Ferrara,Italy,,,,,,,,,,,,,,,
41.158,114.7122,Zhangbei,China,,,,,,,,,,,,,,,
-12.2765,49.3115,Antsiranana,Madagascar,,,,,,,,,,,,,,,
41.0167,39.55,Akçaabat,Turkey,,,,,,,,,,,,,,,
42.7667,129.4333,Longjing,China,,,,,,,,,,,,,,,
37.3646,-121.968,Santa Clara,United States,,,,,,,,,,,,,,,
51.5975,-0.0681,Tottenham,United Kingdom,,,,,,,,,,,,,,,
10.2431,-66.8622,Charallave,Venezuela,,,,,,,,,,,,,,,
-11.2,28.8833,Mansa,Zambia,,,,,,,,,,,,,,,
0.0722,42.7506,Jamaame,Somalia,,,,,,,,,,,,,,,
14.5,-90.5667,Petapa,Guatemala,,,,,,,,,,,,,,,
37.1333,128.2167,Chech’ŏn,"Korea, South",,,,,,,,,,,,,,,
15.2742,120.5669,Bamban,Philippines,,,,,,,,,,,,,,,
9.3111,42.1278,Harar,Ethiopia,,,,,,,,,,,,,,,
48.895,8.705,Pforzheim,Germany,,,,,,,,,,,,,,,
26.1,68.4833,Sarhari,Pakistan,,,,,,,,,,,,,,,
3.9,-76.3019,Guadalajara de Buga,Colombia,,,,,,,,,,,,,,,
36.8428,36.2244,Dörtyol,Turkey,,,,,,,,,,,,,,,
10.2,-71.3,Ciudad Ojeda,Venezuela,,,,,,,,,,,,,,,
-1.0536,-46.7656,Bragança,Brazil,,,,,,,,,,,,,,,
10.2667,13.2667,Mubi,Nigeria,,,,,,,,,,,,,,,
14.97,120.63,Guagua,Philippines,,,,,,,,,,,,,,,
56.3683,41.3108,Kovrov,Russia,,,,,,,,,,,,,,,
38.7542,125.645,Songnim,"Korea, North",,,,,,,,,,,,,,,
32.0231,34.7503,Bat Yam,Israel,,,,,,,,,,,,,,,
38.5771,140.9556,Ōsaki,Japan,,,,,,,,,,,,,,,
48.7548,-122.469,Bellingham,United States,,,,,,,,,,,,,,,
35.2335,-97.3471,Norman,United States,,,,,,,,,,,,,,,
47.704,-116.7936,Coeur d'Alene,United States,,,,,,,,,,,,,,,
7.53,125.62,Santo Tomas,Philippines,,,,,,,,,,,,,,,
59.2669,15.1965,Örebro,Sweden,,,,,,,,,,,,,,,
-15.8433,-70.0236,Puno,Peru,,,,,,,,,,,,,,,
22.7475,77.7274,Hoshangābād,India,,,,,,,,,,,,,,,
7.8167,-72.2167,Táriba,Venezuela,,,,,,,,,,,,,,,
37.4328,112.0233,Fengcheng,China,,,,,,,,,,,,,,,
34.8333,0.15,Saïda,Algeria,,,,,,,,,,,,,,,
35.3495,-94.3695,Fort Smith,United States,,,,,,,,,,,,,,,
39.5842,32.1472,Polatlı,Turkey,,,,,,,,,,,,,,,
13.846,121.206,Rosario,Philippines,,,,,,,,,,,,,,,
33.0454,-96.9815,Lewisville,United States,,,,,,,,,,,,,,,
19.0886,-102.3508,Apatzingan de la Constitucion,Mexico,,,,,,,,,,,,,,,
49.7833,9.9333,Würzburg,Germany,,,,,,,,,,,,,,,
52.9667,63.1333,Rudnyy,Kazakhstan,,,,,,,,,,,,,,,
6.1774,116.2314,Tuaran,Malaysia,,,,,,,,,,,,,,,
30.7,76.22,Khanna,India,,,,,,,,,,,,,,,
29.1439,71.2592,Ahmadpur East,Pakistan,,,,,,,,,,,,,,,
32.4353,74.1142,Wazirabad,Pakistan,,,,,,,,,,,,,,,
6.55,2.6667,Avrankou,Benin,,,,,,,,,,,,,,,
39.161,-75.5202,Dover,United States,,,,,,,,,,,,,,,
30.0419,72.3528,Vihari,Pakistan,,,,,,,,,,,,,,,
4.7078,-74.2328,Mosquera,Colombia,,,,,,,,,,,,,,,
22.4889,113.2069,Dongsheng,China,,,,,,,,,,,,,,,
-7.2167,107.9,Garut,Indonesia,,,,,,,,,,,,,,,
-23.5469,-47.4378,Votorantim,Brazil,,,,,,,,,,,,,,,
12.8544,108.2703,Buôn Hồ,Vietnam,,,,,,,,,,,,,,,
8.4756,6.9433,Abaji,Nigeria,,,,,,,,,,,,,,,
10.1667,-66.8833,Cúa,Venezuela,,,,,,,,,,,,,,,
38.2028,44.7669,Salmās,Iran,,,,,,,,,,,,,,,
39.1357,-121.6383,Yuba City,United States,,,,,,,,,,,,,,,
38.4242,43.2561,Edremit,Turkey,,,,,,,,,,,,,,,
16.8892,42.5611,Jāzān,Saudi Arabia,,,,,,,,,,,,,,,
14.35,-91.0167,Santa Lucía Cotzumalguapa,Guatemala,,,,,,,,,,,,,,,
15.6606,120.765,Guimba,Philippines,,,,,,,,,,,,,,,
-33.645,19.4436,Worcester,South Africa,,,,,,,,,,,,,,,
41.4672,12.9036,Latina,Italy,,,,,,,,,,,,,,,
37.7527,114.7775,Zhaozhou,China,,,,,,,,,,,,,,,
19.2618,-72.5161,Dessalines,Haiti,,,,,,,,,,,,,,,
-5.1456,-79.0017,San Ignacio,Peru,,,,,,,,,,,,,,,
12.1655,-86.3579,Ciudad Sandino,Nicaragua,,,,,,,,,,,,,,,
6.65,2.15,Allada,Benin,,,,,,,,,,,,,,,
34.1664,132.2189,Iwakuni,Japan,,,,,,,,,,,,,,,
23.4564,75.4131,Nagda,India,,,,,,,,,,,,,,,
29.0994,58.3436,Bam,Iran,,,,,,,,,,,,,,,
26.612,-81.6388,Lehigh Acres,United States,,,,,,,,,,,,,,,
50.6667,17.9333,Opole,Poland,,,,,,,,,,,,,,,
14.4497,-11.4367,Kayes,Mali,,,,,,,,,,,,,,,
-25.5208,-48.5094,Paranaguá,Brazil,,,,,,,,,,,,,,,
6.1,-0.2667,Koforidua,Ghana,,,,,,,,,,,,,,,
35.2236,137.0842,Seto,Japan,,,,,,,,,,,,,,,
52.4231,10.7872,Wolfsburg,Germany,,,,,,,,,,,,,,,
35.2221,138.6216,Ōmiyachō,Japan,,,,,,,,,,,,,,,
6.5625,2.5853,Missérété,Benin,,,,,,,,,,,,,,,
35.6995,139.503,Koganei,Japan,,,,,,,,,,,,,,,
40.6806,14.7594,Salerno,Italy,,,,,,,,,,,,,,,
6.3833,-5.4167,Oumé,Côte d’Ivoire,,,,,,,,,,,,,,,
40.4614,-3.4978,Torrejón de Ardoz,Spain,,,,,,,,,,,,,,,
32.4543,-99.7384,Abilene,United States,,,,,,,,,,,,,,,
25.7833,88.9,Saidpur,Bangladesh,,,,,,,,,,,,,,,
42.0578,48.2889,Derbent,Russia,,,,,,,,,,,,,,,
33.5656,44.5435,Nāḩiyat Khān Banī Sa‘d,Iraq,,,,,,,,,,,,,,,
39.7431,-8.8069,Leiria,Portugal,,,,,,,,,,,,,,,
-21.1378,-47.99,Sertãozinho,Brazil,,,,,,,,,,,,,,,
27.42,80.12,Hardoī,India,,,,,,,,,,,,,,,
13.7167,-89.1667,Delgado,El Salvador,,,,,,,,,,,,,,,
-22.8789,-42.0189,Cabo Frio,Brazil,,,,,,,,,,,,,,,
-25.394,-57.5398,Ñemby,Paraguay,,,,,,,,,,,,,,,
29.9985,101.9569,Lucheng,China,,,,,,,,,,,,,,,
41.3833,19.7667,Kamëz,Albania,,,,,,,,,,,,,,,
41.0306,37.5,Fatsa,Turkey,,,,,,,,,,,,,,,
14.5998,120.9802,Santa Cruz,Philippines,,,,,,,,,,,,,,,
28.9833,-10.0667,Guelmim,Morocco,,,,,,,,,,,,,,,
37.8364,68.7803,Bokhtar,Tajikistan,,,,,,,,,,,,,,,
48.3647,134.3079,Fuyuan,China,,,,,,,,,,,,,,,
61.0833,72.7,Nefteyugansk,Russia,,,,,,,,,,,,,,,
19.4739,-70.6727,Gurabo al Medio,Dominican Republic,,,,,,,,,,,,,,,
43.8583,-79.0364,Ajax,Canada,,,,,,,,,,,,,,,
-1.5058,-48.6258,Barcarena,Brazil,,,,,,,,,,,,,,,
-12.1167,17.3,Catabola,Angola,,,,,,,,,,,,,,,
-33.0422,-71.3733,Villa Alemana,Chile,,,,,,,,,,,,,,,
30.38,-9.48,My Drarga,Morocco,,,,,,,,,,,,,,,
34.2663,-118.749,Simi Valley,United States,,,,,,,,,,,,,,,
43.9167,42.7167,Kislovodsk,Russia,,,,,,,,,,,,,,,
6.0409,-0.45,Suhum,Ghana,,,,,,,,,,,,,,,
-23.5278,-46.9028,Jandira,Brazil,,,,,,,,,,,,,,,
14.604,121.03,San Juan,Philippines,,,,,,,,,,,,,,,
43.2167,44.7667,Nazran,Russia,,,,,,,,,,,,,,,
-3.2028,-52.2058,Altamira,Brazil,,,,,,,,,,,,,,,
15.17,77.38,Guntakal,India,,,,,,,,,,,,,,,
33.6467,130.6911,Iizuka,Japan,,,,,,,,,,,,,,,
22.6197,75.6933,Pithampur,India,,,,,,,,,,,,,,,
29.5581,-95.3218,Pearland,United States,,,,,,,,,,,,,,,
9.35,42.8,Jijiga,Ethiopia,,,,,,,,,,,,,,,
42.5865,-87.8773,Kenosha,United States,,,,,,,,,,,,,,,
31.4014,30.4194,Rosetta,Egypt,,,,,,,,,,,,,,,
40.9153,38.3894,Giresun,Turkey,,,,,,,,,,,,,,,
16.62,120.32,San Fernando,Philippines,,,,,,,,,,,,,,,
41.3764,33.7764,Kastamonu,Turkey,,,,,,,,,,,,,,,
-0.2333,100.6333,Payakumbuh,Indonesia,,,,,,,,,,,,,,,
18.4491,-66.7387,Arecibo,Puerto Rico,,,,,,,,,,,,,,,
23.85,72.125,Pātan,India,,,,,,,,,,,,,,,
41.4056,27.3569,Lüleburgaz,Turkey,,,,,,,,,,,,,,,
41.1986,32.6264,Karabük,Turkey,,,,,,,,,,,,,,,
18.95,-70.41,Bonao,Dominican Republic,,,,,,,,,,,,,,,
-21.2258,-43.7739,Barbacena,Brazil,,,,,,,,,,,,,,,
52.0667,4.5,Zoetermeer,Netherlands,,,,,,,,,,,,,,,
22.6572,88.8942,Basīrhat,India,,,,,,,,,,,,,,,
-22.4689,-44.4469,Resende,Brazil,,,,,,,,,,,,,,,
26.9833,84.85,Raxaul,India,,,,,,,,,,,,,,,
34.8,10.78,Sakiet ed Daier,Tunisia,,,,,,,,,,,,,,,
-4.2169,33.1864,Nzega,Tanzania,,,,,,,,,,,,,,,
12.8681,11.0464,Gashua,Nigeria,,,,,,,,,,,,,,,
26.2994,44.8154,Az Zulfī,Saudi Arabia,,,,,,,,,,,,,,,
0.4883,42.7853,Jilib,Somalia,,,,,,,,,,,,,,,
23.0881,-82.395,Cerro,Cuba,,,,,,,,,,,,,,,
47.1667,39.7333,Bataysk,Russia,,,,,,,,,,,,,,,
36.1275,-5.4539,Algeciras,Spain,,,,,,,,,,,,,,,
22.9469,88.4184,Hālīsahar,India,,,,,,,,,,,,,,,
-7.4667,110.2167,Magelang,Indonesia,,,,,,,,,,,,,,,
30.168,77.301,Jagādhri,India,,,,,,,,,,,,,,,
50.1236,18.9867,Tychy,Poland,,,,,,,,,,,,,,,
43.6116,-116.3977,Meridian,United States,,,,,,,,,,,,,,,
14.6672,-86.2196,Juticalpa,Honduras,,,,,,,,,,,,,,,
37.5455,115.5663,Jizhou,China,,,,,,,,,,,,,,,
35.009,-5.9,Ksar El Kebir,Morocco,,,,,,,,,,,,,,,
8.6439,-10.9717,Koidu,Sierra Leone,,,,,,,,,,,,,,,
-20.6578,-40.5108,Guarapari,Brazil,,,,,,,,,,,,,,,
5.25,-7.9167,Yeebo Town,Liberia,,,,,,,,,,,,,,,
30.13,75.8,Sunām,India,,,,,,,,,,,,,,,
13.5833,-2.4167,Ouahigouya,Burkina Faso,,,,,,,,,,,,,,,
22.71,88.35,Rishra,India,,,,,,,,,,,,,,,
5.2,-3.7333,Grand-Bassam,Côte d’Ivoire,,,,,,,,,,,,,,,
21.85,84.03,Jhārsugra,India,,,,,,,,,,,,,,,
53.2,5.7833,Leeuwarden,Netherlands,,,,,,,,,,,,,,,
10.2333,106.3833,Bến Tre,Vietnam,,,,,,,,,,,,,,,
7.9736,2.24,Glazoué,Benin,,,,,,,,,,,,,,,
-30.6,-71.2,Ovalle,Chile,,,,,,,,,,,,,,,
14.7,-90.5,Chinautla,Guatemala,,,,,,,,,,,,,,,
33.15,73.7333,New Mirpur,Pakistan,,,,,,,,,,,,,,,
4.85,-74.05,Chía,Colombia,,,,,,,,,,,,,,,
52.1153,26.1031,Pinsk,Belarus,,,,,,,,,,,,,,,
30.527,-97.6642,Round Rock,United States,,,,,,,,,,,,,,,
-22.3719,-46.9419,Mogi Guaçu,Brazil,,,,,,,,,,,,,,,
15.22,120.67,Magalang,Philippines,,,,,,,,,,,,,,,
38.6085,-76.9194,Waldorf,United States,,,,,,,,,,,,,,,
50.7256,-3.5269,Exeter,United Kingdom,,,,,,,,,,,,,,,
4.2558,18.4042,Bimbo,Central African Republic,,,,,,,,,,,,,,,
23.35,81.05,Pāli,India,,,,,,,,,,,,,,,
62.8925,27.6783,Kuopio,Finland,,,,,,,,,,,,,,,
-6.5167,107.9169,Baleraja,Indonesia,,,,,,,,,,,,,,,
52.16,4.49,Leiden,Netherlands,,,,,,,,,,,,,,,
39.0259,111.0683,Fugu,China,,,,,,,,,,,,,,,
16.55,104.75,Savannakhet,Laos,,,,,,,,,,,,,,,
31.1068,-97.3891,Temple,United States,,,,,,,,,,,,,,,
9.25,-74.7667,Magangué,Colombia,,,,,,,,,,,,,,,
38.6264,34.7139,Nevşehir,Turkey,,,,,,,,,,,,,,,
52.205,0.1225,Cambridge,United Kingdom,,,,,,,,,,,,,,,
31.7411,130.7633,Kirishima,Japan,,,,,,,,,,,,,,,
10.417,106.083,Cai Lậy,Vietnam,,,,,,,,,,,,,,,
11.3778,-72.2389,Maicao,Colombia,,,,,,,,,,,,,,,
6.9667,2.6833,Pobé,Benin,,,,,,,,,,,,,,,
36.7108,38.9478,Akçakale,Turkey,,,,,,,,,,,,,,,
40.9283,14.2011,Giugliano in Campania,Italy,,,,,,,,,,,,,,,
37.4003,-79.1909,Lynchburg,United States,,,,,,,,,,,,,,,
22.6904,113.246,Dongfeng,China,,,,,,,,,,,,,,,
-1.4,123.1667,Paleng,Indonesia,,,,,,,,,,,,,,,
14.28,121.42,Santa Cruz,Philippines,,,,,,,,,,,,,,,
7.3333,1.9333,Djidja,Benin,,,,,,,,,,,,,,,
33.5833,36.4,Dūmā,Syria,,,,,,,,,,,,,,,
34.9,106.85,Longtian,China,,,,,,,,,,,,,,,
-53.1667,-70.9333,Punta Arenas,Chile,,,,,,,,,,,,,,,
51.5167,81.2,Rubtsovsk,Russia,,,,,,,,,,,,,,,
37.7508,27.4103,Söke,Turkey,,,,,,,,,,,,,,,
-20.7876,-51.7034,Três Lagoas,Brazil,,,,,,,,,,,,,,,
44.0154,-92.478,Rochester,United States,,,,,,,,,,,,,,,
20.307,74.657,Nāndgaon,India,,,,,,,,,,,,,,,
18.85,-97.1,Orizaba,Mexico,,,,,,,,,,,,,,,
-29.1708,-51.5189,Bento Gonçalves,Brazil,,,,,,,,,,,,,,,
36.6667,3.1,Baraki,Algeria,,,,,,,,,,,,,,,
44.2167,42.05,Cherkessk,Russia,,,,,,,,,,,,,,,
36.8625,10.1956,Ariana,Tunisia,,,,,,,,,,,,,,,
17.5047,78.5038,Alwāl,India,,,,,,,,,,,,,,,
15.3122,120.9489,Gapan,Philippines,,,,,,,,,,,,,,,
13.0833,-1.0833,Kaya,Burkina Faso,,,,,,,,,,,,,,,
17.59,33.96,Ed Damer,Sudan,,,,,,,,,,,,,,,
39.259,127.356,Munch’ŏn,"Korea, North",,,,,,,,,,,,,,,
37.0694,115.6591,Gexianzhuang,China,,,,,,,,,,,,,,,
41.7399,-111.8422,Logan,United States,,,,,,,,,,,,,,,
-3.6333,39.85,Kilifi,Kenya,,,,,,,,,,,,,,,
51.5768,0.1801,Romford,United Kingdom,,,,,,,,,,,,,,,
39.832,-105.151,Arvada,United States,,,,,,,,,,,,,,,
25.9092,93.7266,Dimāpur,India,,,,,,,,,,,,,,,
-6.7415,111.0347,Pati,Indonesia,,,,,,,,,,,,,,,
23.9611,120.5736,Yuanlin,Taiwan,,,,,,,,,,,,,,,
9.37,122.8,Bayawan,Philippines,,,,,,,,,,,,,,,
36.8278,-119.683,Clovis,United States,,,,,,,,,,,,,,,
33.85,-7.03,Skhirate,Morocco,,,,,,,,,,,,,,,
1.4319,31.3525,Hoima,Uganda,,,,,,,,,,,,,,,
25.6667,-100.3,San Pedro Garza García,Mexico,,,,,,,,,,,,,,,
5.2999,100.2605,Bayan Lepas,Malaysia,,,,,,,,,,,,,,,
19.6917,-100.5536,Ciudad Hidalgo,Mexico,,,,,,,,,,,,,,,
30.5942,50.2433,Behbahān,Iran,,,,,,,,,,,,,,,
-23.0058,-46.8389,Itatiba,Brazil,,,,,,,,,,,,,,,
-20.5569,-48.5678,Barretos,Brazil,,,,,,,,,,,,,,,
34.4833,136.7167,Ise,Japan,,,,,,,,,,,,,,,
15.8833,-87.95,Puerto Cortés,Honduras,,,,,,,,,,,,,,,
13.4692,144.7332,Maina,Guam,,,,,,,,,,,,,,,
-6.3528,108.3242,Indramayu,Indonesia,,,,,,,,,,,,,,,
15.5667,108.4833,Tam Kỳ,Vietnam,,,,,,,,,,,,,,,
26.3792,127.8575,Uruma,Japan,,,,,,,,,,,,,,,
18.9447,78.9936,Sarangāpuram,India,,,,,,,,,,,,,,,
41.2792,31.4208,Ereğli,Turkey,,,,,,,,,,,,,,,
21.0545,86.5156,Bhadrakh,India,,,,,,,,,,,,,,,
42.6056,-5.57,León,Spain,,,,,,,,,,,,,,,
40.7894,43.8475,Gyumri,Armenia,,,,,,,,,,,,,,,
39.0871,-94.3501,Independence,United States,,,,,,,,,,,,,,,
14.43,77.72,Dharmavaram,India,,,,,,,,,,,,,,,
51.8917,0.903,Colchester,United Kingdom,,,,,,,,,,,,,,,
22.6856,113.4272,Sanjiao,China,,,,,,,,,,,,,,,
45.5836,9.2736,Monza,Italy,,,,,,,,,,,,,,,
12.6167,-87.15,Chinandega,Nicaragua,,,,,,,,,,,,,,,
49.1203,6.1778,Metz,France,,,,,,,,,,,,,,,
23.5986,89.8353,Farīdpur,Bangladesh,,,,,,,,,,,,,,,
41.8167,126.9167,Linjiang,China,,,,,,,,,,,,,,,
-26.2547,28.4428,Springs,South Africa,,,,,,,,,,,,,,,
33.4994,49.0531,Dorūd,Iran,,,,,,,,,,,,,,,
34.5094,135.8092,Kashiwara,Japan,,,,,,,,,,,,,,,
-17.0667,15.7333,Ondjiva,Angola,,,,,,,,,,,,,,,
-26.2672,28.1219,Alberton,South Africa,,,,,,,,,,,,,,,
44.0333,42.85,Yessentuki,Russia,,,,,,,,,,,,,,,
-34.7667,-58.3833,Temperley,Argentina,,,,,,,,,,,,,,,
43.4667,-80.5167,Waterloo,Canada,,,,,,,,,,,,,,,
51.7958,4.6783,Dordrecht,Netherlands,,,,,,,,,,,,,,,
30.7333,72.65,Kamalia,Pakistan,,,,,,,,,,,,,,,
38.7272,139.8267,Tsuruoka,Japan,,,,,,,,,,,,,,,
47.1314,129.2906,Lianhe,China,,,,,,,,,,,,,,,
25.8694,43.4973,Ar Rass,Saudi Arabia,,,,,,,,,,,,,,,
19.95,-72.8333,Port-de-Paix,Haiti,,,,,,,,,,,,,,,
39.4421,114.23,Wuling,China,,,,,,,,,,,,,,,
11.4292,106.6572,Chơn Thành,Vietnam,,,,,,,,,,,,,,,
23.12,83.2,Ambikāpur,India,,,,,,,,,,,,,,,
23.34,86.36,Puruliya,India,,,,,,,,,,,,,,,
30.7192,31.2628,Mīt Ghamr,Egypt,,,,,,,,,,,,,,,
17.4069,121.4425,Tabuk,Philippines,,,,,,,,,,,,,,,
36.4975,36.3608,Kırıkhan,Turkey,,,,,,,,,,,,,,,
40.7267,8.5592,Sassari,Italy,,,,,,,,,,,,,,,
25.58,83.57,Ghazīpur,India,,,,,,,,,,,,,,,
34.8333,128.4167,Ch’ungmu,"Korea, South",,,,,,,,,,,,,,,
7.8833,-76.6333,Apartadó,Colombia,,,,,,,,,,,,,,,
42.9667,129.85,Tumen,China,,,,,,,,,,,,,,,
42.6986,2.8956,Perpignan,France,,,,,,,,,,,,,,,
21.0356,106.7644,Thành Phố Uông Bí,Vietnam,,,,,,,,,,,,,,,
7.6667,36.8333,Jīma,Ethiopia,,,,,,,,,,,,,,,
50.7833,121.5167,Genhe,China,,,,,,,,,,,,,,,
27.0813,-109.4461,Navojoa,Mexico,,,,,,,,,,,,,,,
50.8333,4.3333,Anderlecht,Belgium,,,,,,,,,,,,,,,
40.5698,-122.365,Redding,United States,,,,,,,,,,,,,,,
-25.42,27.949,Winterveld,South Africa,,,,,,,,,,,,,,,
60.9833,25.65,Lahti,Finland,,,,,,,,,,,,,,,
17.5944,-99.1778,Chilapa de Álvarez,Mexico,,,,,,,,,,,,,,,
34.4225,8.7842,Gafsa,Tunisia,,,,,,,,,,,,,,,
14.7,-91.8667,Coatepeque,Guatemala,,,,,,,,,,,,,,,
27.0992,84.09,Bagaha,India,,,,,,,,,,,,,,,
38.7333,41.4911,Muş,Turkey,,,,,,,,,,,,,,,
-12.5667,16.2333,Catchiungo,Angola,,,,,,,,,,,,,,,
13.8206,100.0625,Nakhon Pathom,Thailand,,,,,,,,,,,,,,,
38.2506,114.1969,Pingshan,China,,,,,,,,,,,,,,,
0.7333,124.3167,Kotamobagu,Indonesia,,,,,,,,,,,,,,,
35.5943,-77.376,Greenville,United States,,,,,,,,,,,,,,,
32.0333,75.4,Gurdāspur,India,,,,,,,,,,,,,,,
18.0678,106.2967,Kỳ Anh,Vietnam,,,,,,,,,,,,,,,
56.1333,47.5,Novocheboksarsk,Russia,,,,,,,,,,,,,,,
-6.9878,106.5439,Pelabuhanratu,Indonesia,,,,,,,,,,,,,,,
30.4664,70.9656,Kot Addu,Pakistan,,,,,,,,,,,,,,,
46.7756,-92.1393,Duluth,United States,,,,,,,,,,,,,,,
12.2267,79.6504,Tindivanam,India,,,,,,,,,,,,,,,
32.5075,130.6017,Honmachi,Japan,,,,,,,,,,,,,,,
-34.65,-58.5667,Ramos Mejía,Argentina,,,,,,,,,,,,,,,
51.5339,9.9356,Göttingen,Germany,,,,,,,,,,,,,,,
51.6287,-0.7482,High Wycombe,United Kingdom,,,,,,,,,,,,,,,
40.4317,29.1561,Gemlik,Turkey,,,,,,,,,,,,,,,
50.8667,5.6833,Maastricht,Netherlands,,,,,,,,,,,,,,,
37.8722,-122.276,Berkeley,United States,,,,,,,,,,,,,,,
48.8352,2.2409,Boulogne-Billancourt,France,,,,,,,,,,,,,,,
20.18,85.62,Khurda,India,,,,,,,,,,,,,,,
40.0248,-105.2524,Boulder,United States,,,,,,,,,,,,,,,
14.3854,121.029,Poblacion,Philippines,,,,,,,,,,,,,,,
7.2931,80.635,Kandy,Sri Lanka,,,,,,,,,,,,,,,
37.4167,41.3697,Midyat,Turkey,,,,,,,,,,,,,,,
13.5204,100.666,Ban Bang Pu Mai,Thailand,,,,,,,,,,,,,,,
47.24,6.02,Besançon,France,,,,,,,,,,,,,,,
54.9556,-1.6,Gateshead,United Kingdom,,,,,,,,,,,,,,,
38.2701,-104.6114,Pueblo,United States,,,,,,,,,,,,,,,
36.45,7.4333,Guelma,Algeria,,,,,,,,,,,,,,,
-4.1041,29.094,Baraka,Congo (Kinshasa),,,,,,,,,,,,,,,
32.4833,3.6667,Ghardaïa,Algeria,,,,,,,,,,,,,,,
24.346,93.7,Hengken,India,,,,,,,,,,,,,,,
27.6,73.42,Nokha,India,,,,,,,,,,,,,,,
15.8246,80.3521,Jandrapeta,India,,,,,,,,,,,,,,,
5.8625,7.9486,Unwana,Nigeria,,,,,,,,,,,,,,,
23.3908,57.4244,Ar Rustāq,Oman,,,,,,,,,,,,,,,
47.0958,37.5494,Mariupol,Ukraine,,,,,,,,,,,,,,,
12.9931,109.3314,Đông Hòa,Vietnam,,,,,,,,,,,,,,,
52.7333,15.25,Gorzów Wielkopolski,Poland,,,,,,,,,,,,,,,
45.7,-73.6333,Terrebonne,Canada,,,,,,,,,,,,,,,
6.9167,1.8833,Lalo,Benin,,,,,,,,,,,,,,,
13.1007,77.5963,Yelahanka,India,,,,,,,,,,,,,,,
28.1,69.19,Ghotki,Pakistan,,,,,,,,,,,,,,,
-18.9167,29.8167,Kwekwe,Zimbabwe,,,,,,,,,,,,,,,
-3.21,40.1,Malindi,Kenya,,,,,,,,,,,,,,,
41.0247,40.5222,Rize,Turkey,,,,,,,,,,,,,,,
-25.325,-49.31,Almirante Tamandaré,Brazil,,,,,,,,,,,,,,,
43.1,141.5333,Ebetsu,Japan,,,,,,,,,,,,,,,
46.1328,-64.7714,Moncton,Canada,,,,,,,,,,,,,,,
20.2139,-75.9919,Palma Soriano,Cuba,,,,,,,,,,,,,,,
19.7833,94.0333,An,Burma,,,,,,,,,,,,,,,
47.6514,26.2556,Suceava,Romania,,,,,,,,,,,,,,,
23.6092,104.3731,Jiangna,China,,,,,,,,,,,,,,,
43.4167,24.6167,Pleven,Bulgaria,,,,,,,,,,,,,,,
23.1461,91.4409,Fulgāzi,Bangladesh,,,,,,,,,,,,,,,
22.509,113.3213,Shuixi,China,,,,,,,,,,,,,,,
22.5111,113.3161,Sanxi,China,,,,,,,,,,,,,,,
35.9561,50.6044,Naz̧arābād,Iran,,,,,,,,,,,,,,,
26.7469,-80.132,West Palm Beach,United States,,,,,,,,,,,,,,,
15.0933,120.8283,Candaba,Philippines,,,,,,,,,,,,,,,
11.2167,78.1667,Nāmakkal,India,,,,,,,,,,,,,,,
-33.9,18.6,Parow,South Africa,,,,,,,,,,,,,,,
19.8333,-98.9833,Tizayuca,Mexico,,,,,,,,,,,,,,,
35.7533,50.9014,Moḩammad Shahr,Iran,,,,,,,,,,,,,,,
2.5228,101.7959,Port Dickson,Malaysia,,,,,,,,,,,,,,,
-23.0069,-44.3178,Angra dos Reis,Brazil,,,,,,,,,,,,,,,
-23.4189,-51.4239,Arapongas,Brazil,,,,,,,,,,,,,,,
55.9333,37.5,Dolgoprudnyy,Russia,,,,,,,,,,,,,,,
-22.8167,-45.2278,Guaratinguetá,Brazil,,,,,,,,,,,,,,,
51.5084,-0.5881,Slough,United Kingdom,,,,,,,,,,,,,,,
34.8881,44.6325,Ţūz Khūrmātū,Iraq,,,,,,,,,,,,,,,
1.9775,44.8325,Aw Dheegle,Somalia,,,,,,,,,,,,,,,
-21.2889,-50.34,Birigui,Brazil,,,,,,,,,,,,,,,
14.9108,-91.3606,Totonicapán,Guatemala,,,,,,,,,,,,,,,
-9.5333,-77.5333,Huaraz,Peru,,,,,,,,,,,,,,,
34.7167,135.6167,Daitōchō,Japan,,,,,,,,,,,,,,,
27.0375,88.2631,Darjeeling,India,,,,,,,,,,,,,,,
-25.4419,-49.0628,Piraquara,Brazil,,,,,,,,,,,,,,,
51.5247,6.9228,Bottrop,Germany,,,,,,,,,,,,,,,
31.7514,34.9886,Bet Shemesh,Israel,,,,,,,,,,,,,,,
37.8467,40.6661,Bismil,Turkey,,,,,,,,,,,,,,,
0.0369,34.7101,Vihiga,Kenya,,,,,,,,,,,,,,,
36.1333,2.9167,Berrouaghia,Algeria,,,,,,,,,,,,,,,
42.4643,14.2142,Pescara,Italy,,,,,,,,,,,,,,,
20.6464,106.0511,Hưng Yên,Vietnam,,,,,,,,,,,,,,,
-17.9167,19.7667,Rundu,Namibia,,,,,,,,,,,,,,,
22.3375,-97.8694,Miramar,Mexico,,,,,,,,,,,,,,,
0.6833,127.4,Soasio,Indonesia,,,,,,,,,,,,,,,
34.3,74.47,Sopur,India,,,,,,,,,,,,,,,
34.0153,71.9747,Nowshera,Pakistan,,,,,,,,,,,,,,,
37.4708,49.47,Bandar-e Anzalī,Iran,,,,,,,,,,,,,,,
48.4833,9.2167,Reutlingen,Germany,,,,,,,,,,,,,,,
51.2089,3.2242,Bruges,Belgium,,,,,,,,,,,,,,,
39.2958,116.4897,Yongqing,China,,,,,,,,,,,,,,,
14.92,120.77,Calumpit,Philippines,,,,,,,,,,,,,,,
18.345,-99.5383,Iguala de la Independencia,Mexico,,,,,,,,,,,,,,,
-12.9833,28.7,Bwana Mkubwa,Zambia,,,,,,,,,,,,,,,
27.7,83.45,Butwāl,Nepal,,,,,,,,,,,,,,,
-16.7081,-49.0931,Senador Canedo,Brazil,,,,,,,,,,,,,,,
44.4876,-73.2316,Burlington,United States,,,,,,,,,,,,,,,
13.313,75.737,Chikmagalūr,India,,,,,,,,,,,,,,,
36.6224,-121.8199,Seaside,United States,,,,,,,,,,,,,,,
25.533,-103.25,Matamoros,Mexico,,,,,,,,,,,,,,,
34.7333,135.5833,Kadoma,Japan,,,,,,,,,,,,,,,
39.13,117.0142,Yangliuqing,China,,,,,,,,,,,,,,,
32.9716,-96.7093,Richardson,United States,,,,,,,,,,,,,,,
30.4274,120.3866,Xuqiaocun,China,,,,,,,,,,,,,,,
12.0,105.45,Kampong Cham,Cambodia,,,,,,,,,,,,,,,
14.88,120.47,Dinalupihan,Philippines,,,,,,,,,,,,,,,
6.4108,125.6144,Malita,Philippines,,,,,,,,,,,,,,,
16.43,80.99,Gudivāda,India,,,,,,,,,,,,,,,
11.5189,13.6842,Bama,Nigeria,,,,,,,,,,,,,,,
26.5755,109.7008,Quyang,China,,,,,,,,,,,,,,,
7.84,4.486,Ilobu,Nigeria,,,,,,,,,,,,,,,
13.22,123.52,Ligao,Philippines,,,,,,,,,,,,,,,
46.0667,11.1167,Trento,Italy,,,,,,,,,,,,,,,
20.9333,-17.0333,Nouadhibou,Mauritania,,,,,,,,,,,,,,,
22.6228,113.2917,Dongsheng,China,,,,,,,,,,,,,,,
21.6006,71.2164,Amreli,India,,,,,,,,,,,,,,,
53.748,-2.482,Blackburn,United Kingdom,,,,,,,,,,,,,,,
31.22,75.77,Phagwāra,India,,,,,,,,,,,,,,,
-31.3308,-54.1069,Bagé,Brazil,,,,,,,,,,,,,,,
37.4948,139.9298,Aizuwakamatsu,Japan,,,,,,,,,,,,,,,
14.9,5.2599,Tahoua,Niger,,,,,,,,,,,,,,,
34.5833,135.55,Matsubara,Japan,,,,,,,,,,,,,,,
-18.6489,-48.1869,Araguari,Brazil,,,,,,,,,,,,,,,
49.5833,11.0167,Erlangen,Germany,,,,,,,,,,,,,,,
42.3759,-71.1185,Cambridge,United States,,,,,,,,,,,,,,,
10.8386,2.8361,Gogounou,Benin,,,,,,,,,,,,,,,
16.9959,7.9828,Agadez,Niger,,,,,,,,,,,,,,,
48.484,-123.381,Saanich,Canada,,,,,,,,,,,,,,,
32.5822,131.665,Nobeoka,Japan,,,,,,,,,,,,,,,
11.9167,-72.0,Uribia,Colombia,,,,,,,,,,,,,,,
33.6555,-7.3221,Beni Yakhlef,Morocco,,,,,,,,,,,,,,,
-8.1264,-35.3075,Vitória de Santo Antão,Brazil,,,,,,,,,,,,,,,
-8.2186,114.3669,Banyuwangi,Indonesia,,,,,,,,,,,,,,,
34.8919,136.9381,Handa,Japan,,,,,,,,,,,,,,,
32.5185,-92.0774,Monroe,United States,,,,,,,,,,,,,,,
33.102,44.5835,Salmān Bāk,Iraq,,,,,,,,,,,,,,,
14.8484,-85.8936,Catacamas,Honduras,,,,,,,,,,,,,,,
32.9067,-80.0722,North Charleston,United States,,,,,,,,,,,,,,,
24.6572,68.8406,Badin,Pakistan,,,,,,,,,,,,,,,
43.4199,-83.9501,Saginaw,United States,,,,,,,,,,,,,,,
7.19,124.53,Midsayap,Philippines,,,,,,,,,,,,,,,
27.9183,-110.8989,Heroica Guaymas,Mexico,,,,,,,,,,,,,,,
30.4667,30.9333,Munūf,Egypt,,,,,,,,,,,,,,,
-29.755,-57.0878,Uruguaiana,Brazil,,,,,,,,,,,,,,,
10.6308,-4.7589,Banfora,Burkina Faso,,,,,,,,,,,,,,,
9.2167,43.5878,Harshin,Ethiopia,,,,,,,,,,,,,,,
54.0833,38.2167,Novomoskovsk,Russia,,,,,,,,,,,,,,,
19.67,78.53,Adilābād,India,,,,,,,,,,,,,,,
14.9496,120.7587,Apalit,Philippines,,,,,,,,,,,,,,,
23.476,116.3978,Yulu,China,,,,,,,,,,,,,,,
-23.7658,-53.325,Umuarama,Brazil,,,,,,,,,,,,,,,
42.5436,129.0028,Helong,China,,,,,,,,,,,,,,,
27.979,-82.7623,Clearwater,United States,,,,,,,,,,,,,,,
40.5333,-3.6333,Alcobendas,Spain,,,,,,,,,,,,,,,
-11.8333,15.0,Cassongue,Angola,,,,,,,,,,,,,,,
30.7282,31.797,Fāqūs,Egypt,,,,,,,,,,,,,,,
50.3214,19.1872,Dąbrowa Górnicza,Poland,,,,,,,,,,,,,,,
30.1738,-95.5134,The Woodlands,United States,,,,,,,,,,,,,,,
21.94,86.72,Baripāda,India,,,,,,,,,,,,,,,
58.4094,15.6257,Linköping,Sweden,,,,,,,,,,,,,,,
-7.0372,107.5167,Soreang,Indonesia,,,,,,,,,,,,,,,
36.0659,139.5222,Kōnosu,Japan,,,,,,,,,,,,,,,
7.05,125.73,Samal,Philippines,,,,,,,,,,,,,,,
7.1889,124.1839,Datu Odin Sinsuat,Philippines,,,,,,,,,,,,,,,
41.157,126.29,Manpo,"Korea, North",,,,,,,,,,,,,,,
41.5333,-8.6167,Barcelos,Portugal,,,,,,,,,,,,,,,
-23.3556,-47.8569,Tatuí,Brazil,,,,,,,,,,,,,,,
33.7105,-6.8831,Sidi Yahya Zaer,Morocco,,,,,,,,,,,,,,,
14.6622,-90.8208,Chimaltenango,Guatemala,,,,,,,,,,,,,,,
-33.5333,-70.625,La Granja,Chile,,,,,,,,,,,,,,,
20.24,78.06,Yavatmāl,India,,,,,,,,,,,,,,,
22.74,88.37,Titāgarh,India,,,,,,,,,,,,,,,
-32.6583,-70.6,Macul,Chile,,,,,,,,,,,,,,,
34.7,135.7,Ikoma,Japan,,,,,,,,,,,,,,,
35.758,139.5299,Honchō,Japan,,,,,,,,,,,,,,,
30.37,75.54,Barnāla,India,,,,,,,,,,,,,,,
51.9,-2.0667,Cheltenham,United Kingdom,,,,,,,,,,,,,,,
44.2225,12.0408,Forlì,Italy,,,,,,,,,,,,,,,
54.4667,53.4667,Oktyabr’skiy,Russia,,,,,,,,,,,,,,,
24.88,74.63,Chittaurgarh,India,,,,,,,,,,,,,,,
27.9367,-82.3,Brandon,United States,,,,,,,,,,,,,,,
45.534,-94.1718,St. Cloud,United States,,,,,,,,,,,,,,,
47.9025,1.909,Orléans,France,,,,,,,,,,,,,,,
-25.05,33.65,Xai-Xai,Mozambique,,,,,,,,,,,,,,,
49.4428,1.0886,Rouen,France,,,,,,,,,,,,,,,
18.9089,-103.8747,Tecomán,Mexico,,,,,,,,,,,,,,,
-18.34,29.9,Kadoma,Zimbabwe,,,,,,,,,,,,,,,
40.6024,-112.0008,West Jordan,United States,,,,,,,,,,,,,,,
10.94,-14.3,Boké,Guinea,,,,,,,,,,,,,,,
-37.0167,-73.2167,Coronel,Chile,,,,,,,,,,,,,,,
16.236,80.0498,Narasaraopet,India,,,,,,,,,,,,,,,
37.0692,15.2875,Siracusa,Italy,,,,,,,,,,,,,,,
10.1,122.87,Himamaylan,Philippines,,,,,,,,,,,,,,,
8.2333,-73.35,Ocaña,Colombia,,,,,,,,,,,,,,,
-37.5608,143.8475,Ballarat,Australia,,,,,,,,,,,,,,,
26.8167,87.2667,Dharān,Nepal,,,,,,,,,,,,,,,
18.85,-99.2333,Temixco,Mexico,,,,,,,,,,,,,,,
5.0292,119.7731,Bongao,Philippines,,,,,,,,,,,,,,,
39.2003,117.1431,Tianmu,China,,,,,,,,,,,,,,,
35.7833,7.3833,Aïn Beïda,Algeria,,,,,,,,,,,,,,,
33.45,129.9683,Karatsu,Japan,,,,,,,,,,,,,,,
35.3833,136.2833,Nagahama,Japan,,,,,,,,,,,,,,,
46.5456,24.5625,Târgu-Mureş,Romania,,,,,,,,,,,,,,,
5.7167,-72.9208,Sogamoso,Colombia,,,,,,,,,,,,,,,
56.0424,12.721,Helsingborg,Sweden,,,,,,,,,,,,,,,
22.2869,113.9436,San Tung Chung Hang,Hong Kong,,,,,,,,,,,,,,,
27.0389,14.4264,Sabhā,Libya,,,,,,,,,,,,,,,
51.7167,94.45,Kyzyl,Russia,,,,,,,,,,,,,,,
33.2847,131.4914,Beppu,Japan,,,,,,,,,,,,,,,
40.8663,-73.2164,Smithtown,United States,,,,,,,,,,,,,,,
7.0,2.6167,Adjaouèrè,Benin,,,,,,,,,,,,,,,
25.7667,55.95,Ra’s al Khaymah,United Arab Emirates,,,,,,,,,,,,,,,
36.2039,127.0847,Noksan,"Korea, South",,,,,,,,,,,,,,,
36.038,-95.7806,Broken Arrow,United States,,,,,,,,,,,,,,,
11.407,79.6912,Chidambaram,India,,,,,,,,,,,,,,,
26.2458,127.7219,Urasoe,Japan,,,,,,,,,,,,,,,
-5.7928,-35.3289,São Gonçalo do Amarante,Brazil,,,,,,,,,,,,,,,
6.9,79.9164,Sri Jayewardenepura Kotte,Sri Lanka,,,,,,,,,,,,,,,
-23.2108,-46.8278,Várzea Paulista,Brazil,,,,,,,,,,,,,,,
26.1916,-97.6977,Harlingen,United States,,,,,,,,,,,,,,,
43.3456,125.3039,Yitong,China,,,,,,,,,,,,,,,
15.0789,120.9419,San Ildefonso,Philippines,,,,,,,,,,,,,,,
-7.215,107.8856,Tarogong,Indonesia,,,,,,,,,,,,,,,
21.392,-157.7396,Kailua,United States,,,,,,,,,,,,,,,
36.9617,140.0461,Nasushiobara,Japan,,,,,,,,,,,,,,,
37.075,41.2153,Nusaybin,Turkey,,,,,,,,,,,,,,,
-22.5446,-55.76,Pedro Juan Caballero,Paraguay,,,,,,,,,,,,,,,
-23.7108,-46.4128,Ribeirão Pires,Brazil,,,,,,,,,,,,,,,
39.8837,-105.0624,Westminster,United States,,,,,,,,,,,,,,,
59.89,10.5264,Sandvika,Norway,,,,,,,,,,,,,,,
48.6239,22.295,Uzhhorod,Ukraine,,,,,,,,,,,,,,,
37.0046,-121.5854,Gilroy,United States,,,,,,,,,,,,,,,
43.8031,143.8947,Kōenchō,Japan,,,,,,,,,,,,,,,
9.1744,77.8688,Kovilpatti,India,,,,,,,,,,,,,,,
31.5283,45.2039,Ar Rumaythah,Iraq,,,,,,,,,,,,,,,
0.1867,30.0881,Kasese,Uganda,,,,,,,,,,,,,,,
37.9477,-122.3389,Richmond,United States,,,,,,,,,,,,,,,
29.37,78.13,Bijnor,India,,,,,,,,,,,,,,,
51.73,0.48,Chelmsford,United Kingdom,,,,,,,,,,,,,,,
47.9558,21.7168,Nyíregyháza,Hungary,,,,,,,,,,,,,,,
-42.7667,-65.05,Puerto Madryn,Argentina,,,,,,,,,,,,,,,
14.17,121.22,Los Baños,Philippines,,,,,,,,,,,,,,,
-19.8858,-43.8069,Sabará,Brazil,,,,,,,,,,,,,,,
50.3597,7.5978,Koblenz,Germany,,,,,,,,,,,,,,,
30.3751,-90.0904,Mandeville,United States,,,,,,,,,,,,,,,
20.5397,-100.4414,El Pueblito,Mexico,,,,,,,,,,,,,,,
14.7916,-16.9249,Thiès,Senegal,,,,,,,,,,,,,,,
42.6833,26.3333,Sliven,Bulgaria,,,,,,,,,,,,,,,
48.9356,2.3539,Saint-Denis,France,,,,,,,,,,,,,,,
54.1667,19.4,Elbląg,Poland,,,,,,,,,,,,,,,
-7.8339,-34.9058,Igarassu,Brazil,,,,,,,,,,,,,,,
23.1252,-82.3007,Guanabacoa,Cuba,,,,,,,,,,,,,,,
24.4167,100.1,Aihua,China,,,,,,,,,,,,,,,
22.5703,58.1211,Al Muḑaybī,Oman,,,,,,,,,,,,,,,
34.1202,72.4702,Swabi,Pakistan,,,,,,,,,,,,,,,
10.35,-75.3333,Turbaco,Colombia,,,,,,,,,,,,,,,
19.7,-103.4667,Ciudad Guzmán,Mexico,,,,,,,,,,,,,,,
19.9617,-97.2108,Tlapacoyan,Mexico,,,,,,,,,,,,,,,
1.0833,42.5833,Bu’aale,Somalia,,,,,,,,,,,,,,,
41.3814,60.3611,Xiva,Uzbekistan,,,,,,,,,,,,,,,
33.9667,133.2833,Niihama,Japan,,,,,,,,,,,,,,,
43.0962,-75.2261,Utica,United States,,,,,,,,,,,,,,,
18.0127,-66.6212,Ponce,Puerto Rico,,,,,,,,,,,,,,,
12.8531,44.9722,Al Manşūrah,Yemen,,,,,,,,,,,,,,,
40.65,35.8331,Amasya,Turkey,,,,,,,,,,,,,,,
29.4874,-95.1087,League City,United States,,,,,,,,,,,,,,,
32.0,14.0,Ben Guerir,Morocco,,,,,,,,,,,,,,,
-7.58,108.8828,Rawajaya,Indonesia,,,,,,,,,,,,,,,
29.8554,-93.9264,Port Arthur,United States,,,,,,,,,,,,,,,
34.0514,131.5625,Hōfu,Japan,,,,,,,,,,,,,,,
36.3145,139.5783,Sano,Japan,,,,,,,,,,,,,,,
42.6389,-71.3217,Lowell,United States,,,,,,,,,,,,,,,
22.6352,88.4143,Dam Dam,India,,,,,,,,,,,,,,,
36.935,101.6736,Qiaotou,China,,,,,,,,,,,,,,,
34.3483,132.3317,Hatsukaichi,Japan,,,,,,,,,,,,,,,
53.55,8.5833,Bremerhaven,Germany,,,,,,,,,,,,,,,
44.7567,19.2156,Bijeljina,Bosnia and Herzegovina,,,,,,,,,,,,,,,
34.8617,-1.7306,Maghnia,Algeria,,,,,,,,,,,,,,,
34.0326,-118.1691,East Los Angeles,United States,,,,,,,,,,,,,,,
40.4039,115.5189,Shacheng,China,,,,,,,,,,,,,,,
44.6333,41.9333,Nevinnomyssk,Russia,,,,,,,,,,,,,,,
27.4722,89.6361,Thimphu,Bhutan,,,,,,,,,,,,,,,
33.1246,-117.2834,Carlsbad,United States,,,,,,,,,,,,,,,
13.4231,123.4122,Iriga City,Philippines,,,,,,,,,,,,,,,
57.7304,12.92,Borås,Sweden,,,,,,,,,,,,,,,
14.8869,120.8569,Plaridel,Philippines,,,,,,,,,,,,,,,
-18.17,-47.9419,Catalão,Brazil,,,,,,,,,,,,,,,
25.1239,68.5389,Tando Muhammad Khan,Pakistan,,,,,,,,,,,,,,,
33.4862,36.3461,Jaramānā,Syria,,,,,,,,,,,,,,,
37.3,127.6333,Yŏju,"Korea, South",,,,,,,,,,,,,,,
38.4278,27.4161,Kemalpaşa,Turkey,,,,,,,,,,,,,,,
-25.1754,46.0882,Ambovombe,Madagascar,,,,,,,,,,,,,,,
6.7364,2.6581,Sakété,Benin,,,,,,,,,,,,,,,
52.1333,4.6667,Alphen aan den Rijn,Netherlands,,,,,,,,,,,,,,,
0.3833,32.9242,Lugazi,Uganda,,,,,,,,,,,,,,,
-1.5167,37.2667,Machakos,Kenya,,,,,,,,,,,,,,,
42.0383,-88.324,Elgin,United States,,,,,,,,,,,,,,,
13.826,121.396,San Juan,Philippines,,,,,,,,,,,,,,,
3.1664,113.036,Bintulu,Malaysia,,,,,,,,,,,,,,,
-0.4,116.9667,Tenggarong,Indonesia,,,,,,,,,,,,,,,
50.4667,4.8667,Namur,Belgium,,,,,,,,,,,,,,,
48.1333,17.1167,Petržalka,Slovakia,,,,,,,,,,,,,,,
10.6978,1.0633,Matéri,Benin,,,,,,,,,,,,,,,
34.7687,137.9984,Kakegawa,Japan,,,,,,,,,,,,,,,
27.4409,109.678,Zhijiang,China,,,,,,,,,,,,,,,
-6.9764,108.4844,Kuningan,Indonesia,,,,,,,,,,,,,,,
42.4918,-92.3522,Waterloo,United States,,,,,,,,,,,,,,,
-14.0814,14.0931,Quilengues,Angola,,,,,,,,,,,,,,,
4.271,117.896,Tawau,Malaysia,,,,,,,,,,,,,,,
-23.5286,-46.345,Poá,Brazil,,,,,,,,,,,,,,,
27.1978,60.6836,Īrānshahr,Iran,,,,,,,,,,,,,,,
6.6667,2.7167,Ifanhim,Benin,,,,,,,,,,,,,,,
9.8608,2.7181,Ndali,Benin,,,,,,,,,,,,,,,
-12.8939,-38.3269,Lauro de Freitas,Brazil,,,,,,,,,,,,,,,
35.95,68.7,Pul-e Khumrī,Afghanistan,,,,,,,,,,,,,,,
35.8795,139.5198,Fujimino,Japan,,,,,,,,,,,,,,,
16.25,-92.1333,Comitán,Mexico,,,,,,,,,,,,,,,
42.5209,-71.7717,Leominster,United States,,,,,,,,,,,,,,,
44.0563,-121.3095,Bend,United States,,,,,,,,,,,,,,,
-11.6667,16.1667,Mungo,Angola,,,,,,,,,,,,,,,
14.83,120.88,Guiguinto,Philippines,,,,,,,,,,,,,,,
-19.6189,-43.2269,Itabira,Brazil,,,,,,,,,,,,,,,
25.9228,68.6206,Shahdadpur,Pakistan,,,,,,,,,,,,,,,
35.0667,128.0833,Sa-ch’on,"Korea, South",,,,,,,,,,,,,,,
-0.3056,100.3692,Bukittinggi,Indonesia,,,,,,,,,,,,,,,
22.7082,89.0718,Sātkhira,Bangladesh,,,,,,,,,,,,,,,
23.0061,72.5165,Vejalpur,India,,,,,,,,,,,,,,,
30.1765,-9.4886,Ait Ali,Morocco,,,,,,,,,,,,,,,
8.3675,124.8656,Manolo Fortich,Philippines,,,,,,,,,,,,,,,
35.2667,136.2667,Hikone,Japan,,,,,,,,,,,,,,,
32.2919,72.2736,Jauharabad,Pakistan,,,,,,,,,,,,,,,
16.07,120.4039,Mangaldan,Philippines,,,,,,,,,,,,,,,
35.0231,136.9022,Tōkai,Japan,,,,,,,,,,,,,,,
13.6964,123.06,Libmanan,Philippines,,,,,,,,,,,,,,,
51.1833,7.2,Remscheid,Germany,,,,,,,,,,,,,,,
-41.15,-71.3,San Carlos de Bariloche,Argentina,,,,,,,,,,,,,,,
-9.4078,-38.2219,Paulo Afonso,Brazil,,,,,,,,,,,,,,,
14.7667,-91.0,Tecpán Guatemala,Guatemala,,,,,,,,,,,,,,,
9.4667,41.0,Āfdem,Ethiopia,,,,,,,,,,,,,,,
42.4959,-96.3901,Sioux City,United States,,,,,,,,,,,,,,,
45.5021,-122.4413,Gresham,United States,,,,,,,,,,,,,,,
36.1314,139.6018,Kazo,Japan,,,,,,,,,,,,,,,
39.6417,22.4167,Lárisa,Greece,,,,,,,,,,,,,,,
57.7713,14.165,Jönköping,Sweden,,,,,,,,,,,,,,,
49.7567,6.6414,Trier,Germany,,,,,,,,,,,,,,,
32.5193,-94.7622,Longview,United States,,,,,,,,,,,,,,,
50.9918,7.1303,Bergisch Gladbach,Germany,,,,,,,,,,,,,,,
14.02,121.58,Tayabas,Philippines,,,,,,,,,,,,,,,
13.47,44.0375,Al Misrākh,Yemen,,,,,,,,,,,,,,,
10.1711,-70.0797,Carora,Venezuela,,,,,,,,,,,,,,,
-34.7667,-58.4,Lomas de Zamora,Argentina,,,,,,,,,,,,,,,
20.72,83.48,Balāngīr,India,,,,,,,,,,,,,,,
-7.83,112.7,Lawang,Indonesia,,,,,,,,,,,,,,,
20.7944,76.6944,Shegaon,India,,,,,,,,,,,,,,,
39.1445,141.1391,Ōshū,Japan,,,,,,,,,,,,,,,
52.55,19.7,Płock,Poland,,,,,,,,,,,,,,,
-19.0,28.9,Nkayi,Zimbabwe,,,,,,,,,,,,,,,
35.1167,136.2,Higashiōmi,Japan,,,,,,,,,,,,,,,
43.1833,141.0,Otaru,Japan,,,,,,,,,,,,,,,
35.1667,-2.9333,Nador,Morocco,,,,,,,,,,,,,,,
-34.8167,-55.95,Ciudad de la Costa,Uruguay,,,,,,,,,,,,,,,
10.2606,-66.6639,Santa Lucía,Venezuela,,,,,,,,,,,,,,,
25.45,68.7167,Goth Tando Sumro,Pakistan,,,,,,,,,,,,,,,
-6.1143,106.5784,Sepatan,Indonesia,,,,,,,,,,,,,,,
9.0436,-69.7489,Guanare,Venezuela,,,,,,,,,,,,,,,
22.9793,88.3748,Magra,India,,,,,,,,,,,,,,,
4.7344,-74.2683,Madrid,Colombia,,,,,,,,,,,,,,,
21.11,82.1,Mahāsamund,India,,,,,,,,,,,,,,,
26.2428,-80.1312,Pompano Beach,United States,,,,,,,,,,,,,,,
30.484,76.594,Rājpura,India,,,,,,,,,,,,,,,
36.7167,37.1167,Kilis,Turkey,,,,,,,,,,,,,,,
45.1333,42.0333,Mikhaylovsk,Russia,,,,,,,,,,,,,,,
35.0002,102.9103,Hezuo,China,,,,,,,,,,,,,,,
-2.2333,-80.9,La Libertad,Ecuador,,,,,,,,,,,,,,,
14.545,-91.0889,Pochuta,Guatemala,,,,,,,,,,,,,,,
7.75,2.1833,Dassa-Zoumé,Benin,,,,,,,,,,,,,,,
35.7057,139.3535,Akishima,Japan,,,,,,,,,,,,,,,
16.1817,75.6958,Bāgalkot,India,,,,,,,,,,,,,,,
18.3194,76.0736,Osmānābād,India,,,,,,,,,,,,,,,
13.0833,-86.35,Estelí,Nicaragua,,,,,,,,,,,,,,,
37.7667,-3.7711,Jaén,Spain,,,,,,,,,,,,,,,
13.7333,-89.05,San Martín,El Salvador,,,,,,,,,,,,,,,
10.3317,1.6914,Kouandé,Benin,,,,,,,,,,,,,,,
26.5191,80.2498,Kaliānpur,India,,,,,,,,,,,,,,,
23.4,76.72,Shujālpur,India,,,,,,,,,,,,,,,
25.25,87.65,Sāhibganj,India,,,,,,,,,,,,,,,
-20.7189,-46.61,Passos,Brazil,,,,,,,,,,,,,,,
14.8769,120.2328,Subic,Philippines,,,,,,,,,,,,,,,
35.8566,139.5492,Fujimi,Japan,,,,,,,,,,,,,,,
10.68,124.8,Baybay,Philippines,,,,,,,,,,,,,,,
38.9347,141.1266,Ichinoseki,Japan,,,,,,,,,,,,,,,
33.9379,-118.1311,Downey,United States,,,,,,,,,,,,,,,
39.1883,27.6089,Soma,Turkey,,,,,,,,,,,,,,,
-19.5389,-40.6308,Colatina,Brazil,,,,,,,,,,,,,,,
36.7524,4.5833,Bou Saada,Algeria,,,,,,,,,,,,,,,
52.6333,4.75,Alkmaar,Netherlands,,,,,,,,,,,,,,,
56.9167,59.9333,Pervouralsk,Russia,,,,,,,,,,,,,,,
7.2519,80.4453,Mawanella,Sri Lanka,,,,,,,,,,,,,,,
14.1142,122.9564,Daet,Philippines,,,,,,,,,,,,,,,
-19.9858,-43.8469,Nova Lima,Brazil,,,,,,,,,,,,,,,
51.585,7.1619,Recklinghausen,Germany,,,,,,,,,,,,,,,
-19.5928,-46.9408,Araxá,Brazil,,,,,,,,,,,,,,,
18.1978,120.5936,Laoag,Philippines,,,,,,,,,,,,,,,
33.5719,-117.1909,Murrieta,United States,,,,,,,,,,,,,,,
55.6667,37.2667,Odintsovo,Russia,,,,,,,,,,,,,,,
56.0167,37.8333,Pushkino,Russia,,,,,,,,,,,,,,,
17.2333,-92.4167,Chilón,Mexico,,,,,,,,,,,,,,,
14.7833,-89.5333,Chiquimula,Guatemala,,,,,,,,,,,,,,,
15.1197,2.0006,Sabara Bangou,Niger,,,,,,,,,,,,,,,
41.1167,28.7333,Kayabaşı,Turkey,,,,,,,,,,,,,,,
2.7833,45.5,Jawhar,Somalia,,,,,,,,,,,,,,,
43.4871,-112.0362,Idaho Falls,United States,,,,,,,,,,,,,,,
14.6,121.0167,Santamesa,Philippines,,,,,,,,,,,,,,,
-13.455,25.835,Kasempa,Zambia,,,,,,,,,,,,,,,
25.9433,-80.2426,Miami Gardens,United States,,,,,,,,,,,,,,,
22.802,88.346,Champdani,India,,,,,,,,,,,,,,,
24.1485,49.0577,Ḩaraḑ,Saudi Arabia,,,,,,,,,,,,,,,
24.2501,72.1822,Dīsa,India,,,,,,,,,,,,,,,
-9.9161,-63.0408,Ariquemes,Brazil,,,,,,,,,,,,,,,
-4.455,-43.8858,Codó,Brazil,,,,,,,,,,,,,,,
33.5328,130.4703,Kasuga,Japan,,,,,,,,,,,,,,,
47.9525,-122.1669,Everett,United States,,,,,,,,,,,,,,,
6.8567,7.3958,Nsukka,Nigeria,,,,,,,,,,,,,,,
11.6667,39.6583,Mersa,Ethiopia,,,,,,,,,,,,,,,
8.0563,-1.7306,Kintampo,Ghana,,,,,,,,,,,,,,,
21.37,74.25,Nandurbar,India,,,,,,,,,,,,,,,
26.068,83.184,Purwa Utar,India,,,,,,,,,,,,,,,
44.5384,18.6671,Tuzla,Bosnia and Herzegovina,,,,,,,,,,,,,,,
27.2399,112.8639,Kaiyun,China,,,,,,,,,,,,,,,
9.417,-70.5,Trujillo,Venezuela,,,,,,,,,,,,,,,
36.535,-6.2975,Cádiz,Spain,,,,,,,,,,,,,,,
42.7677,-86.0984,Holland,United States,,,,,,,,,,,,,,,
32.2986,72.3508,Khushab,Pakistan,,,,,,,,,,,,,,,
15.7133,-88.5899,Puerto Barrios,Guatemala,,,,,,,,,,,,,,,
28.9503,53.6272,Fasā,Iran,,,,,,,,,,,,,,,
14.42,120.85,Rosario,Philippines,,,,,,,,,,,,,,,
50.9272,11.5861,Jena,Germany,,,,,,,,,,,,,,,
48.8611,2.4436,Montreuil,France,,,,,,,,,,,,,,,
16.6164,-11.4044,Kiffa,Mauritania,,,,,,,,,,,,,,,
16.7098,42.955,Al Aḩad al Masāriḩah,Saudi Arabia,,,,,,,,,,,,,,,
35.0113,37.0532,As Salamīyah,Syria,,,,,,,,,,,,,,,
-12.545,-55.7108,Sorriso,Brazil,,,,,,,,,,,,,,,
-1.6333,13.5833,Franceville,Gabon,,,,,,,,,,,,,,,
19.1677,-99.5542,San Antonio la Isla,Mexico,,,,,,,,,,,,,,,
19.7072,-99.7867,San Antonio Enchisi,Mexico,,,,,,,,,,,,,,,
33.6667,-117.9135,Costa Mesa,United States,,,,,,,,,,,,,,,
8.2306,-70.822,Socopó,Venezuela,,,,,,,,,,,,,,,
-26.495,31.388,Manzini,Eswatini,,,,,,,,,,,,,,,
1.6836,31.7222,Masindi,Uganda,,,,,,,,,,,,,,,
20.0667,-97.05,Martínez de la Torre,Mexico,,,,,,,,,,,,,,,
33.4928,-117.1315,Temecula,United States,,,,,,,,,,,,,,,
30.4555,120.4433,Changbang,China,,,,,,,,,,,,,,,
-28.75,31.9,Empangeni,South Africa,,,,,,,,,,,,,,,
30.9166,74.6,Ferozepore,India,,,,,,,,,,,,,,,
35.9969,45.8853,Bāneh,Iran,,,,,,,,,,,,,,,
6.7667,4.0625,Itele,Nigeria,,,,,,,,,,,,,,,
53.61,-2.16,Rochdale,United Kingdom,,,,,,,,,,,,,,,
35.5667,126.85,Jeonghae,"Korea, South",,,,,,,,,,,,,,,
36.5166,136.5656,Shirayamamachi,Japan,,,,,,,,,,,,,,,
31.6833,35.95,Al Jīzah,Jordan,,,,,,,,,,,,,,,
-28.4669,-49.0069,Tubarão,Brazil,,,,,,,,,,,,,,,
55.5972,38.1203,Zhukovskiy,Russia,,,,,,,,,,,,,,,
13.0969,-59.6131,Bridgetown,Barbados,,,,,,,,,,,,,,,
53.392,-2.264,Wythenshawe,United Kingdom,,,,,,,,,,,,,,,
18.8714,79.4443,Mancherāl,India,,,,,,,,,,,,,,,
31.8632,46.0732,Qal‘at Sukkar,Iraq,,,,,,,,,,,,,,,
9.9167,-68.3,Tinaquillo,Venezuela,,,,,,,,,,,,,,,
-13.7167,-76.2,Pisco,Peru,,,,,,,,,,,,,,,
14.5333,-91.6833,Retalhuleu,Guatemala,,,,,,,,,,,,,,,
41.156,1.108,Reus,Spain,,,,,,,,,,,,,,,
-34.7,-58.2833,Bernal,Argentina,,,,,,,,,,,,,,,
34.2741,-119.2314,San Buenaventura,United States,,,,,,,,,,,,,,,
16.8667,79.5833,Miriālgūda,India,,,,,,,,,,,,,,,
53.393,-3.014,Birkenhead,United Kingdom,,,,,,,,,,,,,,,
45.55,11.55,Vicenza,Italy,,,,,,,,,,,,,,,
50.5111,30.79,Brovary,Ukraine,,,,,,,,,,,,,,,
53.5228,-1.1325,Doncaster,United Kingdom,,,,,,,,,,,,,,,
47.4992,8.7267,Winterthur,Switzerland,,,,,,,,,,,,,,,
29.5935,-95.6358,Sugar Land,United States,,,,,,,,,,,,,,,
34.7953,109.9378,Dali,China,,,,,,,,,,,,,,,
53.43,-1.357,Rotherham,United Kingdom,,,,,,,,,,,,,,,
31.8314,70.9019,Dera Ismail Khan,Pakistan,,,,,,,,,,,,,,,
-34.8167,-58.4667,Esteban Echeverría,Argentina,,,,,,,,,,,,,,,
7.7306,125.1,Quezon,Philippines,,,,,,,,,,,,,,,
8.3167,-73.6333,Aguachica,Colombia,,,,,,,,,,,,,,,
13.3233,121.3028,Naujan,Philippines,,,,,,,,,,,,,,,
5.82,125.2,Glan,Philippines,,,,,,,,,,,,,,,
8.71,125.75,Bayugan,Philippines,,,,,,,,,,,,,,,
51.272,0.529,Maidstone,United Kingdom,,,,,,,,,,,,,,,
-33.0167,-58.5167,Gualeguaychú,Argentina,,,,,,,,,,,,,,,
46.9075,19.6917,Kecskemét,Hungary,,,,,,,,,,,,,,,
-34.0833,-59.0333,Zárate,Argentina,,,,,,,,,,,,,,,
52.0117,4.3592,Delft,Netherlands,,,,,,,,,,,,,,,
51.584,-0.021,Walthamstow,United Kingdom,,,,,,,,,,,,,,,
59.7439,10.2045,Drammen,Norway,,,,,,,,,,,,,,,
39.7578,-121.8161,Chico,United States,,,,,,,,,,,,,,,
6.15,6.8333,Nkpor,Nigeria,,,,,,,,,,,,,,,
35.7768,140.0008,Kamagaya,Japan,,,,,,,,,,,,,,,
6.68,124.67,Tacurong,Philippines,,,,,,,,,,,,,,,
14.9,-92.0497,Malacatán,Guatemala,,,,,,,,,,,,,,,
35.3754,103.8612,Taoyang,China,,,,,,,,,,,,,,,
36.8058,128.6239,Yŏngju,"Korea, South",,,,,,,,,,,,,,,
14.1561,122.8294,Labo,Philippines,,,,,,,,,,,,,,,
34.8833,135.2333,Sandachō,Japan,,,,,,,,,,,,,,,
36.7642,-2.6147,Roquetas de Mar,Spain,,,,,,,,,,,,,,,
49.025,-122.8028,White Rock,Canada,,,,,,,,,,,,,,,
34.2833,133.8,Marugame,Japan,,,,,,,,,,,,,,,
33.6273,-84.58,South Fulton,United States,,,,,,,,,,,,,,,
22.3566,113.5919,Tangjia,China,,,,,,,,,,,,,,,
23.2,77.08,Sehore,India,,,,,,,,,,,,,,,
39.5736,-119.7161,Sparks,United States,,,,,,,,,,,,,,,
-5.4242,38.0194,Handeni,Tanzania,,,,,,,,,,,,,,,
-12.35,14.7667,Balombo,Angola,,,,,,,,,,,,,,,
10.73,122.97,Talisay,Philippines,,,,,,,,,,,,,,,
36.2,127.0833,Hosan,"Korea, South",,,,,,,,,,,,,,,
37.2486,42.4703,Silopi,Turkey,,,,,,,,,,,,,,,
23.07,88.82,Bangaon,India,,,,,,,,,,,,,,,
48.3822,-89.2461,Thunder Bay,Canada,,,,,,,,,,,,,,,
14.902,120.849,Pulilan,Philippines,,,,,,,,,,,,,,,
-23.8597,35.3472,Maxixe,Mozambique,,,,,,,,,,,,,,,
54.1833,49.5833,Dimitrovgrad,Russia,,,,,,,,,,,,,,,
35.1667,8.8333,Kasserine,Tunisia,,,,,,,,,,,,,,,
33.22,73.21,Bagu Na Mohra,Pakistan,,,,,,,,,,,,,,,
31.3333,27.2167,Maţrūḩ,Egypt,,,,,,,,,,,,,,,
47.6567,23.5719,Baia Mare,Romania,,,,,,,,,,,,,,,
32.2742,111.4717,Shihuajie,China,,,,,,,,,,,,,,,
34.5,135.6,Tondabayashichō,Japan,,,,,,,,,,,,,,,
20.0325,-100.7214,San Francisco de la Piedad,Mexico,,,,,,,,,,,,,,,
-25.877,29.201,Witbank,South Africa,,,,,,,,,,,,,,,
18.789,73.343,Khopoli,India,,,,,,,,,,,,,,,
42.3706,21.1553,Ferizaj,Kosovo,,,,,,,,,,,,,,,
51.7519,-1.2578,Oxford,United Kingdom,,,,,,,,,,,,,,,
23.6014,116.3257,Xishancun,China,,,,,,,,,,,,,,,
35.4,0.1333,Mascara,Algeria,,,,,,,,,,,,,,,
35.4167,7.1333,Khenchela,Algeria,,,,,,,,,,,,,,,
18.9333,96.4333,Taungoo,Burma,,,,,,,,,,,,,,,
21.5333,107.9667,Móng Cái,Vietnam,,,,,,,,,,,,,,,
43.3667,132.2,Artëm,Russia,,,,,,,,,,,,,,,
10.66,107.7719,La Gi,Vietnam,"Nan, located in northern Thailand, is a charming city filled with history and natural beauty. Nestled in a lush valley along the Nan River, this city captivates visitors with its well-preserved old town, traditional wooden houses, and stunning temples that reflect the rich cultural heritage of the region.

In Nan, time seems to move at a slower pace, allowing travelers to immerse themselves in the local way of life. Locals here are known for their warm hospitality, often welcoming visitors with a smile and a genuine curiosity about their journey. Exploring the city on foot or by bicycle is the best way to soak in its tranquil atmosphere and discover hidden gems tucked away in its narrow lanes.

To truly experience Nan, start your day with a stroll along the riverbanks, where the early morning light casts a golden glow on the water. Visit Wat Phumin, a unique temple known for its exquisite murals depicting local life and folklore. Don't miss the vibrant morning market, where the sights and smells of fresh produce and local street food will awaken your senses. For a taste of local culture, join a traditional weaving workshop to learn about the intricate art of textile-making that has been passed down through generations.

The best time to visit Nan is during the cool season from November to February when the weather is mild and pleasant. Keep in mind that the city observes Buddhist customs, so it's essential to dress modestly when visiting temples and show respect for local traditions. Embrace the unhurried pace of life in Nan, and you'll find yourself enchanted by the city's serene beauty and the genuine warmth of its people.","Transportation:

Getting around nan is relatively easy, with a mix of public transportation options and walkable areas. Visitors can expect a well-connected city with a quirky charm in its local transit system that adds to the overall experience. While navigating may have its hiccups, the city's transport network generally functions smoothly.

Getting In:

Travelers usually arrive in nan via the city's airport, a short distance from the downtown area. Taxis and airport shuttles are convenient but can be pricier compared to public transport options like buses or trains. Opting for public transportation not only saves money but also gives you a glimpse of the local life on your way to the city center.

Public Transit:

nan boasts a comprehensive public transit system comprising metros, trams, and buses. The coverage is extensive, making it easy to reach most parts of the city conveniently. Public transportation is reliable, operates from early morning till late at night, and purchasing daily or weekly passes can save you money. Consider downloading local transport apps for real-time schedules and updates.

Walking & Biking:

nan is a very walkable city, with many attractions within a reasonable distance from each other. Biking is also a popular option, with designated bike lanes and a user-friendly bike-share system available for visitors. Make sure to follow road safety rules and be cautious of pedestrians while exploring on foot or by bike.

Taxis & Ride-shares:

Taxis in nan are usually metered, and while some drivers may not speak fluent English, they are generally helpful. The reputation for honesty among taxi drivers is decent, but it's always wise to agree on fares before starting your journey. Ride-share services like Uber and Bolt operate in nan, providing a reliable and often cheaper alternative to traditional taxis, especially during peak hours or late nights.

Driving & Parking:

Renting a car in nan is not necessary for getting around the city, given the efficient public transportation and walkability. Driving in the city can be challenging due to traffic congestion and limited parking spaces, which can be expensive. However, having a car might be beneficial for day trips to surrounding areas, so consider renting one if you plan on exploring outside of nan.",,,"Nan's food scene is a vibrant tapestry of flavors, with a focus on communal dining and bold, aromatic dishes that celebrate the city's culinary heritage. From bustling markets to cozy eateries, Nan invites you to savor every bite in the company of locals sharing stories and laughter.

**La Mesa de Tapas**
Step into the rustic charm of La Mesa de Tapas, where savory aromas of sizzling chorizo and garlic-infused mushrooms greet you. This cozy spot offers an array of traditional Spanish small plates paired with robust red wines, creating the perfect setting for a leisurely evening. Don't miss the patatas bravas, crispy potatoes drizzled with spicy tomato sauce, a local favorite.

**Izakaya Yuki**
At Izakaya Yuki, immerse yourself in the lively atmosphere of a traditional Japanese gastropub. Sip on premium sake while indulging in a variety of small plates like crispy tempura and melt-in-your-mouth yakitori skewers. The friendly staff and relaxed ambiance make it a top choice for enjoying authentic izakaya dining in Nan.

**Le Bistro Enchanté**
For a touch of French elegance, dine at Le Bistro Enchanté, a chic restaurant offering a fusion of classic French cuisine with local ingredients. Indulge in their signature Coq au Vin, a hearty dish of tender chicken braised in red wine, paired with a velvety Pinot Noir. The intimate setting and attentive service elevate the dining experience, making it a must-visit for food enthusiasts exploring Nan's culinary gems.",,,,75.0,"<h2 class=""popup-section-title main-title"">Accommodations</h2>
<h2 class=""popup-section-title"">Hotels</h2>
<div>nan</div>
<h2 class=""popup-section-title"">Hostels</h2>
<div>nan</div>","<h2 class=""popup-section-title main-title"">Transportation</h2>
<h2 class=""popup-section-title"">Getting Around</h2>
<div>Transportation:

Getting around nan is relatively easy, with a mix of public transportation options and walkable areas. Visitors can expect a well-connected city with a quirky charm in its local transit system that adds to the overall experience. While navigating may have its hiccups, the city's transport network generally functions smoothly.

Getting In:

Travelers usually arrive in nan via the city's airport, a short distance from the downtown area. Taxis and airport shuttles are convenient but can be pricier compared to public transport options like buses or trains. Opting for public transportation not only saves money but also gives you a glimpse of the local life on your way to the city center.

Public Transit:

nan boasts a comprehensive public transit system comprising metros, trams, and buses. The coverage is extensive, making it easy to reach most parts of the city conveniently. Public transportation is reliable, operates from early morning till late at night, and purchasing daily or weekly passes can save you money. Consider downloading local transport apps for real-time schedules and updates.

Walking & Biking:

nan is a very walkable city, with many attractions within a reasonable distance from each other. Biking is also a popular option, with designated bike lanes and a user-friendly bike-share system available for visitors. Make sure to follow road safety rules and be cautious of pedestrians while exploring on foot or by bike.

Taxis & Ride-shares:

Taxis in nan are usually metered, and while some drivers may not speak fluent English, they are generally helpful. The reputation for honesty among taxi drivers is decent, but it's always wise to agree on fares before starting your journey. Ride-share services like Uber and Bolt operate in nan, providing a reliable and often cheaper alternative to traditional taxis, especially during peak hours or late nights.

Driving & Parking:

Renting a car in nan is not necessary for getting around the city, given the efficient public transportation and walkability. Driving in the city can be challenging due to traffic congestion and limited parking spaces, which can be expensive. However, having a car might be beneficial for day trips to surrounding areas, so consider renting one if you plan on exploring outside of nan.</div>","<h2 class=""popup-section-title main-title"">Restaurants</h2>
<h2 class=""popup-section-title"">Recommended Restaurants</h2>
<div>Nan's food scene is a vibrant tapestry of flavors, with a focus on communal dining and bold, aromatic dishes that celebrate the city's culinary heritage. From bustling markets to cozy eateries, Nan invites you to savor every bite in the company of locals sharing stories and laughter.

**La Mesa de Tapas**
Step into the rustic charm of La Mesa de Tapas, where savory aromas of sizzling chorizo and garlic-infused mushrooms greet you. This cozy spot offers an array of traditional Spanish small plates paired with robust red wines, creating the perfect setting for a leisurely evening. Don't miss the patatas bravas, crispy potatoes drizzled with spicy tomato sauce, a local favorite.

**Izakaya Yuki**
At Izakaya Yuki, immerse yourself in the lively atmosphere of a traditional Japanese gastropub. Sip on premium sake while indulging in a variety of small plates like crispy tempura and melt-in-your-mouth yakitori skewers. The friendly staff and relaxed ambiance make it a top choice for enjoying authentic izakaya dining in Nan.

**Le Bistro Enchanté**
For a touch of French elegance, dine at Le Bistro Enchanté, a chic restaurant offering a fusion of classic French cuisine with local ingredients. Indulge in their signature Coq au Vin, a hearty dish of tender chicken braised in red wine, paired with a velvety Pinot Noir. The intimate setting and attentive service elevate the dining experience, making it a must-visit for food enthusiasts exploring Nan's culinary gems.</div>","<h2 class=""popup-section-title main-title"">Evenings</h2>
<h2 class=""popup-section-title"">Bars</h2>
<div>nan</div>
<h2 class=""popup-section-title"">Nightlife</h2>
<div>nan</div>
<h2 class=""popup-section-title"">Weekly Itinerary</h2>
<div>nan</div>","[{""title"": ""Top Things to Do in nan"", ""url"": ""https://example.com/top-things-nan""}, {""title"": ""nan Food & Nightlife Guide"", ""url"": ""https://example.com/food-nightlife-nan""}]","[{""img_url"": ""https://images.unsplash.com/flagged/photo-1496116591672-082593832acc?crop=entropy&cs=tinysrgb&fit=max&fm=jpg&ixid=M3w3NzE0NTB8MHwxfHNlYXJjaHwxfHxXYXQlMjBQaHVtaW4lMjBuYW4lMjBuYW58ZW58MHx8fHwxNzUxMzE3Njc0fDA&ixlib=rb-4.1.0&q=80&w=1080"", ""caption"": ""Wat Phumin: Famous temple with unique murals depicting local life."", ""link_url"": ""https://www.google.com/search?q=Wat+Phumin+nan+nan"", ""link_label"": ""Learn More""}, {""img_url"": ""https://images.unsplash.com/photo-1733814512161-3451cc7307e6?crop=entropy&cs=tinysrgb&fit=max&fm=jpg&ixid=M3w3NzE0NTB8MHwxfHNlYXJjaHwxfHxOYW4lMjBSaXZlcnNpZGUlMjBBcnQlMjBHYWxsZXJ5JTIwbmFuJTIwbmFufGVufDB8fHx8MTc1MTMxNzY3NXww&ixlib=rb-4.1.0&q=80&w=1080"", ""caption"": ""Nan Riverside Art Gallery: Contemporary art gallery featuring local and Thai artists."", ""link_url"": ""https://www.google.com/search?q=Nan+Riverside+Art+Gallery+nan+nan"", ""link_label"": ""Learn More""}, {""img_url"": ""https://images.unsplash.com/photo-1723459955425-c9f378a4d3e0?crop=entropy&cs=tinysrgb&fit=max&fm=jpg&ixid=M3w3NzE0NTB8MHwxfHNlYXJjaHwxfHxCbyUyMEtsdWVhJTIwbmFuJTIwbmFufGVufDB8fHx8MTc1MTMxNzY3NXww&ixlib=rb-4.1.0&q=80&w=1080"", ""caption"": ""Bo Kluea: Scenic village known for its traditional salt production."", ""link_url"": ""https://www.google.com/search?q=Bo+Kluea+nan+nan"", ""link_label"": ""Learn More""}, {""img_url"": ""https://images.unsplash.com/photo-1739612549065-09afbd19563e?crop=entropy&cs=tinysrgb&fit=max&fm=jpg&ixid=M3w3NzE0NTB8MHwxfHNlYXJjaHwxfHxEb2klMjBQaHUlMjBLaGElMjBOYXRpb25hbCUyMFBhcmslMjBuYW4lMjBuYW58ZW58MHx8fHwxNzUxMzE3Njc2fDA&ixlib=rb-4.1.0&q=80&w=1080"", ""caption"": ""Doi Phu Kha National Park: Mountainous park with diverse flora and fauna."", ""link_url"": ""https://www.google.com/search?q=Doi+Phu+Kha+National+Park+nan+nan"", ""link_label"": ""Learn More""}]"
36.4083,136.4455,Komatsu,Japan,"About Nan:
Nestled in northern Thailand, Nan offers a tranquil escape from bustling city life. With its picturesque landscapes of rolling hills and lush forests, this charming town exudes a laid-back vibe that beckons travelers to explore its hidden gems.

City Character & Local Life:
What sets Nan apart is its deep-rooted cultural heritage, visible in its well-preserved temples and traditional wooden houses. The city's slow pace encourages visitors to meander through its narrow streets, where friendly locals greet you with warm smiles. Don't miss the vibrant morning markets, where the aroma of fresh herbs and spices fills the air, or the serene riverside walks at dusk, offering a peaceful retreat from the day's adventures.

For an authentic experience, immerse yourself in the local way of life by joining a traditional cooking class or partaking in a monk chat at a nearby temple. Timing your visit during the cool, dry season from November to February ensures comfortable weather for exploring Nan's outdoor attractions. Keep in mind that the city observes Buddhist customs, so dressing modestly and removing your shoes before entering sacred sites is customary.","Transportation in nan:

Getting around nan is relatively easy and convenient, with a mix of public transportation options and walkable areas. Visitors can expect a well-connected city with efficient public transit, though navigating the streets can be a bit challenging due to the layout and traffic patterns. The local transit system has its quirks, so it's advisable to familiarize yourself with routes and schedules early on.

Getting In:

Arriving in nan is typically done through the airport, which is located about 30 minutes from the city center by car. Taxis are a popular choice and relatively affordable, offering a hassle-free way to reach downtown. For budget-conscious travelers, the airport bus provides a cost-effective alternative, albeit with a longer travel time.

Public Transit:

nan boasts a comprehensive public transportation network comprising buses, trams, and the metro. The coverage is extensive, making it easy to explore various parts of the city. Services are generally reliable, operating from early morning until late at night. It's recommended to purchase tickets in advance or consider using transport apps favored by locals for seamless travel experiences.

Walking & Biking:

nan is a fairly walkable city, especially in the central areas where many attractions are within walking distance. Biking is also a popular option, with dedicated bike lanes and a bike-share system available for visitors. Safety is generally not a major concern, but it's advisable to be cautious, especially during peak traffic hours.

Taxis & Ride-shares:

Taxis in nan are usually metered, and while some drivers may not speak fluent English, communication is rarely an issue. The reputation for honesty varies, so it's advisable to use reputable taxi firms or apps. Ride-share services like Uber and Bolt are operational and offer a convenient and often cost-effective alternative to traditional taxis, particularly during peak hours.

Driving & Parking:

Renting a car in nan is not necessary for getting around the city, considering the efficient public transit options available. Traffic can be congested during rush hours, so driving may not always be the most time-efficient choice. Parking in the city center can be scarce and expensive, so it's worth exploring alternative parking options or using public transportation for day trips outside the city.",,,"Nan is a hidden gem for foodies, offering a delightful mix of traditional flavors and modern culinary experiences. The city's food scene is vibrant, reflecting a rich tapestry of culinary influences that make dining here a true adventure.

Tapas Bars:
**La Taberna del Puerto** - A cozy waterfront spot known for its mouthwatering seafood tapas and refreshing sangria. The lively atmosphere, friendly staff, and reasonable prices make it a favorite among locals and visitors alike. Don't miss trying the grilled octopus, a local specialty that perfectly captures the essence of coastal dining.

**Café Tapas** - Nestled in the heart of the old town, this charming tapas bar exudes a warm and inviting ambiance. Serving up a creative mix of traditional and innovative small plates, Café Tapas is a perfect place to enjoy a casual meal with friends. Be sure to sample their patatas bravas, a classic Spanish dish with a local twist.

Restaurants:
**El Jardín Secreto** - Step into a magical garden oasis at this enchanting restaurant, where Mediterranean flavors meet local ingredients in exquisite dishes. The elegant yet relaxed ambiance sets the stage for a memorable dining experience. Indulge in their signature paella, a culinary masterpiece that captures the essence of Nan's culinary heritage.

**Ristorante Buongusto** - A cozy Italian gem tucked away in a quaint alley, Ristorante Buongusto is a favorite among discerning diners for its authentic flavors and welcoming atmosphere. From handmade pasta dishes to decadent desserts, each bite at this family-run restaurant is a testament to their passion for good food. While in Nan, savor their tiramisu, a heavenly dessert that transports you straight to Italy.

Whether you're craving a casual tapas feast or a sumptuous sit-down meal, Nan's diverse culinary landscape promises to delight your taste buds and create lasting gastronomic memories.",,,,75.0,"<h2 class=""popup-section-title main-title"">Accommodations</h2>
<h2 class=""popup-section-title"">Hotels</h2>
<div>nan</div>
<h2 class=""popup-section-title"">Hostels</h2>
<div>nan</div>","<h2 class=""popup-section-title main-title"">Transportation</h2>
<h2 class=""popup-section-title"">Getting Around</h2>
<div>Transportation in nan:

Getting around nan is relatively easy and convenient, with a mix of public transportation options and walkable areas. Visitors can expect a well-connected city with efficient public transit, though navigating the streets can be a bit challenging due to the layout and traffic patterns. The local transit system has its quirks, so it's advisable to familiarize yourself with routes and schedules early on.

Getting In:

Arriving in nan is typically done through the airport, which is located about 30 minutes from the city center by car. Taxis are a popular choice and relatively affordable, offering a hassle-free way to reach downtown. For budget-conscious travelers, the airport bus provides a cost-effective alternative, albeit with a longer travel time.

Public Transit:

nan boasts a comprehensive public transportation network comprising buses, trams, and the metro. The coverage is extensive, making it easy to explore various parts of the city. Services are generally reliable, operating from early morning until late at night. It's recommended to purchase tickets in advance or consider using transport apps favored by locals for seamless travel experiences.

Walking & Biking:

nan is a fairly walkable city, especially in the central areas where many attractions are within walking distance. Biking is also a popular option, with dedicated bike lanes and a bike-share system available for visitors. Safety is generally not a major concern, but it's advisable to be cautious, especially during peak traffic hours.

Taxis & Ride-shares:

Taxis in nan are usually metered, and while some drivers may not speak fluent English, communication is rarely an issue. The reputation for honesty varies, so it's advisable to use reputable taxi firms or apps. Ride-share services like Uber and Bolt are operational and offer a convenient and often cost-effective alternative to traditional taxis, particularly during peak hours.

Driving & Parking:

Renting a car in nan is not necessary for getting around the city, considering the efficient public transit options available. Traffic can be congested during rush hours, so driving may not always be the most time-efficient choice. Parking in the city center can be scarce and expensive, so it's worth exploring alternative parking options or using public transportation for day trips outside the city.</div>","<h2 class=""popup-section-title main-title"">Restaurants</h2>
<h2 class=""popup-section-title"">Recommended Restaurants</h2>
<div>Nan is a hidden gem for foodies, offering a delightful mix of traditional flavors and modern culinary experiences. The city's food scene is vibrant, reflecting a rich tapestry of culinary influences that make dining here a true adventure.

Tapas Bars:
**La Taberna del Puerto** - A cozy waterfront spot known for its mouthwatering seafood tapas and refreshing sangria. The lively atmosphere, friendly staff, and reasonable prices make it a favorite among locals and visitors alike. Don't miss trying the grilled octopus, a local specialty that perfectly captures the essence of coastal dining.

**Café Tapas** - Nestled in the heart of the old town, this charming tapas bar exudes a warm and inviting ambiance. Serving up a creative mix of traditional and innovative small plates, Café Tapas is a perfect place to enjoy a casual meal with friends. Be sure to sample their patatas bravas, a classic Spanish dish with a local twist.

Restaurants:
**El Jardín Secreto** - Step into a magical garden oasis at this enchanting restaurant, where Mediterranean flavors meet local ingredients in exquisite dishes. The elegant yet relaxed ambiance sets the stage for a memorable dining experience. Indulge in their signature paella, a culinary masterpiece that captures the essence of Nan's culinary heritage.

**Ristorante Buongusto** - A cozy Italian gem tucked away in a quaint alley, Ristorante Buongusto is a favorite among discerning diners for its authentic flavors and welcoming atmosphere. From handmade pasta dishes to decadent desserts, each bite at this family-run restaurant is a testament to their passion for good food. While in Nan, savor their tiramisu, a heavenly dessert that transports you straight to Italy.

Whether you're craving a casual tapas feast or a sumptuous sit-down meal, Nan's diverse culinary landscape promises to delight your taste buds and create lasting gastronomic memories.</div>","<h2 class=""popup-section-title main-title"">Evenings</h2>
<h2 class=""popup-section-title"">Bars</h2>
<div>nan</div>
<h2 class=""popup-section-title"">Nightlife</h2>
<div>nan</div>
<h2 class=""popup-section-title"">Weekly Itinerary</h2>
<div>nan</div>","[{""title"": ""Top Things to Do in nan"", ""url"": ""https://example.com/top-things-nan""}, {""title"": ""nan Food & Nightlife Guide"", ""url"": ""https://example.com/food-nightlife-nan""}]","[{""img_url"": ""https://images.unsplash.com/flagged/photo-1496116591672-082593832acc?crop=entropy&cs=tinysrgb&fit=max&fm=jpg&ixid=M3w3NzE0NTB8MHwxfHNlYXJjaHwxfHxXYXQlMjBQaHVtaW4lMjBuYW4lMjBuYW58ZW58MHx8fHwxNzUxMzE3Njc0fDA&ixlib=rb-4.1.0&q=80&w=1080"", ""caption"": ""Wat Phumin: Famous temple with stunning murals depicting local life."", ""link_url"": ""https://www.google.com/search?q=Wat+Phumin+nan+nan"", ""link_label"": ""Learn More""}, {""img_url"": ""https://images.unsplash.com/photo-1733814512161-3451cc7307e6?crop=entropy&cs=tinysrgb&fit=max&fm=jpg&ixid=M3w3NzE0NTB8MHwxfHNlYXJjaHwxfHxOYW4lMjBSaXZlcnNpZGUlMjBBcnQlMjBHYWxsZXJ5JTIwbmFuJTIwbmFufGVufDB8fHx8MTc1MTMxNzY3NXww&ixlib=rb-4.1.0&q=80&w=1080"", ""caption"": ""Nan Riverside Art Gallery: Contemporary art gallery showcasing local and national artists."", ""link_url"": ""https://www.google.com/search?q=Nan+Riverside+Art+Gallery+nan+nan"", ""link_label"": ""Learn More""}, {""img_url"": ""https://images.unsplash.com/photo-1723459955425-c9f378a4d3e0?crop=entropy&cs=tinysrgb&fit=max&fm=jpg&ixid=M3w3NzE0NTB8MHwxfHNlYXJjaHwxfHxCbyUyMEtsdWVhJTIwbmFuJTIwbmFufGVufDB8fHx8MTc1MTMxNzY3NXww&ixlib=rb-4.1.0&q=80&w=1080"", ""caption"": ""Bo Kluea: Scenic village known for its natural salt production."", ""link_url"": ""https://www.google.com/search?q=Bo+Kluea+nan+nan"", ""link_label"": ""Learn More""}, {""img_url"": ""https://images.unsplash.com/photo-1739612549065-09afbd19563e?crop=entropy&cs=tinysrgb&fit=max&fm=jpg&ixid=M3w3NzE0NTB8MHwxfHNlYXJjaHwxfHxEb2klMjBQaHUlMjBLaGElMjBOYXRpb25hbCUyMFBhcmslMjBuYW4lMjBuYW58ZW58MHx8fHwxNzUxMzE3Njc2fDA&ixlib=rb-4.1.0&q=80&w=1080"", ""caption"": ""Doi Phu Kha National Park: Mountainous park with diverse flora and fauna."", ""link_url"": ""https://www.google.com/search?q=Doi+Phu+Kha+National+Park+nan+nan"", ""link_label"": ""Learn More""}]"
33.7353,75.1478,Islāmābād,India,"Nan, a charming city in northern Thailand, nestled along the banks of the Nan River. Despite its small size, Nan boasts a rich history dating back to the ancient Lanna Kingdom, evident in its well-preserved temples and traditional wooden houses. Surrounded by lush greenery and rolling hills, the city exudes a peaceful ambiance that enchants visitors seeking a tranquil escape.

City Character & Local Life
What truly sets Nan apart is its slow-paced way of life, where time seems to stand still amidst the tranquil surroundings. The locals here are warm and welcoming, eager to share their cultural heritage with visitors. Stroll through the vibrant morning markets, where the aroma of freshly brewed coffee and sizzling street food fills the air, immersing yourself in the daily rhythm of local life.

To experience the essence of Nan, embark on a leisurely bicycle ride through the countryside, passing by emerald rice fields and quaint villages where old traditions still thrive. Don't miss the opportunity to visit Wat Phumin, a unique temple renowned for its mesmerizing mural paintings depicting local tales and folklore in vivid detail. For a taste of authentic Nan cuisine, head to a local eatery and savor dishes bursting with flavors of aromatic herbs and spices.

When planning your visit to Nan, aim for the cool and dry season between November and February, ideal for exploring the city's outdoor attractions comfortably. Be mindful of local customs and traditions, such as dressing modestly when visiting temples out of respect. Embrace the unhurried pace of Nan, where every corner reveals a piece of its fascinating history and cultural tapestry.","Transportation in Nan is relatively easy, with a mix of public transit options and a walkable city center. Travelers can generally expect a well-connected public transport system, mainly consisting of buses and tuk-tuks. While navigating the streets can sometimes be a bit chaotic due to the city's narrow lanes and alleys, most attractions are within a reasonable distance from each other.

Getting to Nan usually involves arriving at Nan Nakhon Airport, located about 6 miles from the city center. Taxis are readily available and cost around $10–$15 for the journey downtown, taking approximately 15–20 minutes. For a more budget-friendly option, travelers can opt for shared minivans departing from the airport, which are cheaper but may take a bit longer.

Public transit in Nan includes buses and songthaews, offering decent coverage of the city and surrounding areas. Fares are affordable, usually ranging from $0.50 to $1 per trip. It's advisable to have cash ready for fare payment, as credit cards may not be widely accepted. Locals often use transport apps like Grab for convenience in booking rides.

Nan is a relatively compact city that is conducive to walking, especially in the historic district where most sights are clustered. Biking is also a popular way to explore, with bike rentals available for those wanting to venture further afield. Travelers should exercise caution when walking or cycling, as traffic can be busy, and sidewalks may be uneven in some areas.

Taxis in Nan are generally metered, and while some drivers may not speak English fluently, they are known for their friendliness and willingness to help. Ride-share services like Grab operate in Nan, providing a convenient and often cheaper alternative to taxis, especially for longer journeys or late-night travel. The availability of ride-shares may vary, so it's advisable to have multiple options handy.

Renting a car in Nan can be convenient for travelers planning day trips to nearby attractions like national parks or remote temples. Driving in the city can be a bit challenging due to traffic congestion during peak hours. Parking spaces are available throughout the city, with costs varying depending on location and duration. Consider renting a car only if you plan to explore areas beyond the city limits extensively.",,,"Nan is a culinary gem, offering a delightful blend of traditional flavors and modern culinary experiences. The city's food scene is vibrant and eclectic, with a strong emphasis on fresh ingredients and flavorful dishes that cater to every palate.

**La Vida Tapas Bar**
Step into La Vida Tapas Bar for a cozy evening filled with savory bites and hearty laughs. This bustling tapas bar exudes a warm, inviting atmosphere, perfect for sharing small plates with friends. Don't miss their signature patatas bravas paired with a refreshing glass of sangria. Prices are reasonable, making it a favorite spot for both locals and visitors alike.

**Izakaya Sakura**
Transport yourself to Tokyo at Izakaya Sakura, where the aroma of sizzling yakitori fills the air. This izakaya captures the essence of Japanese gastropubs, offering an array of skewered delights and authentic sake. The bustling yet intimate setting creates a lively dining experience. Prices are mid-range, and the grilled robata dishes are a must-try.

**Bistro du Soleil**
Unwind at Bistro du Soleil, a charming restaurant known for its French-inspired cuisine and elegant ambiance. Indulge in their decadent beef bourguignon, a dish that perfectly embodies comfort and sophistication. The restaurant's romantic setting, complete with soft candlelight, makes it ideal for a special evening. While prices are higher, the culinary journey is well worth the splurge.",,,,75.0,"<h2 class=""popup-section-title main-title"">Accommodations</h2>
<h2 class=""popup-section-title"">Hotels</h2>
<div>nan</div>
<h2 class=""popup-section-title"">Hostels</h2>
<div>nan</div>","<h2 class=""popup-section-title main-title"">Transportation</h2>
<h2 class=""popup-section-title"">Getting Around</h2>
<div>Transportation in Nan is relatively easy, with a mix of public transit options and a walkable city center. Travelers can generally expect a well-connected public transport system, mainly consisting of buses and tuk-tuks. While navigating the streets can sometimes be a bit chaotic due to the city's narrow lanes and alleys, most attractions are within a reasonable distance from each other.

Getting to Nan usually involves arriving at Nan Nakhon Airport, located about 6 miles from the city center. Taxis are readily available and cost around $10–$15 for the journey downtown, taking approximately 15–20 minutes. For a more budget-friendly option, travelers can opt for shared minivans departing from the airport, which are cheaper but may take a bit longer.

Public transit in Nan includes buses and songthaews, offering decent coverage of the city and surrounding areas. Fares are affordable, usually ranging from $0.50 to $1 per trip. It's advisable to have cash ready for fare payment, as credit cards may not be widely accepted. Locals often use transport apps like Grab for convenience in booking rides.

Nan is a relatively compact city that is conducive to walking, especially in the historic district where most sights are clustered. Biking is also a popular way to explore, with bike rentals available for those wanting to venture further afield. Travelers should exercise caution when walking or cycling, as traffic can be busy, and sidewalks may be uneven in some areas.

Taxis in Nan are generally metered, and while some drivers may not speak English fluently, they are known for their friendliness and willingness to help. Ride-share services like Grab operate in Nan, providing a convenient and often cheaper alternative to taxis, especially for longer journeys or late-night travel. The availability of ride-shares may vary, so it's advisable to have multiple options handy.

Renting a car in Nan can be convenient for travelers planning day trips to nearby attractions like national parks or remote temples. Driving in the city can be a bit challenging due to traffic congestion during peak hours. Parking spaces are available throughout the city, with costs varying depending on location and duration. Consider renting a car only if you plan to explore areas beyond the city limits extensively.</div>","<h2 class=""popup-section-title main-title"">Restaurants</h2>
<h2 class=""popup-section-title"">Recommended Restaurants</h2>
<div>Nan is a culinary gem, offering a delightful blend of traditional flavors and modern culinary experiences. The city's food scene is vibrant and eclectic, with a strong emphasis on fresh ingredients and flavorful dishes that cater to every palate.

**La Vida Tapas Bar**
Step into La Vida Tapas Bar for a cozy evening filled with savory bites and hearty laughs. This bustling tapas bar exudes a warm, inviting atmosphere, perfect for sharing small plates with friends. Don't miss their signature patatas bravas paired with a refreshing glass of sangria. Prices are reasonable, making it a favorite spot for both locals and visitors alike.

**Izakaya Sakura**
Transport yourself to Tokyo at Izakaya Sakura, where the aroma of sizzling yakitori fills the air. This izakaya captures the essence of Japanese gastropubs, offering an array of skewered delights and authentic sake. The bustling yet intimate setting creates a lively dining experience. Prices are mid-range, and the grilled robata dishes are a must-try.

**Bistro du Soleil**
Unwind at Bistro du Soleil, a charming restaurant known for its French-inspired cuisine and elegant ambiance. Indulge in their decadent beef bourguignon, a dish that perfectly embodies comfort and sophistication. The restaurant's romantic setting, complete with soft candlelight, makes it ideal for a special evening. While prices are higher, the culinary journey is well worth the splurge.</div>","<h2 class=""popup-section-title main-title"">Evenings</h2>
<h2 class=""popup-section-title"">Bars</h2>
<div>nan</div>
<h2 class=""popup-section-title"">Nightlife</h2>
<div>nan</div>
<h2 class=""popup-section-title"">Weekly Itinerary</h2>
<div>nan</div>","[{""title"": ""Top Things to Do in nan"", ""url"": ""https://example.com/top-things-nan""}, {""title"": ""nan Food & Nightlife Guide"", ""url"": ""https://example.com/food-nightlife-nan""}]","[{""img_url"": ""https://images.unsplash.com/flagged/photo-1496116591672-082593832acc?crop=entropy&cs=tinysrgb&fit=max&fm=jpg&ixid=M3w3NzE0NTB8MHwxfHNlYXJjaHwxfHxXYXQlMjBQaHVtaW4lMjBuYW4lMjBuYW58ZW58MHx8fHwxNzUxMzE3Njc0fDA&ixlib=rb-4.1.0&q=80&w=1080"", ""caption"": ""Wat Phumin: Historic temple with unique mural paintings depicting local life."", ""link_url"": ""https://www.google.com/search?q=Wat+Phumin+nan+nan"", ""link_label"": ""Learn More""}, {""img_url"": ""https://images.unsplash.com/photo-1723459955425-c9f378a4d3e0?crop=entropy&cs=tinysrgb&fit=max&fm=jpg&ixid=M3w3NzE0NTB8MHwxfHNlYXJjaHwxfHxCbyUyMEtsdWVhJTIwbmFuJTIwbmFufGVufDB8fHx8MTc1MTMxNzY3NXww&ixlib=rb-4.1.0&q=80&w=1080"", ""caption"": ""Bo Kluea: Scenic village known for traditional rock salt production."", ""link_url"": ""https://www.google.com/search?q=Bo+Kluea+nan+nan"", ""link_label"": ""Learn More""}, {""img_url"": ""https://images.unsplash.com/photo-1672069001612-5aa1f50de74b?crop=entropy&cs=tinysrgb&fit=max&fm=jpg&ixid=M3w3NzE0NTB8MHwxfHNlYXJjaHwxfHxXYXQlMjBQaHJhJTIwVGhhdCUyMENoYWUlMjBIYWVuZyUyMG5hbiUyMG5hbnxlbnwwfHx8fDE3NTEzMjE2NDl8MA&ixlib=rb-4.1.0&q=80&w=1080"", ""caption"": ""Wat Phra That Chae Haeng: Hilltop temple offering city views and golden stupa."", ""link_url"": ""https://www.google.com/search?q=Wat+Phra+That+Chae+Haeng+nan+nan"", ""link_label"": ""Learn More""}, {""img_url"": ""https://images.unsplash.com/photo-1733814512161-3451cc7307e6?crop=entropy&cs=tinysrgb&fit=max&fm=jpg&ixid=M3w3NzE0NTB8MHwxfHNlYXJjaHwxfHxOYW4lMjBSaXZlcnNpZGUlMjBBcnQlMjBHYWxsZXJ5JTIwbmFuJTIwbmFufGVufDB8fHx8MTc1MTMxNzY3NXww&ixlib=rb-4.1.0&q=80&w=1080"", ""caption"": ""Nan Riverside Art Gallery: Contemporary art space showcasing local and regional works."", ""link_url"": ""https://www.google.com/search?q=Nan+Riverside+Art+Gallery+nan+nan"", ""link_label"": ""Learn More""}]"
30.6672,51.5797,Yāsūj,Iran,"About Nan:
Nestled in northern Thailand, the charming city of Nan captivates visitors with its tranquil ambiance and rich cultural heritage. Surrounded by lush mountains and dotted with ancient temples, Nan offers a glimpse into the region's fascinating history and traditional way of life.

City Character & Local Life:
What sets Nan apart is its laid-back atmosphere and strong sense of community. Strolling through the city's narrow streets, you'll encounter friendly locals carrying on age-old customs and rituals. Travelers can immerse themselves in the unhurried pace of daily life, savoring the flavors of authentic Northern Thai cuisine and admiring the intricate architecture of temples like Wat Phumin, famed for its stunning murals.

To truly connect with Nan, consider exploring the surrounding countryside with a leisurely bicycle ride or embarking on a scenic hike through the rugged landscapes. Make time to visit the vibrant morning market, where the sights and smells of fresh produce and local handicrafts create a sensory feast. For a taste of local hospitality, strike up a conversation with residents at a traditional coffee shop, known as ""old town cafes.""

When planning your visit to Nan, aim for the cooler months between November and February to enjoy pleasant weather and clear skies. Keep in mind that Nan observes many traditional festivals, such as the Wat Phra That Chae Haeng Fair in February, offering a unique opportunity to witness age-old traditions and celebrations. Embrace the unhurried charm of this hidden gem in Thailand, where every corner reveals a piece of the city's captivating history and culture.","Transportation in nan can be relatively easy due to its compact size, but it's essential to be mindful of the local traffic and transportation quirks. The city offers a mix of public transit options, and walking or biking can be pleasant ways to explore its charming streets.

To get to nan, travelers typically arrive via the city's airport, which is conveniently located close to the downtown area. Taxis are readily available and cost-efficient for reaching your final destination swiftly. Alternatively, consider the bus service for a budget-friendly option.

nan's public transit system consists of buses and trams, offering decent coverage of the city. Fares are reasonable, and it's advisable to purchase tickets in advance to save time. Locals often use mobile apps for transit updates and ticket purchases, which can be handy for visitors as well.

As for walking and biking in nan, the city is quite pedestrian-friendly, with many attractions within walking distance. Biking is also a popular choice, with bike-share systems available for convenient rentals. Just remember to follow local traffic rules and stay alert for cyclists in the city center.

Taxis in nan are usually metered, and while some drivers may speak English, it's helpful to have your destination written down. Ride-share services like Uber operate in the city and can be a reliable and cost-effective alternative to traditional taxis, especially during peak hours or late at night.

Renting a car in nan might not be necessary for exploring the city itself, but it can be convenient for day trips to nearby attractions. Driving in the city can be a bit challenging due to narrow streets and traffic congestion, so it's best to familiarize yourself with local driving habits beforehand. Keep in mind that parking availability can be limited in some areas, so plan accordingly.",,,"Restaurants in Nan offer a delightful fusion of flavors where traditional recipes meet modern culinary techniques. The city's food scene is a celebration of fresh ingredients, bold spices, and warm hospitality that beckons travelers to indulge in its vibrant dining culture.

**La Vida Tapas Bar**: Step into La Vida Tapas Bar for a cozy evening of Spanish-inspired small plates and a wide selection of wines. The lively ambiance, paired with dishes like patatas bravas and chorizo al vino, creates a perfect setting for a casual night out. Prices are reasonable, making it a popular spot for locals and tourists alike seeking a taste of Spain in Nan.

**Sakura Izakaya**: For a taste of Japan in the heart of Nan, head to Sakura Izakaya known for its authentic Japanese izakaya experience. Savor dishes like yakitori skewers and crispy tempura, paired with sake or Japanese beer. The traditional decor and warm hospitality add to the charm, making it a must-visit spot for those craving Japanese flavors.

**Le Petit Bistro**: Embrace the charm of a classic French bistro at Le Petit Bistro, where you can enjoy signature dishes like steak frites and escargot in a cozy setting. The intimate ambiance, attentive service, and moderate prices make it an ideal place for a romantic dinner or a special celebration. Don't miss out on their selection of French wines to complement your meal.",,,,85.0,"<h2 class=""popup-section-title main-title"">Accommodations</h2>
<h2 class=""popup-section-title"">Hotels</h2>
<div>nan</div>
<h2 class=""popup-section-title"">Hostels</h2>
<div>nan</div>","<h2 class=""popup-section-title main-title"">Transportation</h2>
<h2 class=""popup-section-title"">Getting Around</h2>
<div>Transportation in nan can be relatively easy due to its compact size, but it's essential to be mindful of the local traffic and transportation quirks. The city offers a mix of public transit options, and walking or biking can be pleasant ways to explore its charming streets.

To get to nan, travelers typically arrive via the city's airport, which is conveniently located close to the downtown area. Taxis are readily available and cost-efficient for reaching your final destination swiftly. Alternatively, consider the bus service for a budget-friendly option.

nan's public transit system consists of buses and trams, offering decent coverage of the city. Fares are reasonable, and it's advisable to purchase tickets in advance to save time. Locals often use mobile apps for transit updates and ticket purchases, which can be handy for visitors as well.

As for walking and biking in nan, the city is quite pedestrian-friendly, with many attractions within walking distance. Biking is also a popular choice, with bike-share systems available for convenient rentals. Just remember to follow local traffic rules and stay alert for cyclists in the city center.

Taxis in nan are usually metered, and while some drivers may speak English, it's helpful to have your destination written down. Ride-share services like Uber operate in the city and can be a reliable and cost-effective alternative to traditional taxis, especially during peak hours or late at night.

Renting a car in nan might not be necessary for exploring the city itself, but it can be convenient for day trips to nearby attractions. Driving in the city can be a bit challenging due to narrow streets and traffic congestion, so it's best to familiarize yourself with local driving habits beforehand. Keep in mind that parking availability can be limited in some areas, so plan accordingly.</div>","<h2 class=""popup-section-title main-title"">Restaurants</h2>
<h2 class=""popup-section-title"">Recommended Restaurants</h2>
<div>Restaurants in Nan offer a delightful fusion of flavors where traditional recipes meet modern culinary techniques. The city's food scene is a celebration of fresh ingredients, bold spices, and warm hospitality that beckons travelers to indulge in its vibrant dining culture.

**La Vida Tapas Bar**: Step into La Vida Tapas Bar for a cozy evening of Spanish-inspired small plates and a wide selection of wines. The lively ambiance, paired with dishes like patatas bravas and chorizo al vino, creates a perfect setting for a casual night out. Prices are reasonable, making it a popular spot for locals and tourists alike seeking a taste of Spain in Nan.

**Sakura Izakaya**: For a taste of Japan in the heart of Nan, head to Sakura Izakaya known for its authentic Japanese izakaya experience. Savor dishes like yakitori skewers and crispy tempura, paired with sake or Japanese beer. The traditional decor and warm hospitality add to the charm, making it a must-visit spot for those craving Japanese flavors.

**Le Petit Bistro**: Embrace the charm of a classic French bistro at Le Petit Bistro, where you can enjoy signature dishes like steak frites and escargot in a cozy setting. The intimate ambiance, attentive service, and moderate prices make it an ideal place for a romantic dinner or a special celebration. Don't miss out on their selection of French wines to complement your meal.</div>","<h2 class=""popup-section-title main-title"">Evenings</h2>
<h2 class=""popup-section-title"">Bars</h2>
<div>nan</div>
<h2 class=""popup-section-title"">Nightlife</h2>
<div>nan</div>
<h2 class=""popup-section-title"">Weekly Itinerary</h2>
<div>nan</div>","[{""title"": ""Top Things to Do in nan"", ""url"": ""https://example.com/top-things-nan""}, {""title"": ""nan Food & Nightlife Guide"", ""url"": ""https://example.com/food-nightlife-nan""}]","[{""img_url"": ""https://images.unsplash.com/flagged/photo-1496116591672-082593832acc?crop=entropy&cs=tinysrgb&fit=max&fm=jpg&ixid=M3w3NzE0NTB8MHwxfHNlYXJjaHwxfHxXYXQlMjBQaHVtaW4lMjBuYW4lMjBuYW58ZW58MHx8fHwxNzUxMzE3Njc0fDA&ixlib=rb-4.1.0&q=80&w=1080"", ""caption"": ""Wat Phumin: Intricately decorated temple with famous murals."", ""link_url"": ""https://www.google.com/search?q=Wat+Phumin+nan+nan"", ""link_label"": ""Learn More""}, {""img_url"": ""https://images.unsplash.com/photo-1733814512161-3451cc7307e6?crop=entropy&cs=tinysrgb&fit=max&fm=jpg&ixid=M3w3NzE0NTB8MHwxfHNlYXJjaHwxfHxOYW4lMjBSaXZlcnNpZGUlMjBBcnQlMjBHYWxsZXJ5JTIwbmFuJTIwbmFufGVufDB8fHx8MTc1MTMxNzY3NXww&ixlib=rb-4.1.0&q=80&w=1080"", ""caption"": ""Nan Riverside Art Gallery: Showcases local artists' work along river."", ""link_url"": ""https://www.google.com/search?q=Nan+Riverside+Art+Gallery+nan+nan"", ""link_label"": ""Learn More""}, {""img_url"": ""https://images.unsplash.com/photo-1723459955425-c9f378a4d3e0?crop=entropy&cs=tinysrgb&fit=max&fm=jpg&ixid=M3w3NzE0NTB8MHwxfHNlYXJjaHwxfHxCbyUyMEtsdWVhJTIwbmFuJTIwbmFufGVufDB8fHx8MTc1MTMxNzY3NXww&ixlib=rb-4.1.0&q=80&w=1080"", ""caption"": ""Bo Kluea: Historic salt wells with scenic mountain views."", ""link_url"": ""https://www.google.com/search?q=Bo+Kluea+nan+nan"", ""link_label"": ""Learn More""}, {""img_url"": ""https://images.unsplash.com/photo-1739612549065-09afbd19563e?crop=entropy&cs=tinysrgb&fit=max&fm=jpg&ixid=M3w3NzE0NTB8MHwxfHNlYXJjaHwxfHxEb2klMjBQaHUlMjBLaGElMjBOYXRpb25hbCUyMFBhcmslMjBuYW4lMjBuYW58ZW58MHx8fHwxNzUxMzE3Njc2fDA&ixlib=rb-4.1.0&q=80&w=1080"", ""caption"": ""Doi Phu Kha National Park: Lush forests, waterfalls, and diverse wildlife."", ""link_url"": ""https://www.google.com/search?q=Doi+Phu+Kha+National+Park+nan+nan"", ""link_label"": ""Learn More""}]"
22.72,88.38,Khardah,India,"Nan, located in northern Thailand, is a charming city nestled in the lush countryside, known for its rich history and traditional Lanna culture. With its cobblestone streets, ancient temples, and warm hospitality, Nan offers a tranquil escape from the bustling cities of Thailand.

City Character & Local Life
Immersing yourself in Nan's local life reveals a community deeply rooted in its heritage. Take a leisurely stroll through the morning market, where vendors sell fresh produce and aromatic spices, connecting with the city's vibrant culinary scene. The locals, known for their friendliness, often greet visitors with warm smiles, making exploration feel welcoming and immersive.

To truly experience Nan, embark on a bicycle tour through the countryside, where emerald rice fields stretch to the horizon, creating a picturesque backdrop. Visit Wat Phumin, a stunning temple adorned with intricate murals depicting local life, transporting you back in time. Don't miss the chance to savor khao soi, a traditional Northern Thai dish, at a local eatery for a taste of authentic flavors.

When planning your visit to Nan, consider the cooler months from November to February for pleasant weather ideal for outdoor activities. Keep in mind that respectful attire is appreciated when visiting temples, showcasing the city's cultural traditions. By embracing the unhurried pace of Nan and engaging with its local customs, you'll uncover the true essence of this enchanting destination.","Transportation in nan can be both easy and challenging, depending on the mode of transport. The city offers a mix of public transportation options, but some areas may require a bit of walking or biking. Local transit is generally reliable, with some quirky and unique aspects that add to the city's charm.

Getting into nan usually involves arriving at the Nan Airport, located about 3 miles from the city center. Taxis or private shuttles are the most convenient ways to reach downtown, taking around 15-20 minutes and costing approximately $10-15. It's advisable to pre-book airport transfers to save time and hassle.

nan has a decent public transit system comprising buses and minibusses that cover most parts of the city. Fares are affordable, and tickets can be purchased onboard or at kiosks. The service tends to be reliable, with operating hours typically from early morning until late evening. Locals often use transport apps to check schedules and plan their journeys efficiently.

Nan is a relatively walkable city, with several pedestrian-friendly areas and designated bike lanes. Renting a bike is a great way to explore the city at a leisurely pace, although visitors should be cautious of traffic and adhere to local road rules. Bike-sharing services are available, making it easy to rent and return bicycles at various locations throughout nan.

Taxis in nan are generally metered, but it's recommended to confirm the fare with the driver before starting the journey. While some drivers may not speak English fluently, they are usually helpful and reliable. Ride-share services like Uber are also operational in the city, providing a convenient and often cheaper alternative to traditional taxis, especially during peak hours or late at night.

Renting a car in nan is unnecessary unless you plan to explore the surrounding areas or take day trips to nearby attractions. Driving in the city can be a bit challenging due to heavy traffic and narrow streets, so it's best to use public transportation or hire a driver for longer excursions. Parking availability varies, with street parking and paid lots scattered throughout the city center.",,,"Nan, a charming city known for its vibrant food scene, offers a delightful mix of culinary experiences that reflect its rich cultural heritage. From traditional street food to fine dining establishments, Nan captures the essence of Thai cuisine with a unique twist, making dining here an exciting exploration of flavors and textures.

Tapas Bars:

- **Nan Local Kitchen**: This cozy tapas bar exudes a laid-back ambiance with its rustic decor and warm lighting. Serving an array of small plates bursting with local flavors, from spicy larb gai to crispy pork skewers, accompanied by refreshing Singha beer. Prices are budget-friendly, making it a favorite among both locals and tourists seeking an authentic taste of Nan.

- **Oun Iu Restaurant**: Step into Oun Iu Restaurant for an intimate dining experience showcasing a fusion of traditional Nan delicacies with a modern twist. Indulge in dishes like crispy catfish salad and fragrant green curry, paired perfectly with their signature lemongrass-infused cocktails. The upscale yet inviting atmosphere and friendly staff elevate this culinary gem, offering a glimpse into Nan's gastronomic heritage.

Restaurants:

- **Cherntawan Restaurant**: Known for its panoramic views of the Nan River and historic temples, Cherntawan Restaurant is a must-visit for a memorable dining experience. Delight in signature dishes such as pad thai wrapped in egg net and succulent massaman curry, highlighting the region's local ingredients and bold flavors. Prices are mid-range, reflecting the quality and sophistication of the establishment.

- **Puangkram Restaurant**: Nestled in a traditional wooden house adorned with intricate carvings, Puangkram Restaurant exudes old-world charm and elegance. Indulge in their famous kaeng hang le curry and aromatic steamed fish with lemongrass, crafted with precision and care. The restaurant's serene ambiance and impeccable service offer a glimpse into Nan's rich culinary heritage, making it a top choice for those seeking an authentic dining experience.",,,,75.0,"<h2 class=""popup-section-title main-title"">Accommodations</h2>
<h2 class=""popup-section-title"">Hotels</h2>
<div>nan</div>
<h2 class=""popup-section-title"">Hostels</h2>
<div>nan</div>","<h2 class=""popup-section-title main-title"">Transportation</h2>
<h2 class=""popup-section-title"">Getting Around</h2>
<div>Transportation in nan can be both easy and challenging, depending on the mode of transport. The city offers a mix of public transportation options, but some areas may require a bit of walking or biking. Local transit is generally reliable, with some quirky and unique aspects that add to the city's charm.

Getting into nan usually involves arriving at the Nan Airport, located about 3 miles from the city center. Taxis or private shuttles are the most convenient ways to reach downtown, taking around 15-20 minutes and costing approximately $10-15. It's advisable to pre-book airport transfers to save time and hassle.

nan has a decent public transit system comprising buses and minibusses that cover most parts of the city. Fares are affordable, and tickets can be purchased onboard or at kiosks. The service tends to be reliable, with operating hours typically from early morning until late evening. Locals often use transport apps to check schedules and plan their journeys efficiently.

Nan is a relatively walkable city, with several pedestrian-friendly areas and designated bike lanes. Renting a bike is a great way to explore the city at a leisurely pace, although visitors should be cautious of traffic and adhere to local road rules. Bike-sharing services are available, making it easy to rent and return bicycles at various locations throughout nan.

Taxis in nan are generally metered, but it's recommended to confirm the fare with the driver before starting the journey. While some drivers may not speak English fluently, they are usually helpful and reliable. Ride-share services like Uber are also operational in the city, providing a convenient and often cheaper alternative to traditional taxis, especially during peak hours or late at night.

Renting a car in nan is unnecessary unless you plan to explore the surrounding areas or take day trips to nearby attractions. Driving in the city can be a bit challenging due to heavy traffic and narrow streets, so it's best to use public transportation or hire a driver for longer excursions. Parking availability varies, with street parking and paid lots scattered throughout the city center.</div>","<h2 class=""popup-section-title main-title"">Restaurants</h2>
<h2 class=""popup-section-title"">Recommended Restaurants</h2>
<div>Nan, a charming city known for its vibrant food scene, offers a delightful mix of culinary experiences that reflect its rich cultural heritage. From traditional street food to fine dining establishments, Nan captures the essence of Thai cuisine with a unique twist, making dining here an exciting exploration of flavors and textures.

Tapas Bars:

- **Nan Local Kitchen**: This cozy tapas bar exudes a laid-back ambiance with its rustic decor and warm lighting. Serving an array of small plates bursting with local flavors, from spicy larb gai to crispy pork skewers, accompanied by refreshing Singha beer. Prices are budget-friendly, making it a favorite among both locals and tourists seeking an authentic taste of Nan.

- **Oun Iu Restaurant**: Step into Oun Iu Restaurant for an intimate dining experience showcasing a fusion of traditional Nan delicacies with a modern twist. Indulge in dishes like crispy catfish salad and fragrant green curry, paired perfectly with their signature lemongrass-infused cocktails. The upscale yet inviting atmosphere and friendly staff elevate this culinary gem, offering a glimpse into Nan's gastronomic heritage.

Restaurants:

- **Cherntawan Restaurant**: Known for its panoramic views of the Nan River and historic temples, Cherntawan Restaurant is a must-visit for a memorable dining experience. Delight in signature dishes such as pad thai wrapped in egg net and succulent massaman curry, highlighting the region's local ingredients and bold flavors. Prices are mid-range, reflecting the quality and sophistication of the establishment.

- **Puangkram Restaurant**: Nestled in a traditional wooden house adorned with intricate carvings, Puangkram Restaurant exudes old-world charm and elegance. Indulge in their famous kaeng hang le curry and aromatic steamed fish with lemongrass, crafted with precision and care. The restaurant's serene ambiance and impeccable service offer a glimpse into Nan's rich culinary heritage, making it a top choice for those seeking an authentic dining experience.</div>","<h2 class=""popup-section-title main-title"">Evenings</h2>
<h2 class=""popup-section-title"">Bars</h2>
<div>nan</div>
<h2 class=""popup-section-title"">Nightlife</h2>
<div>nan</div>
<h2 class=""popup-section-title"">Weekly Itinerary</h2>
<div>nan</div>","[{""title"": ""Top Things to Do in nan"", ""url"": ""https://example.com/top-things-nan""}, {""title"": ""nan Food & Nightlife Guide"", ""url"": ""https://example.com/food-nightlife-nan""}]","[{""img_url"": ""https://images.unsplash.com/flagged/photo-1496116591672-082593832acc?crop=entropy&cs=tinysrgb&fit=max&fm=jpg&ixid=M3w3NzE0NTB8MHwxfHNlYXJjaHwxfHxXYXQlMjBQaHVtaW4lMjBuYW4lMjBuYW58ZW58MHx8fHwxNzUxMzE3Njc0fDA&ixlib=rb-4.1.0&q=80&w=1080"", ""caption"": ""Wat Phumin: Historic temple known for its unique mural paintings."", ""link_url"": ""https://www.google.com/search?q=Wat+Phumin+nan+nan"", ""link_label"": ""Learn More""}, {""img_url"": ""https://images.unsplash.com/photo-1733814512161-3451cc7307e6?crop=entropy&cs=tinysrgb&fit=max&fm=jpg&ixid=M3w3NzE0NTB8MHwxfHNlYXJjaHwxfHxOYW4lMjBSaXZlcnNpZGUlMjBBcnQlMjBHYWxsZXJ5JTIwbmFuJTIwbmFufGVufDB8fHx8MTc1MTMxNzY3NXww&ixlib=rb-4.1.0&q=80&w=1080"", ""caption"": ""Nan Riverside Art Gallery: Showcases contemporary Thai art along the Nan River."", ""link_url"": ""https://www.google.com/search?q=Nan+Riverside+Art+Gallery+nan+nan"", ""link_label"": ""Learn More""}, {""img_url"": ""https://images.unsplash.com/photo-1739612549065-09afbd19563e?crop=entropy&cs=tinysrgb&fit=max&fm=jpg&ixid=M3w3NzE0NTB8MHwxfHNlYXJjaHwxfHxEb2klMjBQaHUlMjBLaGElMjBOYXRpb25hbCUyMFBhcmslMjBuYW4lMjBuYW58ZW58MHx8fHwxNzUxMzE3Njc2fDA&ixlib=rb-4.1.0&q=80&w=1080"", ""caption"": ""Doi Phu Kha National Park: Offers hiking trails and scenic mountain views."", ""link_url"": ""https://www.google.com/search?q=Doi+Phu+Kha+National+Park+nan+nan"", ""link_label"": ""Learn More""}, {""img_url"": ""https://images.unsplash.com/photo-1725335739089-21b454c097a6?crop=entropy&cs=tinysrgb&fit=max&fm=jpg&ixid=M3w3NzE0NTB8MHwxfHNlYXJjaHwxfHxOYW4lMjBOYXRpb25hbCUyME11c2V1bSUyMG5hbiUyMG5hbnxlbnwwfHx8fDE3NTEzMTc3MjZ8MA&ixlib=rb-4.1.0&q=80&w=1080"", ""caption"": ""Nan National Museum: Features exhibits on local history and culture."", ""link_url"": ""https://www.google.com/search?q=Nan+National+Museum+nan+nan"", ""link_label"": ""Learn More""}]"
9.97,122.62,Cawayan,Philippines,"Nan, a charming city nestled in northern Thailand, invites you to explore its rich cultural tapestry and scenic beauty. Surrounded by lush greenery and the Nan River, this tranquil city exudes a sense of serenity and historic charm. Its well-preserved temples, such as Wat Phumin with its unique murals, offer a glimpse into Nan's intriguing past.

When strolling through Nan's streets, you'll notice the locals' warm hospitality and laid-back way of life. Embrace the unhurried rhythm of the city as you sip on a cup of locally brewed coffee at a quaint café or browse through the vibrant markets. Engage with the friendly residents, who are eager to share stories about their heritage and traditions.

For a truly immersive experience, head to Tha Wang Pha, a small town just outside Nan, famous for its colorful morning market where vendors sell fresh produce and local delicacies. Taste the flavors of Northern Thai cuisine as you sample dishes like khao soi and sai oua sausage. Be sure to visit the Nan Riverside Art Gallery to admire works by local artists that capture the region's beauty.

To make the most of your visit to Nan, consider traveling during the cooler months between November and February when the weather is pleasant. Respect the local customs by dressing modestly when visiting temples and interacting with locals. Immerse yourself in the city's vibrant festivals, such as the Nan Boat Racing Festival in October, to witness age-old traditions come to life.","Transportation
Getting around nan is relatively easy, with a mix of public transportation options and walkable areas. Visitors can expect reliable public transit services, but might encounter some quirks like crowded buses during peak hours.

Getting In
Travelers usually arrive in nan via the airport, which is about a 20-minute drive from the city center. Taxis are readily available, and while they are convenient, they can be a bit pricey. A more budget-friendly option is the airport shuttle, which provides a cheaper and equally convenient way to reach downtown.

Public Transit
nan boasts a well-connected public transit system comprising metros, trams, and buses. The coverage is quite extensive, making it easy to navigate the city without a car. Public transportation operates from early morning until late at night, and it's advisable to purchase tickets in advance to avoid queues at stations. Locals often use apps to track schedules and routes, so it's worth downloading one for convenience.

Walking & Biking
nan is a pedestrian-friendly city with well-maintained sidewalks and pedestrian crossings. Biking is also a popular mode of transportation, with designated bike lanes in many areas. Safety is generally not a concern for walkers or cyclists, and there are bike-share programs available for those looking to explore the city on two wheels.

Taxis & Ride-shares
Taxis in nan are mostly metered, and while some drivers may not speak English fluently, they are generally helpful and reliable. The reputation for honesty is quite high, but it's always wise to confirm the fare before starting your journey. Ride-share services like Uber and Bolt are also prevalent in the city, offering a convenient and often cheaper alternative to traditional taxis.

Driving & Parking
Renting a car in nan is not a necessity unless you plan on taking day trips to nearby attractions. Traffic in the city can be congested during peak hours, so driving may not always be the most efficient option. Parking can be challenging to find in busy areas, and costs vary depending on location. It's best to use public transportation or other modes of getting around within the city.",,,"Nan boasts a vibrant culinary scene that showcases a fusion of flavors and traditions. From bustling market stalls to elegant dining establishments, the city's food landscape is a delightful mix of authenticity and innovation. Exploring Nan's eateries offers not just a meal but a journey through local history and gastronomic creativity.

**Tapas Bar Uno**
Step into Tapas Bar Uno for a cozy and laid-back dining experience. This charming spot serves up a delectable array of small plates bursting with local flavors. Try their signature dish, the crispy pork belly bites, paired perfectly with a glass of fruity Sangria. The prices are reasonable, making it an ideal place to unwind and sample various Spanish-inspired delights.

**Izakaya Hana**
Izakaya Hana offers a taste of Japanese izakaya culture in the heart of Nan. With its warm and inviting atmosphere, this cozy spot is perfect for sharing plates of yakitori skewers and sipping on traditional sake. The menu features fresh sushi and sashimi, highlighting the city's connection to the sea. Prices are moderate, making it a popular choice among locals and visitors alike.

**Bistro de Paris**
Indulge in a culinary journey to France at Bistro de Paris, where classic French dishes are elevated with a modern touch. This elegant restaurant exudes sophistication with its intimate ambiance and impeccable service. Don't miss their decadent beef bourguignon, paired with a glass of fine Bordeaux. While prices are on the higher end, the experience is well worth it for a special evening out.

**Riverside Grill**
For a taste of local cuisine with a stunning view, head to Riverside Grill overlooking the river. This charming restaurant serves up traditional Nan dishes like Khao Soi and Gaeng Hang Lay in a relaxed and picturesque setting. Prices are affordable, allowing diners to savor authentic flavors while soaking in the city's tranquil riverside atmosphere.",,,,75.0,"<h2 class=""popup-section-title main-title"">Accommodations</h2>
<h2 class=""popup-section-title"">Hotels</h2>
<div>nan</div>
<h2 class=""popup-section-title"">Hostels</h2>
<div>nan</div>","<h2 class=""popup-section-title main-title"">Transportation</h2>
<h2 class=""popup-section-title"">Getting Around</h2>
<div>Transportation
Getting around nan is relatively easy, with a mix of public transportation options and walkable areas. Visitors can expect reliable public transit services, but might encounter some quirks like crowded buses during peak hours.

Getting In
Travelers usually arrive in nan via the airport, which is about a 20-minute drive from the city center. Taxis are readily available, and while they are convenient, they can be a bit pricey. A more budget-friendly option is the airport shuttle, which provides a cheaper and equally convenient way to reach downtown.

Public Transit
nan boasts a well-connected public transit system comprising metros, trams, and buses. The coverage is quite extensive, making it easy to navigate the city without a car. Public transportation operates from early morning until late at night, and it's advisable to purchase tickets in advance to avoid queues at stations. Locals often use apps to track schedules and routes, so it's worth downloading one for convenience.

Walking & Biking
nan is a pedestrian-friendly city with well-maintained sidewalks and pedestrian crossings. Biking is also a popular mode of transportation, with designated bike lanes in many areas. Safety is generally not a concern for walkers or cyclists, and there are bike-share programs available for those looking to explore the city on two wheels.

Taxis & Ride-shares
Taxis in nan are mostly metered, and while some drivers may not speak English fluently, they are generally helpful and reliable. The reputation for honesty is quite high, but it's always wise to confirm the fare before starting your journey. Ride-share services like Uber and Bolt are also prevalent in the city, offering a convenient and often cheaper alternative to traditional taxis.

Driving & Parking
Renting a car in nan is not a necessity unless you plan on taking day trips to nearby attractions. Traffic in the city can be congested during peak hours, so driving may not always be the most efficient option. Parking can be challenging to find in busy areas, and costs vary depending on location. It's best to use public transportation or other modes of getting around within the city.</div>","<h2 class=""popup-section-title main-title"">Restaurants</h2>
<h2 class=""popup-section-title"">Recommended Restaurants</h2>
<div>Nan boasts a vibrant culinary scene that showcases a fusion of flavors and traditions. From bustling market stalls to elegant dining establishments, the city's food landscape is a delightful mix of authenticity and innovation. Exploring Nan's eateries offers not just a meal but a journey through local history and gastronomic creativity.

**Tapas Bar Uno**
Step into Tapas Bar Uno for a cozy and laid-back dining experience. This charming spot serves up a delectable array of small plates bursting with local flavors. Try their signature dish, the crispy pork belly bites, paired perfectly with a glass of fruity Sangria. The prices are reasonable, making it an ideal place to unwind and sample various Spanish-inspired delights.

**Izakaya Hana**
Izakaya Hana offers a taste of Japanese izakaya culture in the heart of Nan. With its warm and inviting atmosphere, this cozy spot is perfect for sharing plates of yakitori skewers and sipping on traditional sake. The menu features fresh sushi and sashimi, highlighting the city's connection to the sea. Prices are moderate, making it a popular choice among locals and visitors alike.

**Bistro de Paris**
Indulge in a culinary journey to France at Bistro de Paris, where classic French dishes are elevated with a modern touch. This elegant restaurant exudes sophistication with its intimate ambiance and impeccable service. Don't miss their decadent beef bourguignon, paired with a glass of fine Bordeaux. While prices are on the higher end, the experience is well worth it for a special evening out.

**Riverside Grill**
For a taste of local cuisine with a stunning view, head to Riverside Grill overlooking the river. This charming restaurant serves up traditional Nan dishes like Khao Soi and Gaeng Hang Lay in a relaxed and picturesque setting. Prices are affordable, allowing diners to savor authentic flavors while soaking in the city's tranquil riverside atmosphere.</div>","<h2 class=""popup-section-title main-title"">Evenings</h2>
<h2 class=""popup-section-title"">Bars</h2>
<div>nan</div>
<h2 class=""popup-section-title"">Nightlife</h2>
<div>nan</div>
<h2 class=""popup-section-title"">Weekly Itinerary</h2>
<div>nan</div>","[{""title"": ""Top Things to Do in nan"", ""url"": ""https://example.com/top-things-nan""}, {""title"": ""nan Food & Nightlife Guide"", ""url"": ""https://example.com/food-nightlife-nan""}]","[{""img_url"": ""https://images.unsplash.com/flagged/photo-1496116591672-082593832acc?crop=entropy&cs=tinysrgb&fit=max&fm=jpg&ixid=M3w3NzE0NTB8MHwxfHNlYXJjaHwxfHxXYXQlMjBQaHVtaW4lMjBuYW4lMjBuYW58ZW58MHx8fHwxNzUxMzE3Njc0fDA&ixlib=rb-4.1.0&q=80&w=1080"", ""caption"": ""Wat Phumin: Famous temple with unique murals and teakwood carvings."", ""link_url"": ""https://www.google.com/search?q=Wat+Phumin+nan+nan"", ""link_label"": ""Learn More""}, {""img_url"": ""https://images.unsplash.com/photo-1733814512161-3451cc7307e6?crop=entropy&cs=tinysrgb&fit=max&fm=jpg&ixid=M3w3NzE0NTB8MHwxfHNlYXJjaHwxfHxOYW4lMjBSaXZlcnNpZGUlMjBBcnQlMjBHYWxsZXJ5JTIwbmFuJTIwbmFufGVufDB8fHx8MTc1MTMxNzY3NXww&ixlib=rb-4.1.0&q=80&w=1080"", ""caption"": ""Nan Riverside Art Gallery: Contemporary art space showcasing local and Thai artists."", ""link_url"": ""https://www.google.com/search?q=Nan+Riverside+Art+Gallery+nan+nan"", ""link_label"": ""Learn More""}, {""img_url"": ""https://images.unsplash.com/photo-1723459955425-c9f378a4d3e0?crop=entropy&cs=tinysrgb&fit=max&fm=jpg&ixid=M3w3NzE0NTB8MHwxfHNlYXJjaHwxfHxCbyUyMEtsdWVhJTIwbmFuJTIwbmFufGVufDB8fHx8MTc1MTMxNzY3NXww&ixlib=rb-4.1.0&q=80&w=1080"", ""caption"": ""Bo Kluea: Scenic village known for its ancient salt wells and hot springs."", ""link_url"": ""https://www.google.com/search?q=Bo+Kluea+nan+nan"", ""link_label"": ""Learn More""}, {""img_url"": ""https://images.unsplash.com/photo-1739612549065-09afbd19563e?crop=entropy&cs=tinysrgb&fit=max&fm=jpg&ixid=M3w3NzE0NTB8MHwxfHNlYXJjaHwxfHxEb2klMjBQaHUlMjBLaGElMjBOYXRpb25hbCUyMFBhcmslMjBuYW4lMjBuYW58ZW58MHx8fHwxNzUxMzE3Njc2fDA&ixlib=rb-4.1.0&q=80&w=1080"", ""caption"": ""Doi Phu Kha National Park: Lush park with waterfalls, caves, and scenic viewpoints."", ""link_url"": ""https://www.google.com/search?q=Doi+Phu+Kha+National+Park+nan+nan"", ""link_label"": ""Learn More""}]"
44.8197,-91.4948,Eau Claire,United States,"Nan, a charming city located in northern Thailand, captivates visitors with its rich history and serene surroundings. Nestled in a valley surrounded by lush mountains, Nan is known for its well-preserved temples, traditional wooden houses, and a slower pace of life that transports you to a bygone era.

Immerse yourself in Nan's unique character by exploring its bustling morning markets, where vendors sell a colorful array of fresh produce and handicrafts. The locals, known for their warm hospitality, welcome travelers with a genuine smile and are always eager to share stories about their cultural heritage. Don't miss the opportunity to savor a traditional northern Thai meal at a local eatery, where the flavors of lemongrass, galangal, and chili meld together in a symphony of taste.

For a truly immersive experience, venture out to the surrounding countryside and take a leisurely bicycle ride along the winding roads that lead to hidden temples and scenic viewpoints. The best time to visit Nan is during the cooler months from November to February when the weather is pleasant, and the rice fields are a vibrant green hue. Keep in mind that respecting local customs, such as removing your shoes before entering temples, shows reverence and appreciation for the city's cultural heritage.","Transportation in Nan is relatively straightforward, with a variety of options available to visitors. Navigating the city is generally easy, but be prepared for a more relaxed pace compared to larger urban centers. Local transit may have its quirks, but the charm of the city makes the journey part of the experience.

Getting into Nan usually involves arriving at Nan Nakhon Airport, conveniently located about 6 kilometers from the city center. Taxis are readily available outside the airport and offer a quick and affordable ride into town. For those on a budget, shared minivans are a popular option, providing a cost-effective way to reach your accommodation.

When it comes to public transit, Nan offers a modest network of songthaews (shared taxis) and tuk-tuks, which can take you to popular attractions within the city. While coverage is limited compared to larger cities, these options are reliable and budget-friendly. Fares are usually fixed but always double-check before hopping on board. Locals often use cash for payments, so it's a good idea to have small bills handy.

Exploring Nan on foot or by bike is a delightful way to soak in the local atmosphere. The city is compact and pedestrian-friendly, making walking an excellent choice for short distances. Renting a bicycle is also a great option for exploring at your own pace. Be cautious of traffic, especially in busier areas, and remember to lock your bike securely when not in use.

Taxis in Nan are usually metered, though it's advisable to confirm this before starting your journey. While some drivers may not speak English fluently, they are generally helpful and accommodating. Ride-share services like Grab are available in the city and can be a convenient alternative to traditional taxis, especially during peak hours or if you prefer cashless transactions. These services are typically reliable and may offer competitive fares for certain routes.",,,"Nan's food scene is a delightful mix of traditional flavors and modern dining experiences. Known for its bustling markets and vibrant street food stalls, the city offers a rich tapestry of culinary delights that cater to every palate. Whether you're craving spicy street food or gourmet dining, Nan has it all.

**Tapas Barra**  
At Tapas Barra, immerse yourself in a cozy atmosphere with dim lighting and upbeat Spanish music. Indulge in a variety of small plates bursting with flavors, from crispy calamari to tender chorizo. Pair your tapas with a glass of sangria for the ultimate experience. Prices are reasonable, making it a popular spot among locals and tourists alike.

**Lantern Izakaya**  
Lantern Izakaya is a casual Japanese gastropub where you can savor authentic izakaya dishes in a laid-back setting. Try their mouthwatering yakitori skewers and crispy tempura while enjoying a selection of sake or Japanese craft beers. The warm wooden décor and friendly staff create a welcoming ambiance that will transport you to the streets of Tokyo.

**Bistro du Soleil**  
Bistro du Soleil is a charming French bistro nestled in the heart of Nan. Treat yourself to classic French dishes like beef bourguignon and coq au vin cooked to perfection. The cozy interior with rustic wooden furniture exudes a warm and inviting atmosphere. While prices are slightly higher, the quality of the cuisine and the intimate setting make it a top choice for a special dining experience.

**The Spice Market**  
The Spice Market offers an explosion of Thai flavors in a chic and modern setting. Sample their signature massaman curry or pad Thai, bursting with aromatic herbs and spices. The lively ambiance and colorful décor reflect the vibrant local culture. Prices are mid-range, making it a popular spot for those looking to experience the bold flavors of Thailand.

Whether you're in the mood for tapas, French cuisine, or Thai delicacies, Nan's diverse culinary scene is sure to leave you satisfied and craving for more. Bon appétit!",,,,75.0,"<h2 class=""popup-section-title main-title"">Accommodations</h2>
<h2 class=""popup-section-title"">Hotels</h2>
<div>nan</div>
<h2 class=""popup-section-title"">Hostels</h2>
<div>nan</div>","<h2 class=""popup-section-title main-title"">Transportation</h2>
<h2 class=""popup-section-title"">Getting Around</h2>
<div>Transportation in Nan is relatively straightforward, with a variety of options available to visitors. Navigating the city is generally easy, but be prepared for a more relaxed pace compared to larger urban centers. Local transit may have its quirks, but the charm of the city makes the journey part of the experience.

Getting into Nan usually involves arriving at Nan Nakhon Airport, conveniently located about 6 kilometers from the city center. Taxis are readily available outside the airport and offer a quick and affordable ride into town. For those on a budget, shared minivans are a popular option, providing a cost-effective way to reach your accommodation.

When it comes to public transit, Nan offers a modest network of songthaews (shared taxis) and tuk-tuks, which can take you to popular attractions within the city. While coverage is limited compared to larger cities, these options are reliable and budget-friendly. Fares are usually fixed but always double-check before hopping on board. Locals often use cash for payments, so it's a good idea to have small bills handy.

Exploring Nan on foot or by bike is a delightful way to soak in the local atmosphere. The city is compact and pedestrian-friendly, making walking an excellent choice for short distances. Renting a bicycle is also a great option for exploring at your own pace. Be cautious of traffic, especially in busier areas, and remember to lock your bike securely when not in use.

Taxis in Nan are usually metered, though it's advisable to confirm this before starting your journey. While some drivers may not speak English fluently, they are generally helpful and accommodating. Ride-share services like Grab are available in the city and can be a convenient alternative to traditional taxis, especially during peak hours or if you prefer cashless transactions. These services are typically reliable and may offer competitive fares for certain routes.</div>","<h2 class=""popup-section-title main-title"">Restaurants</h2>
<h2 class=""popup-section-title"">Recommended Restaurants</h2>
<div>Nan's food scene is a delightful mix of traditional flavors and modern dining experiences. Known for its bustling markets and vibrant street food stalls, the city offers a rich tapestry of culinary delights that cater to every palate. Whether you're craving spicy street food or gourmet dining, Nan has it all.

**Tapas Barra**  
At Tapas Barra, immerse yourself in a cozy atmosphere with dim lighting and upbeat Spanish music. Indulge in a variety of small plates bursting with flavors, from crispy calamari to tender chorizo. Pair your tapas with a glass of sangria for the ultimate experience. Prices are reasonable, making it a popular spot among locals and tourists alike.

**Lantern Izakaya**  
Lantern Izakaya is a casual Japanese gastropub where you can savor authentic izakaya dishes in a laid-back setting. Try their mouthwatering yakitori skewers and crispy tempura while enjoying a selection of sake or Japanese craft beers. The warm wooden décor and friendly staff create a welcoming ambiance that will transport you to the streets of Tokyo.

**Bistro du Soleil**  
Bistro du Soleil is a charming French bistro nestled in the heart of Nan. Treat yourself to classic French dishes like beef bourguignon and coq au vin cooked to perfection. The cozy interior with rustic wooden furniture exudes a warm and inviting atmosphere. While prices are slightly higher, the quality of the cuisine and the intimate setting make it a top choice for a special dining experience.

**The Spice Market**  
The Spice Market offers an explosion of Thai flavors in a chic and modern setting. Sample their signature massaman curry or pad Thai, bursting with aromatic herbs and spices. The lively ambiance and colorful décor reflect the vibrant local culture. Prices are mid-range, making it a popular spot for those looking to experience the bold flavors of Thailand.

Whether you're in the mood for tapas, French cuisine, or Thai delicacies, Nan's diverse culinary scene is sure to leave you satisfied and craving for more. Bon appétit!</div>","<h2 class=""popup-section-title main-title"">Evenings</h2>
<h2 class=""popup-section-title"">Bars</h2>
<div>nan</div>
<h2 class=""popup-section-title"">Nightlife</h2>
<div>nan</div>
<h2 class=""popup-section-title"">Weekly Itinerary</h2>
<div>nan</div>","[{""title"": ""Top Things to Do in nan"", ""url"": ""https://example.com/top-things-nan""}, {""title"": ""nan Food & Nightlife Guide"", ""url"": ""https://example.com/food-nightlife-nan""}]","[{""img_url"": ""https://images.unsplash.com/flagged/photo-1496116591672-082593832acc?crop=entropy&cs=tinysrgb&fit=max&fm=jpg&ixid=M3w3NzE0NTB8MHwxfHNlYXJjaHwxfHxXYXQlMjBQaHVtaW4lMjBuYW4lMjBuYW58ZW58MHx8fHwxNzUxMzE3Njc0fDA&ixlib=rb-4.1.0&q=80&w=1080"", ""caption"": ""Wat Phumin: Ancient temple known for its unique murals and architecture."", ""link_url"": ""https://www.google.com/search?q=Wat+Phumin+nan+nan"", ""link_label"": ""Learn More""}, {""img_url"": ""https://images.unsplash.com/photo-1733814512161-3451cc7307e6?crop=entropy&cs=tinysrgb&fit=max&fm=jpg&ixid=M3w3NzE0NTB8MHwxfHNlYXJjaHwxfHxOYW4lMjBSaXZlcnNpZGUlMjBBcnQlMjBHYWxsZXJ5JTIwbmFuJTIwbmFufGVufDB8fHx8MTc1MTMxNzY3NXww&ixlib=rb-4.1.0&q=80&w=1080"", ""caption"": ""Nan Riverside Art Gallery: Contemporary art gallery showcasing local and regional talent."", ""link_url"": ""https://www.google.com/search?q=Nan+Riverside+Art+Gallery+nan+nan"", ""link_label"": ""Learn More""}, {""img_url"": ""https://images.unsplash.com/photo-1723459955425-c9f378a4d3e0?crop=entropy&cs=tinysrgb&fit=max&fm=jpg&ixid=M3w3NzE0NTB8MHwxfHNlYXJjaHwxfHxCbyUyMEtsdWVhJTIwbmFuJTIwbmFufGVufDB8fHx8MTc1MTMxNzY3NXww&ixlib=rb-4.1.0&q=80&w=1080"", ""caption"": ""Bo Kluea: Mountain village famous for its rock salt production."", ""link_url"": ""https://www.google.com/search?q=Bo+Kluea+nan+nan"", ""link_label"": ""Learn More""}, {""img_url"": ""https://images.unsplash.com/photo-1739612549065-09afbd19563e?crop=entropy&cs=tinysrgb&fit=max&fm=jpg&ixid=M3w3NzE0NTB8MHwxfHNlYXJjaHwxfHxEb2klMjBQaHUlMjBLaGElMjBOYXRpb25hbCUyMFBhcmslMjBuYW4lMjBuYW58ZW58MHx8fHwxNzUxMzE3Njc2fDA&ixlib=rb-4.1.0&q=80&w=1080"", ""caption"": ""Doi Phu Kha National Park: Scenic park with waterfalls, caves, and mountain trails."", ""link_url"": ""https://www.google.com/search?q=Doi+Phu+Kha+National+Park+nan+nan"", ""link_label"": ""Learn More""}]"
14.49,-4.18,Mopti,Mali,"Nan, a charming city nestled in northern Thailand, is a hidden gem waiting to be discovered. Known for its tranquil ambiance and rich cultural heritage, Nan captivates visitors with its lush mountainous landscapes and well-preserved temples that offer a glimpse into the region's fascinating history.

The city's character is a blend of old-world charm and laid-back simplicity. Locals take pride in their traditional Lanna culture, evident in their warm hospitality and dedication to preserving age-old customs. Travelers can immerse themselves in the city's unhurried pace, exploring narrow alleyways lined with wooden houses and vibrant markets bustling with activity. Despite the language barrier, locals welcome visitors with smiles, making it easy to navigate the city and engage with its friendly inhabitants.

To truly experience Nan, start your day with a visit to Wat Phumin, a stunning temple adorned with intricate murals depicting local life. Indulge in authentic Northern Thai cuisine at the local eateries, savoring dishes bursting with aromatic herbs and spices. Don't miss the opportunity to wander through Nan Night Market, where the scent of grilled meats and the sound of bustling crowds create a feast for the senses.

For the best weather and fewer crowds, plan your visit to Nan between November and February when the cool, dry season prevails. Be mindful of local customs, such as removing your shoes before entering temples and dressing modestly to show respect. Embrace the city's unhurried rhythm, allowing yourself to absorb the tranquil beauty and cultural richness that define this enchanting destination.","Transportation in nan can be a mix of convenience and adventure. Navigating the city is relatively straightforward, with a good public transportation system to rely on. However, be prepared for some quirks in the local transit schedules and routes, so it's always a good idea to plan your journeys in advance.

Getting into nan is typically done through Nan Nakhon Airport, located about 6 miles from the city center. Taxis are readily available outside the airport, and the ride to downtown nan usually takes around 15-20 minutes, costing approximately 200-300 Baht. For a more budget-friendly option, consider using a shared minivan or pre-arranged airport transfer for a smoother arrival.

Public transport in nan mainly consists of songthaews (shared pick-up trucks), which are affordable and cover most areas of the city. They operate from early morning until around 6 pm, so plan your day accordingly. Fares are usually around 10-20 Baht per trip, and it's best to have cash ready as many drivers don't accept electronic payments. Locals often use apps like Grab for more convenient rides.

nan is a fairly walkable city, especially in the downtown area where many attractions are clustered. Biking can be a fun way to explore the city, but be cautious as traffic can be chaotic. If you're up for it, renting a bike or using a bike-sharing service can add an exciting dimension to your visit.

Taxis in nan are usually metered, but it's a good idea to confirm this before starting your ride. While some drivers may not speak fluent English, they are generally helpful and friendly. Ride-share services like Grab are also available and could be a more cost-effective option, especially during peak hours or for longer distances.

Renting a car in nan may not be necessary unless you plan on exploring the surrounding countryside or remote attractions. Traffic in the city can get congested during rush hours, and parking can be limited in popular areas. However, having a car can be convenient if you're planning day trips to nearby national parks or rural villages.",,,"Nan, a city with a culinary scene as diverse as its heritage, offers a delightful mix of traditional dishes and innovative flavors. From bustling market stalls to cozy eateries tucked in narrow alleys, the food culture here thrives on freshness and authenticity, inviting you to savor every bite and embrace the local way of dining.

**Tapas Bar Sol:** Step into the vibrant world of Tapas Bar Sol, where the chatter of locals mixes with the tantalizing aroma of freshly cooked small plates. Order a selection of their must-try tapas like Patatas Bravas and Iberico Ham Croquettes, paired perfectly with a glass of local red wine. The lively ambiance, reasonable prices, and authentic Spanish flavors make this spot a favorite among both visitors and residents.

**Izakaya Hoshi:** For a taste of Japan in the heart of Nan, make your way to Izakaya Hoshi, a cozy izakaya known for its mouthwatering yakitori skewers and steaming bowls of ramen. The warm wooden decor and soft lighting create a relaxed and intimate setting, ideal for sharing delicious plates with friends or enjoying a solo meal. With its attentive service and a menu brimming with fresh seafood, Izakaya Hoshi is a true gem for lovers of Japanese cuisine.

**Bistro Belle:** Nestled in a quiet corner near the city center, Bistro Belle exudes Parisian charm with its chic decor and exquisite French-inspired dishes. Indulge in their signature Coq au Vin, a rich and flavorful dish that perfectly encapsulates the essence of classic French cuisine. While the prices may lean towards the higher end, the elegant ambiance, attentive service, and authentic flavors make it worth every penny.

**Restaurant Siam:** Offering a culinary journey through the flavors of Thailand, Restaurant Siam is a must-visit for those seeking an authentic taste of local cuisine. Dive into their fragrant Green Curry or savor the crispy Pad Thai, expertly prepared with a balance of sweet, sour, and spicy notes. The warm hospitality, inviting atmosphere, and reasonable prices at Restaurant Siam ensure a memorable dining experience that captures the essence of Thai gastronomy.",,,,75.0,"<h2 class=""popup-section-title main-title"">Accommodations</h2>
<h2 class=""popup-section-title"">Hotels</h2>
<div>nan</div>
<h2 class=""popup-section-title"">Hostels</h2>
<div>nan</div>","<h2 class=""popup-section-title main-title"">Transportation</h2>
<h2 class=""popup-section-title"">Getting Around</h2>
<div>Transportation in nan can be a mix of convenience and adventure. Navigating the city is relatively straightforward, with a good public transportation system to rely on. However, be prepared for some quirks in the local transit schedules and routes, so it's always a good idea to plan your journeys in advance.

Getting into nan is typically done through Nan Nakhon Airport, located about 6 miles from the city center. Taxis are readily available outside the airport, and the ride to downtown nan usually takes around 15-20 minutes, costing approximately 200-300 Baht. For a more budget-friendly option, consider using a shared minivan or pre-arranged airport transfer for a smoother arrival.

Public transport in nan mainly consists of songthaews (shared pick-up trucks), which are affordable and cover most areas of the city. They operate from early morning until around 6 pm, so plan your day accordingly. Fares are usually around 10-20 Baht per trip, and it's best to have cash ready as many drivers don't accept electronic payments. Locals often use apps like Grab for more convenient rides.

nan is a fairly walkable city, especially in the downtown area where many attractions are clustered. Biking can be a fun way to explore the city, but be cautious as traffic can be chaotic. If you're up for it, renting a bike or using a bike-sharing service can add an exciting dimension to your visit.

Taxis in nan are usually metered, but it's a good idea to confirm this before starting your ride. While some drivers may not speak fluent English, they are generally helpful and friendly. Ride-share services like Grab are also available and could be a more cost-effective option, especially during peak hours or for longer distances.

Renting a car in nan may not be necessary unless you plan on exploring the surrounding countryside or remote attractions. Traffic in the city can get congested during rush hours, and parking can be limited in popular areas. However, having a car can be convenient if you're planning day trips to nearby national parks or rural villages.</div>","<h2 class=""popup-section-title main-title"">Restaurants</h2>
<h2 class=""popup-section-title"">Recommended Restaurants</h2>
<div>Nan, a city with a culinary scene as diverse as its heritage, offers a delightful mix of traditional dishes and innovative flavors. From bustling market stalls to cozy eateries tucked in narrow alleys, the food culture here thrives on freshness and authenticity, inviting you to savor every bite and embrace the local way of dining.

**Tapas Bar Sol:** Step into the vibrant world of Tapas Bar Sol, where the chatter of locals mixes with the tantalizing aroma of freshly cooked small plates. Order a selection of their must-try tapas like Patatas Bravas and Iberico Ham Croquettes, paired perfectly with a glass of local red wine. The lively ambiance, reasonable prices, and authentic Spanish flavors make this spot a favorite among both visitors and residents.

**Izakaya Hoshi:** For a taste of Japan in the heart of Nan, make your way to Izakaya Hoshi, a cozy izakaya known for its mouthwatering yakitori skewers and steaming bowls of ramen. The warm wooden decor and soft lighting create a relaxed and intimate setting, ideal for sharing delicious plates with friends or enjoying a solo meal. With its attentive service and a menu brimming with fresh seafood, Izakaya Hoshi is a true gem for lovers of Japanese cuisine.

**Bistro Belle:** Nestled in a quiet corner near the city center, Bistro Belle exudes Parisian charm with its chic decor and exquisite French-inspired dishes. Indulge in their signature Coq au Vin, a rich and flavorful dish that perfectly encapsulates the essence of classic French cuisine. While the prices may lean towards the higher end, the elegant ambiance, attentive service, and authentic flavors make it worth every penny.

**Restaurant Siam:** Offering a culinary journey through the flavors of Thailand, Restaurant Siam is a must-visit for those seeking an authentic taste of local cuisine. Dive into their fragrant Green Curry or savor the crispy Pad Thai, expertly prepared with a balance of sweet, sour, and spicy notes. The warm hospitality, inviting atmosphere, and reasonable prices at Restaurant Siam ensure a memorable dining experience that captures the essence of Thai gastronomy.</div>","<h2 class=""popup-section-title main-title"">Evenings</h2>
<h2 class=""popup-section-title"">Bars</h2>
<div>nan</div>
<h2 class=""popup-section-title"">Nightlife</h2>
<div>nan</div>
<h2 class=""popup-section-title"">Weekly Itinerary</h2>
<div>nan</div>","[{""title"": ""Top Things to Do in nan"", ""url"": ""https://example.com/top-things-nan""}, {""title"": ""nan Food & Nightlife Guide"", ""url"": ""https://example.com/food-nightlife-nan""}]","[{""img_url"": ""https://images.unsplash.com/flagged/photo-1496116591672-082593832acc?crop=entropy&cs=tinysrgb&fit=max&fm=jpg&ixid=M3w3NzE0NTB8MHwxfHNlYXJjaHwxfHxXYXQlMjBQaHVtaW4lMjBuYW4lMjBuYW58ZW58MHx8fHwxNzUxMzE3Njc0fDA&ixlib=rb-4.1.0&q=80&w=1080"", ""caption"": ""Wat Phumin: Famous temple with beautiful murals and unique architecture."", ""link_url"": ""https://www.google.com/search?q=Wat+Phumin+nan+nan"", ""link_label"": ""Learn More""}, {""img_url"": ""https://images.unsplash.com/photo-1733814512161-3451cc7307e6?crop=entropy&cs=tinysrgb&fit=max&fm=jpg&ixid=M3w3NzE0NTB8MHwxfHNlYXJjaHwxfHxOYW4lMjBSaXZlcnNpZGUlMjBBcnQlMjBHYWxsZXJ5JTIwbmFuJTIwbmFufGVufDB8fHx8MTc1MTMxNzY3NXww&ixlib=rb-4.1.0&q=80&w=1080"", ""caption"": ""Nan Riverside Art Gallery: Contemporary art gallery showcasing local and regional works."", ""link_url"": ""https://www.google.com/search?q=Nan+Riverside+Art+Gallery+nan+nan"", ""link_label"": ""Learn More""}, {""img_url"": ""https://images.unsplash.com/photo-1723459955425-c9f378a4d3e0?crop=entropy&cs=tinysrgb&fit=max&fm=jpg&ixid=M3w3NzE0NTB8MHwxfHNlYXJjaHwxfHxCbyUyMEtsdWVhJTIwbmFuJTIwbmFufGVufDB8fHx8MTc1MTMxNzY3NXww&ixlib=rb-4.1.0&q=80&w=1080"", ""caption"": ""Bo Kluea: Scenic village known for its rock salt production."", ""link_url"": ""https://www.google.com/search?q=Bo+Kluea+nan+nan"", ""link_label"": ""Learn More""}, {""img_url"": ""https://images.unsplash.com/photo-1739612549065-09afbd19563e?crop=entropy&cs=tinysrgb&fit=max&fm=jpg&ixid=M3w3NzE0NTB8MHwxfHNlYXJjaHwxfHxEb2klMjBQaHUlMjBLaGElMjBOYXRpb25hbCUyMFBhcmslMjBuYW4lMjBuYW58ZW58MHx8fHwxNzUxMzE3Njc2fDA&ixlib=rb-4.1.0&q=80&w=1080"", ""caption"": ""Doi Phu Kha National Park: Lush forest with waterfalls, caves, and mountain views."", ""link_url"": ""https://www.google.com/search?q=Doi+Phu+Kha+National+Park+nan+nan"", ""link_label"": ""Learn More""}]"
49.0847,-123.0586,Delta,Canada,"Nan, located in northern Thailand, is a charming city brimming with history and culture. Nestled amidst lush greenery and surrounded by picturesque mountains, Nan is a peaceful retreat away from the bustling urban centers. The city's well-preserved temples and traditional wooden houses offer a glimpse into its rich heritage, while the slow-paced lifestyle here invites visitors to unwind and immerse themselves in its serene ambiance.

Delving deeper into Nan's character reveals a city where time seems to move at its own gentle rhythm. Locals are known for their warm hospitality and strong sense of community, making travelers feel welcome and at home. Exploring the narrow lanes lined with old teak buildings and sampling local delicacies at the vibrant markets are experiences that capture the essence of everyday life in Nan.

For a truly immersive experience, visitors can rent bicycles and leisurely explore the city's surroundings, taking in the sights, sounds, and scents of rural Thailand. A visit to the Nan Riverside Art Gallery provides a cultural insight into the region, while a boat trip along the Nan River offers a tranquil escape into nature. Don't miss the opportunity to savor traditional Nan cuisine, known for its unique blend of flavors and fresh ingredients sourced from the surrounding countryside.

To make the most of your trip to Nan, consider visiting during the cool, dry season from November to February when the weather is pleasant for outdoor activities. Keep in mind that respecting local customs, such as dressing modestly when visiting temples, is important in this culturally rich city. By timing your visit right and embracing the leisurely pace of life in Nan, you'll uncover a hidden gem that captures the essence of authentic Thailand.","Transportation in nan is fairly straightforward, with a mix of public transit options and walkable areas. Travelers can expect a reliable public transportation system, although navigating it might require some patience. It's worth noting that locals often prefer public transit due to traffic congestion and limited parking options. 

Getting to nan is commonly done through the city's airport, which is conveniently located close to the city center. Taxis are a popular and relatively affordable option to get downtown, typically costing around $20. For a budget-friendly choice, consider using the airport shuttle bus, which offers a scenic route into the city for a fraction of the cost.

nan boasts an efficient public transit system with buses and trams that cover most areas of the city. Fares are reasonable, and it's recommended to purchase tickets in advance to avoid any hassle. Locals often use transport apps to check schedules and plan their journeys efficiently. Operating hours vary but generally provide adequate service throughout the day.

Walking around nan is a pleasurable experience, with many attractions within a reasonable distance. The city is also bike-friendly, but be cautious of traffic and adhere to local road rules. Visitors can access a bike-share system, making it convenient to explore the city on two wheels. Just remember to wear a helmet for safety.

Taxis in nan are typically metered, but it's advisable to confirm the rate with the driver before starting the trip. Most drivers have a basic understanding of English, making communication manageable. For a more modern ride option, ride-shares like Uber operate in the city and are often more cost-effective and reliable than traditional taxis.

While driving in nan is an option, it's not essential for getting around the city center. Traffic can be heavy during peak hours, so it's best to use public transit or walk for shorter distances. If you plan on exploring the surrounding areas or countryside, renting a car may be beneficial. However, keep in mind that parking in the city can be limited and pricey, so consider this when deciding whether to drive.",,,"Nan's culinary scene is a delightful blend of traditional flavors and modern culinary trends. The city's food culture is deeply rooted in its history, offering a unique dining experience that showcases the best of local ingredients and techniques.

**Sabor Español**
Experience a taste of Spain at Sabor Español, a cozy tapas bar known for its authentic Spanish dishes and warm ambiance. Enjoy a selection of small plates like patatas bravas and chorizo, paired perfectly with a glass of sangria. Prices are reasonable, making it a popular spot for both locals and visitors seeking a flavorful experience.

**Izakaya Fusion**
Izakaya Fusion combines Japanese izakaya dining with a modern twist. The restaurant's sleek decor and lively atmosphere set the stage for sharing plates of sushi rolls, yakitori skewers, and creative cocktails. With a moderate price range, Izakaya Fusion offers a taste of Japan with a Nan flair.

**Le Bistro Parisien**
Transport yourself to the streets of Paris at Le Bistro Parisien, where classic French cuisine takes center stage. Indulge in signature dishes like coq au vin and crème brûlée in an intimate setting that exudes Parisian charm. While the prices reflect the upscale experience, the impeccable service and authentic flavors make it a must-visit for those craving a taste of France in Nan.",,,,75.0,"<h2 class=""popup-section-title main-title"">Accommodations</h2>
<h2 class=""popup-section-title"">Hotels</h2>
<div>nan</div>
<h2 class=""popup-section-title"">Hostels</h2>
<div>nan</div>","<h2 class=""popup-section-title main-title"">Transportation</h2>
<h2 class=""popup-section-title"">Getting Around</h2>
<div>Transportation in nan is fairly straightforward, with a mix of public transit options and walkable areas. Travelers can expect a reliable public transportation system, although navigating it might require some patience. It's worth noting that locals often prefer public transit due to traffic congestion and limited parking options. 

Getting to nan is commonly done through the city's airport, which is conveniently located close to the city center. Taxis are a popular and relatively affordable option to get downtown, typically costing around $20. For a budget-friendly choice, consider using the airport shuttle bus, which offers a scenic route into the city for a fraction of the cost.

nan boasts an efficient public transit system with buses and trams that cover most areas of the city. Fares are reasonable, and it's recommended to purchase tickets in advance to avoid any hassle. Locals often use transport apps to check schedules and plan their journeys efficiently. Operating hours vary but generally provide adequate service throughout the day.

Walking around nan is a pleasurable experience, with many attractions within a reasonable distance. The city is also bike-friendly, but be cautious of traffic and adhere to local road rules. Visitors can access a bike-share system, making it convenient to explore the city on two wheels. Just remember to wear a helmet for safety.

Taxis in nan are typically metered, but it's advisable to confirm the rate with the driver before starting the trip. Most drivers have a basic understanding of English, making communication manageable. For a more modern ride option, ride-shares like Uber operate in the city and are often more cost-effective and reliable than traditional taxis.

While driving in nan is an option, it's not essential for getting around the city center. Traffic can be heavy during peak hours, so it's best to use public transit or walk for shorter distances. If you plan on exploring the surrounding areas or countryside, renting a car may be beneficial. However, keep in mind that parking in the city can be limited and pricey, so consider this when deciding whether to drive.</div>","<h2 class=""popup-section-title main-title"">Restaurants</h2>
<h2 class=""popup-section-title"">Recommended Restaurants</h2>
<div>Nan's culinary scene is a delightful blend of traditional flavors and modern culinary trends. The city's food culture is deeply rooted in its history, offering a unique dining experience that showcases the best of local ingredients and techniques.

**Sabor Español**
Experience a taste of Spain at Sabor Español, a cozy tapas bar known for its authentic Spanish dishes and warm ambiance. Enjoy a selection of small plates like patatas bravas and chorizo, paired perfectly with a glass of sangria. Prices are reasonable, making it a popular spot for both locals and visitors seeking a flavorful experience.

**Izakaya Fusion**
Izakaya Fusion combines Japanese izakaya dining with a modern twist. The restaurant's sleek decor and lively atmosphere set the stage for sharing plates of sushi rolls, yakitori skewers, and creative cocktails. With a moderate price range, Izakaya Fusion offers a taste of Japan with a Nan flair.

**Le Bistro Parisien**
Transport yourself to the streets of Paris at Le Bistro Parisien, where classic French cuisine takes center stage. Indulge in signature dishes like coq au vin and crème brûlée in an intimate setting that exudes Parisian charm. While the prices reflect the upscale experience, the impeccable service and authentic flavors make it a must-visit for those craving a taste of France in Nan.</div>","<h2 class=""popup-section-title main-title"">Evenings</h2>
<h2 class=""popup-section-title"">Bars</h2>
<div>nan</div>
<h2 class=""popup-section-title"">Nightlife</h2>
<div>nan</div>
<h2 class=""popup-section-title"">Weekly Itinerary</h2>
<div>nan</div>","[{""title"": ""Top Things to Do in nan"", ""url"": ""https://example.com/top-things-nan""}, {""title"": ""nan Food & Nightlife Guide"", ""url"": ""https://example.com/food-nightlife-nan""}]","[{""img_url"": ""https://images.unsplash.com/flagged/photo-1496116591672-082593832acc?crop=entropy&cs=tinysrgb&fit=max&fm=jpg&ixid=M3w3NzE0NTB8MHwxfHNlYXJjaHwxfHxXYXQlMjBQaHVtaW4lMjBuYW4lMjBuYW58ZW58MHx8fHwxNzUxMzE3Njc0fDA&ixlib=rb-4.1.0&q=80&w=1080"", ""caption"": ""Wat Phumin: Famous temple with unique murals depicting local life."", ""link_url"": ""https://www.google.com/search?q=Wat+Phumin+nan+nan"", ""link_label"": ""Learn More""}, {""img_url"": ""https://images.unsplash.com/photo-1733814512161-3451cc7307e6?crop=entropy&cs=tinysrgb&fit=max&fm=jpg&ixid=M3w3NzE0NTB8MHwxfHNlYXJjaHwxfHxOYW4lMjBSaXZlcnNpZGUlMjBBcnQlMjBHYWxsZXJ5JTIwbmFuJTIwbmFufGVufDB8fHx8MTc1MTMxNzY3NXww&ixlib=rb-4.1.0&q=80&w=1080"", ""caption"": ""Nan Riverside Art Gallery: Contemporary art gallery showcasing local and regional artists."", ""link_url"": ""https://www.google.com/search?q=Nan+Riverside+Art+Gallery+nan+nan"", ""link_label"": ""Learn More""}, {""img_url"": ""https://images.unsplash.com/photo-1739612549065-09afbd19563e?crop=entropy&cs=tinysrgb&fit=max&fm=jpg&ixid=M3w3NzE0NTB8MHwxfHNlYXJjaHwxfHxEb2klMjBQaHUlMjBLaGElMjBOYXRpb25hbCUyMFBhcmslMjBuYW4lMjBuYW58ZW58MHx8fHwxNzUxMzE3Njc2fDA&ixlib=rb-4.1.0&q=80&w=1080"", ""caption"": ""Doi Phu Kha National Park: Scenic park with waterfalls, caves, and hiking trails."", ""link_url"": ""https://www.google.com/search?q=Doi+Phu+Kha+National+Park+nan+nan"", ""link_label"": ""Learn More""}, {""img_url"": ""https://images.unsplash.com/photo-1723459955425-c9f378a4d3e0?crop=entropy&cs=tinysrgb&fit=max&fm=jpg&ixid=M3w3NzE0NTB8MHwxfHNlYXJjaHwxfHxCbyUyMEtsdWVhJTIwbmFuJTIwbmFufGVufDB8fHx8MTc1MTMxNzY3NXww&ixlib=rb-4.1.0&q=80&w=1080"", ""caption"": ""Bo Kluea: Village known for its natural salt wells and scenic beauty."", ""link_url"": ""https://www.google.com/search?q=Bo+Kluea+nan+nan"", ""link_label"": ""Learn More""}]"
-27.5667,151.95,Toowoomba,Australia,"Nan, located in northern Thailand, is a charming city nestled along the Nan River. Known for its rich history and traditional Lanna culture, Nan exudes a peaceful vibe that sets it apart from the bustling tourist hubs in the region. The city's well-preserved temples, lush greenery, and wooden houses offer a glimpse into its timeless beauty and heritage.

In Nan, time seems to slow down as you take in the laid-back local life. Stroll through the quaint streets lined with old teak buildings and immerse yourself in the warm hospitality of the locals. Despite its small size, Nan surprises visitors with its vibrant markets brimming with fresh produce and handicrafts. Engage with friendly vendors, sample local delicacies like crispy pork with sticky rice, and savor the earthy aroma of freshly brewed Thai coffee.

To truly experience Nan, venture out to the countryside and explore the surrounding natural wonders. Rent a bicycle and pedal through rice paddies, stopping to admire the rural landscapes dotted with temples and waterfalls. For a spiritual journey, visit Wat Phumin with its iconic murals depicting local life and folklore. To avoid the rainy season, plan your visit between November and February when the weather is cooler and ideal for outdoor adventures. Embrace the slow pace of Nan, soak in its cultural richness, and let its serene beauty leave an indelible mark on your travels.","Transportation:
Getting around nan is relatively easy, with a mix of public transportation options and walkable areas. While the city may have some quirks in terms of transport efficiency, travelers can generally expect a smooth experience once they get acquainted with the local systems.

Getting In:
Travelers usually arrive in nan via the city's airport, which is conveniently located near the city center. Taxis from the airport are a popular choice, offering a quick and seamless journey downtown. Alternatively, buses provide a budget-friendly option for those looking to save on transportation costs.

Public Transit:
nan boasts a comprehensive public transportation network that includes metros, trams, and buses. The coverage is excellent, making it easy to navigate the city without a car. Public transport is reliable and operates frequently, with affordable fares. Travelers should consider purchasing daily or weekly passes for convenience and savings.

Walking & Biking:
nan is a highly walkable city, with many attractions within strolling distance of each other. Biking is also a popular way to get around, thanks to dedicated bike lanes and a bike-share system that is user-friendly and convenient for visitors. Travelers should be mindful of traffic rules and pedestrian etiquette for a safe experience.

Taxis & Ride-shares:
Taxis in nan are typically metered, and while some drivers may not speak fluent English, communication is usually not a major issue. Taxis are generally reliable, but it's advisable to confirm fares before starting the journey. Ride-share services like Uber operate in the city and are often a cheaper and more convenient alternative to traditional taxis.

Driving & Parking:
Renting a car in nan is unnecessary for exploring the city, given the efficient public transport and walkability. Driving in the city can be challenging due to traffic congestion and limited parking spaces. However, having a car may be beneficial for day trips to the outskirts of nan, where public transport options may be limited.",,,"Nan's culinary scene is a true delight for food enthusiasts, boasting a vibrant mix of flavors and traditions that reflect the city's rich cultural heritage. From its bustling markets to its cozy eateries, every street in Nan tells a story through its delicious offerings, making dining here a memorable experience that engages all the senses.

**Tapas Bar la Vida**
Indulge in the lively atmosphere of Tapas Bar la Vida, where the aroma of sizzling chorizo fills the air and laughter echoes off the walls. This cozy spot offers an array of flavorful small plates, perfect for sharing over a bottle of local red wine. With its friendly staff and reasonable prices, Tapas Bar la Vida captures the essence of Nan's social dining scene.

**Sakura Izakaya**
Step into Sakura Izakaya, a hidden gem where the traditional Japanese izakaya experience comes alive in the heart of Nan. Savor the freshness of their sushi and grilled skewers while enjoying a selection of sake or Japanese whisky. The warm ambiance and authentic flavors make Sakura Izakaya a must-visit for those craving a taste of Japan in this cultural city.

**Le Bistrot Parisien**
For a touch of Parisian charm in Nan, head to Le Bistrot Parisien, a chic eatery that transports diners to the streets of the French capital. Indulge in classics like escargot and coq au vin, expertly prepared with a local twist. The elegant yet relaxed vibe of Le Bistrot Parisien, coupled with its moderate prices, makes it an ideal spot for a leisurely French-inspired meal.

**Riverside Terrace**
Dine with a view at Riverside Terrace, where the shimmering waters of the Nan River provide a serene backdrop to your culinary journey. Sample their signature dish of grilled river fish, caught fresh daily and seasoned to perfection. With its tranquil ambiance and fresh, locally sourced ingredients, Riverside Terrace offers a taste of Nan's natural beauty on every plate.",,,,75.0,"<h2 class=""popup-section-title main-title"">Accommodations</h2>
<h2 class=""popup-section-title"">Hotels</h2>
<div>nan</div>
<h2 class=""popup-section-title"">Hostels</h2>
<div>nan</div>","<h2 class=""popup-section-title main-title"">Transportation</h2>
<h2 class=""popup-section-title"">Getting Around</h2>
<div>Transportation:
Getting around nan is relatively easy, with a mix of public transportation options and walkable areas. While the city may have some quirks in terms of transport efficiency, travelers can generally expect a smooth experience once they get acquainted with the local systems.

Getting In:
Travelers usually arrive in nan via the city's airport, which is conveniently located near the city center. Taxis from the airport are a popular choice, offering a quick and seamless journey downtown. Alternatively, buses provide a budget-friendly option for those looking to save on transportation costs.

Public Transit:
nan boasts a comprehensive public transportation network that includes metros, trams, and buses. The coverage is excellent, making it easy to navigate the city without a car. Public transport is reliable and operates frequently, with affordable fares. Travelers should consider purchasing daily or weekly passes for convenience and savings.

Walking & Biking:
nan is a highly walkable city, with many attractions within strolling distance of each other. Biking is also a popular way to get around, thanks to dedicated bike lanes and a bike-share system that is user-friendly and convenient for visitors. Travelers should be mindful of traffic rules and pedestrian etiquette for a safe experience.

Taxis & Ride-shares:
Taxis in nan are typically metered, and while some drivers may not speak fluent English, communication is usually not a major issue. Taxis are generally reliable, but it's advisable to confirm fares before starting the journey. Ride-share services like Uber operate in the city and are often a cheaper and more convenient alternative to traditional taxis.

Driving & Parking:
Renting a car in nan is unnecessary for exploring the city, given the efficient public transport and walkability. Driving in the city can be challenging due to traffic congestion and limited parking spaces. However, having a car may be beneficial for day trips to the outskirts of nan, where public transport options may be limited.</div>","<h2 class=""popup-section-title main-title"">Restaurants</h2>
<h2 class=""popup-section-title"">Recommended Restaurants</h2>
<div>Nan's culinary scene is a true delight for food enthusiasts, boasting a vibrant mix of flavors and traditions that reflect the city's rich cultural heritage. From its bustling markets to its cozy eateries, every street in Nan tells a story through its delicious offerings, making dining here a memorable experience that engages all the senses.

**Tapas Bar la Vida**
Indulge in the lively atmosphere of Tapas Bar la Vida, where the aroma of sizzling chorizo fills the air and laughter echoes off the walls. This cozy spot offers an array of flavorful small plates, perfect for sharing over a bottle of local red wine. With its friendly staff and reasonable prices, Tapas Bar la Vida captures the essence of Nan's social dining scene.

**Sakura Izakaya**
Step into Sakura Izakaya, a hidden gem where the traditional Japanese izakaya experience comes alive in the heart of Nan. Savor the freshness of their sushi and grilled skewers while enjoying a selection of sake or Japanese whisky. The warm ambiance and authentic flavors make Sakura Izakaya a must-visit for those craving a taste of Japan in this cultural city.

**Le Bistrot Parisien**
For a touch of Parisian charm in Nan, head to Le Bistrot Parisien, a chic eatery that transports diners to the streets of the French capital. Indulge in classics like escargot and coq au vin, expertly prepared with a local twist. The elegant yet relaxed vibe of Le Bistrot Parisien, coupled with its moderate prices, makes it an ideal spot for a leisurely French-inspired meal.

**Riverside Terrace**
Dine with a view at Riverside Terrace, where the shimmering waters of the Nan River provide a serene backdrop to your culinary journey. Sample their signature dish of grilled river fish, caught fresh daily and seasoned to perfection. With its tranquil ambiance and fresh, locally sourced ingredients, Riverside Terrace offers a taste of Nan's natural beauty on every plate.</div>","<h2 class=""popup-section-title main-title"">Evenings</h2>
<h2 class=""popup-section-title"">Bars</h2>
<div>nan</div>
<h2 class=""popup-section-title"">Nightlife</h2>
<div>nan</div>
<h2 class=""popup-section-title"">Weekly Itinerary</h2>
<div>nan</div>","[{""title"": ""Top Things to Do in nan"", ""url"": ""https://example.com/top-things-nan""}, {""title"": ""nan Food & Nightlife Guide"", ""url"": ""https://example.com/food-nightlife-nan""}]","[{""img_url"": ""https://images.unsplash.com/flagged/photo-1496116591672-082593832acc?crop=entropy&cs=tinysrgb&fit=max&fm=jpg&ixid=M3w3NzE0NTB8MHwxfHNlYXJjaHwxfHxXYXQlMjBQaHVtaW4lMjBuYW4lMjBuYW58ZW58MHx8fHwxNzUxMzE3Njc0fDA&ixlib=rb-4.1.0&q=80&w=1080"", ""caption"": ""Wat Phumin: Historic temple known for its unique murals."", ""link_url"": ""https://www.google.com/search?q=Wat+Phumin+nan+nan"", ""link_label"": ""Learn More""}, {""img_url"": ""https://images.unsplash.com/photo-1694059150530-0ed6a04c559f?crop=entropy&cs=tinysrgb&fit=max&fm=jpg&ixid=M3w3NzE0NTB8MHwxfHNlYXJjaHwxfHxCbyUyMEtsdWVhJTIwQW5jaWVudCUyMFNhbHQlMjBXZWxscyUyMG5hbiUyMG5hbnxlbnwwfHx8fDE3NTEzMjE1MDh8MA&ixlib=rb-4.1.0&q=80&w=1080"", ""caption"": ""Bo Kluea Ancient Salt Wells: Ancient salt production site."", ""link_url"": ""https://www.google.com/search?q=Bo+Kluea+Ancient+Salt+Wells+nan+nan"", ""link_label"": ""Learn More""}, {""img_url"": ""https://images.unsplash.com/photo-1668207917676-c97a70caf890?crop=entropy&cs=tinysrgb&fit=max&fm=jpg&ixid=M3w3NzE0NTB8MHwxfHNlYXJjaHwxfHxXYXQlMjBTcmklMjBQYW50b24lMjBuYW4lMjBuYW58ZW58MHx8fHwxNzUxMzIxNTA4fDA&ixlib=rb-4.1.0&q=80&w=1080"", ""caption"": ""Wat Sri Panton: Intricate wooden temple with beautiful architecture."", ""link_url"": ""https://www.google.com/search?q=Wat+Sri+Panton+nan+nan"", ""link_label"": ""Learn More""}, {""img_url"": ""https://images.unsplash.com/photo-1733814512161-3451cc7307e6?crop=entropy&cs=tinysrgb&fit=max&fm=jpg&ixid=M3w3NzE0NTB8MHwxfHNlYXJjaHwxfHxOYW4lMjBSaXZlcnNpZGUlMjBBcnQlMjBHYWxsZXJ5JTIwbmFuJTIwbmFufGVufDB8fHx8MTc1MTMxNzY3NXww&ixlib=rb-4.1.0&q=80&w=1080"", ""caption"": ""Nan Riverside Art Gallery: Contemporary art gallery showcasing local artists."", ""link_url"": ""https://www.google.com/search?q=Nan+Riverside+Art+Gallery+nan+nan"", ""link_label"": ""Learn More""}]"
49.1814,-0.3636,Caen,France,"Nan, a charming city located in northern Thailand, is nestled along the banks of the Nan River. This picturesque destination is known for its well-preserved historical sites, lush greenery, and a laid-back atmosphere that beckons travelers to slow down and savor each moment.

Exploring Nan is like stepping into a living museum, where the city's rich history intertwines seamlessly with modern life. The locals take pride in their traditional Lanna culture, evident in the ornate temples, vibrant markets, and warm hospitality that greet visitors at every turn. Despite its small size, Nan offers a tranquil escape from the hustle and bustle of urban living, allowing travelers to immerse themselves in the serene beauty of rural Thailand.

To truly capture the essence of Nan, start your day with a leisurely stroll along the charming streets lined with teakwood houses and blooming bougainvillea. Dive into the local food scene at the bustling night markets, where the aroma of steaming bowls of khao soi and spicy larb fills the air. Don't miss the chance to visit Wat Phumin, a stunning temple adorned with intricate murals that depict daily life in Nan centuries ago.

For the best weather and fewer crowds, plan your visit to Nan during the cool season from November to February. Embrace the slow pace of life in Nan, where time seems to stand still, allowing you to savor each moment and create unforgettable memories in this hidden gem of Thailand.","Transportation in nan is generally convenient and straightforward, with a mix of options available for getting around. Visitors can expect a well-connected public transportation system alongside walkable streets and bike-friendly paths. The local transit system may have its quirks, so it's advisable to familiarize yourself with the routes and schedules.

For travelers heading to nan, the main ways of arrival are typically through the airport, train station, or bus terminal. The airport is located about X miles from the city center, with taxis being the most convenient but pricier option. A more budget-friendly alternative is the bus or train, which also offer scenic views along the way.

nan boasts a comprehensive public transit network comprising metros, trams, and buses, providing good coverage across the city. Services are generally reliable, operating from early morning until late at night. Travelers can purchase tickets on board or opt for day passes for cost savings, with some locals using mobile apps for seamless ticketing.

Exploring nan on foot or by bike is a pleasant experience, with pedestrian-friendly streets and dedicated cycling lanes available. Safety considerations include being mindful of traffic rules and potential bike thefts, so using a bike-sharing service with secure docking stations could be a convenient option for visitors looking to explore the city at their own pace.

In terms of taxis, they are commonly metered in nan, with some drivers able to communicate in English. Taxis are generally regarded as safe and honest, but negotiating fares in advance can be beneficial. Additionally, ride-sharing services like Uber operate in the city, offering convenient and possibly cheaper alternatives to traditional taxis for getting around.

Renting a car in nan may not be necessary for most visitors, given the city's efficient public transportation and pedestrian-friendly layout. Driving in the city can be challenging due to traffic congestion, so having a car may be more suitable for day trips to nearby attractions outside the city center. Parking availability varies, with some areas offering street parking or paid lots for those who do opt for a rental vehicle.",,,"Nan's food scene is a delightful blend of tradition and innovation. From street food stalls to upscale eateries, the city's culinary landscape offers a diverse range of flavors and experiences. Whether you're savoring local delicacies or indulging in international cuisines, Nan has something to please every palate.

**La Taberna Del Pueblo**
Transport yourself to a cozy Spanish tavern at La Taberna Del Pueblo. This tapas bar exudes a warm and inviting atmosphere, perfect for sharing small plates with friends. Try the authentic patatas bravas washed down with a pitcher of sangria. With its reasonable prices and lively ambiance, this spot is a favorite among locals and visitors alike.

**Sakura Izakaya**
Step into Sakura Izakaya for a taste of Japan in the heart of Nan. This charming izakaya offers a selection of grilled skewers, sushi rolls, and sake. The intimate setting and friendly staff create a laid-back dining experience where you can sample traditional Japanese dishes without leaving the city.

**Chez Amelie**
For a sophisticated dining experience, head to Chez Amelie, where French culinary finesse meets Nan's vibrant food scene. Indulge in signature dishes like the coq au vin or the decadent crème brûlée. The elegant ambiance, attentive service, and carefully curated menu make this restaurant a must-visit for those seeking a taste of France in Nan.",,,,75.0,"<h2 class=""popup-section-title main-title"">Accommodations</h2>
<h2 class=""popup-section-title"">Hotels</h2>
<div>nan</div>
<h2 class=""popup-section-title"">Hostels</h2>
<div>nan</div>","<h2 class=""popup-section-title main-title"">Transportation</h2>
<h2 class=""popup-section-title"">Getting Around</h2>
<div>Transportation in nan is generally convenient and straightforward, with a mix of options available for getting around. Visitors can expect a well-connected public transportation system alongside walkable streets and bike-friendly paths. The local transit system may have its quirks, so it's advisable to familiarize yourself with the routes and schedules.

For travelers heading to nan, the main ways of arrival are typically through the airport, train station, or bus terminal. The airport is located about X miles from the city center, with taxis being the most convenient but pricier option. A more budget-friendly alternative is the bus or train, which also offer scenic views along the way.

nan boasts a comprehensive public transit network comprising metros, trams, and buses, providing good coverage across the city. Services are generally reliable, operating from early morning until late at night. Travelers can purchase tickets on board or opt for day passes for cost savings, with some locals using mobile apps for seamless ticketing.

Exploring nan on foot or by bike is a pleasant experience, with pedestrian-friendly streets and dedicated cycling lanes available. Safety considerations include being mindful of traffic rules and potential bike thefts, so using a bike-sharing service with secure docking stations could be a convenient option for visitors looking to explore the city at their own pace.

In terms of taxis, they are commonly metered in nan, with some drivers able to communicate in English. Taxis are generally regarded as safe and honest, but negotiating fares in advance can be beneficial. Additionally, ride-sharing services like Uber operate in the city, offering convenient and possibly cheaper alternatives to traditional taxis for getting around.

Renting a car in nan may not be necessary for most visitors, given the city's efficient public transportation and pedestrian-friendly layout. Driving in the city can be challenging due to traffic congestion, so having a car may be more suitable for day trips to nearby attractions outside the city center. Parking availability varies, with some areas offering street parking or paid lots for those who do opt for a rental vehicle.</div>","<h2 class=""popup-section-title main-title"">Restaurants</h2>
<h2 class=""popup-section-title"">Recommended Restaurants</h2>
<div>Nan's food scene is a delightful blend of tradition and innovation. From street food stalls to upscale eateries, the city's culinary landscape offers a diverse range of flavors and experiences. Whether you're savoring local delicacies or indulging in international cuisines, Nan has something to please every palate.

**La Taberna Del Pueblo**
Transport yourself to a cozy Spanish tavern at La Taberna Del Pueblo. This tapas bar exudes a warm and inviting atmosphere, perfect for sharing small plates with friends. Try the authentic patatas bravas washed down with a pitcher of sangria. With its reasonable prices and lively ambiance, this spot is a favorite among locals and visitors alike.

**Sakura Izakaya**
Step into Sakura Izakaya for a taste of Japan in the heart of Nan. This charming izakaya offers a selection of grilled skewers, sushi rolls, and sake. The intimate setting and friendly staff create a laid-back dining experience where you can sample traditional Japanese dishes without leaving the city.

**Chez Amelie**
For a sophisticated dining experience, head to Chez Amelie, where French culinary finesse meets Nan's vibrant food scene. Indulge in signature dishes like the coq au vin or the decadent crème brûlée. The elegant ambiance, attentive service, and carefully curated menu make this restaurant a must-visit for those seeking a taste of France in Nan.</div>","<h2 class=""popup-section-title main-title"">Evenings</h2>
<h2 class=""popup-section-title"">Bars</h2>
<div>nan</div>
<h2 class=""popup-section-title"">Nightlife</h2>
<div>nan</div>
<h2 class=""popup-section-title"">Weekly Itinerary</h2>
<div>nan</div>","[{""title"": ""Top Things to Do in nan"", ""url"": ""https://example.com/top-things-nan""}, {""title"": ""nan Food & Nightlife Guide"", ""url"": ""https://example.com/food-nightlife-nan""}]","[{""img_url"": ""https://images.unsplash.com/flagged/photo-1496116591672-082593832acc?crop=entropy&cs=tinysrgb&fit=max&fm=jpg&ixid=M3w3NzE0NTB8MHwxfHNlYXJjaHwxfHxXYXQlMjBQaHVtaW4lMjBuYW4lMjBuYW58ZW58MHx8fHwxNzUxMzE3Njc0fDA&ixlib=rb-4.1.0&q=80&w=1080"", ""caption"": ""Wat Phumin: Intricate Lanna-style temple with unique murals and architecture."", ""link_url"": ""https://www.google.com/search?q=Wat+Phumin+nan+nan"", ""link_label"": ""Learn More""}, {""img_url"": ""https://images.unsplash.com/photo-1733814512161-3451cc7307e6?crop=entropy&cs=tinysrgb&fit=max&fm=jpg&ixid=M3w3NzE0NTB8MHwxfHNlYXJjaHwxfHxOYW4lMjBSaXZlcnNpZGUlMjBBcnQlMjBHYWxsZXJ5JTIwbmFuJTIwbmFufGVufDB8fHx8MTc1MTMxNzY3NXww&ixlib=rb-4.1.0&q=80&w=1080"", ""caption"": ""Nan Riverside Art Gallery: Contemporary art gallery showcasing local and national artists."", ""link_url"": ""https://www.google.com/search?q=Nan+Riverside+Art+Gallery+nan+nan"", ""link_label"": ""Learn More""}, {""img_url"": ""https://images.unsplash.com/photo-1723459955425-c9f378a4d3e0?crop=entropy&cs=tinysrgb&fit=max&fm=jpg&ixid=M3w3NzE0NTB8MHwxfHNlYXJjaHwxfHxCbyUyMEtsdWVhJTIwbmFuJTIwbmFufGVufDB8fHx8MTc1MTMxNzY3NXww&ixlib=rb-4.1.0&q=80&w=1080"", ""caption"": ""Bo Kluea: Mountain village known for its natural salt wells and scenic views."", ""link_url"": ""https://www.google.com/search?q=Bo+Kluea+nan+nan"", ""link_label"": ""Learn More""}, {""img_url"": ""https://images.unsplash.com/photo-1725335739089-21b454c097a6?crop=entropy&cs=tinysrgb&fit=max&fm=jpg&ixid=M3w3NzE0NTB8MHwxfHNlYXJjaHwxfHxOYW4lMjBOYXRpb25hbCUyME11c2V1bSUyMG5hbiUyMG5hbnxlbnwwfHx8fDE3NTEzMTc3MjZ8MA&ixlib=rb-4.1.0&q=80&w=1080"", ""caption"": ""Nan National Museum: Cultural exhibits on local history, art, and traditions."", ""link_url"": ""https://www.google.com/search?q=Nan+National+Museum+nan+nan"", ""link_label"": ""Learn More""}]"
22.07,81.68,Mungeli,India,"Nan, a charming city located in northern Thailand, surprises visitors with its tranquil atmosphere and rich cultural heritage. Known for its well-preserved temples, lush landscapes, and friendly locals, Nan offers a delightful blend of history and natural beauty.

The city's character is deeply rooted in its traditional Lanna culture, evident in its distinct architecture, local festivals, and warm hospitality. Travelers often find themselves enchanted by the slow pace of life in Nan, where bicycles are a common mode of transportation and street vendors beckon with aromatic local delicacies. Engaging with the community is effortless, as locals are eager to share stories of their heritage with visitors.

To fully immerse yourself in Nan's allure, start your day at the vibrant morning markets, where the colors and aromas of fresh produce awaken your senses. A leisurely stroll along the Nan River offers a glimpse into everyday life, with locals practicing tai chi in the park and children playing by the water's edge. Don't miss the opportunity to visit Wat Phumin, a stunning temple adorned with intricate murals depicting local legends and daily scenes from centuries past.

For the best experience, consider visiting Nan during the cool season from November to February when the weather is pleasant, and local festivals are in full swing. Keep in mind that respecting local customs, such as removing your shoes before entering temples, is essential to experiencing the city's culture authentically. Embrace the unhurried pace of Nan, savoring each moment as you uncover the hidden gems of this enchanting destination.","Transportation in Nan can be a breeze for travelers. The city is relatively compact, making it easy to explore on foot or by using the local public transportation options. While there may not be a metro system in Nan, the city boasts a reliable network of buses and tuk-tuks, which are popular for short distances. Keep in mind that the traffic in Nan can be busy at times, especially during peak hours. Embrace the local experience by hopping on a tuk-tuk or renting a bicycle to navigate the city at a leisurely pace.

Travelers typically arrive in Nan by flying into Nan Nakhon Airport, located about 6 miles from the city center. Taxis are readily available at the airport and offer a convenient way to get downtown, with fares averaging around 200-300 baht. Another option is taking a bus or pre-arranged shuttle service, which can be more budget-friendly.

Public transportation in Nan mainly consists of buses and tuk-tuks. Buses are a cost-effective way to get around, with fares starting from as little as 10 baht for short distances. Tuk-tuks are great for quick trips within the city but can sometimes be more expensive. The services generally operate from early morning until late evening, but it's advisable to check schedules in advance. Consider purchasing a stored-value card for convenient travel or download local transport apps for real-time updates.

Nan is a pedestrian-friendly city, especially in the historic center where many attractions are within walking distance of each other. Biking is also a popular way to explore the city, offering a slower and more immersive experience. Visitors can rent bicycles from various shops or hotels, with rates averaging around 50-100 baht per day. Keep in mind that sidewalks can be uneven in some areas, so watch your step while walking or cycling.

Taxis in Nan are not typically metered, so it's advisable to negotiate fares before starting your journey. While some drivers may speak basic English, it's helpful to have your destination written in Thai. Taxis are generally considered safe, but it's always wise to keep an eye on the meter or agree on a price beforehand. Ride-share services like Uber or Grab are not available in Nan, so taxis remain the primary mode of private transport for visitors.",,,"Nan is a city where culinary delights abound, offering a vibrant mix of flavors that celebrate local traditions and a lively food scene. Whether you're craving traditional dishes or innovative culinary creations, Nan's food landscape has something to satisfy every palate.

**Tapas Bar Xanadu**
Indulge in a cozy and laid-back vibe at Tapas Bar Xanadu, where you can savor a delightful selection of small plates bursting with local flavors. Pair your tapas with a refreshing sangria while soaking in the charming ambiance. Prices are reasonable, making it a perfect spot for a casual and enjoyable dining experience in Nan.

**Izakaya Sake Loft**
Transport yourself to the heart of Japan at Izakaya Sake Loft, a hidden gem known for its authentic izakaya-style dining. Feast on mouthwatering small plates like yakitori and sushi rolls, complemented by a wide range of premium sake. The cozy setting and warm hospitality make this spot a must-visit for those seeking a taste of Japan in Nan.

**Bistro Le Petit**
Step into Bistro Le Petit for a touch of European elegance fused with local influences. This charming bistro offers a delectable menu featuring classic French dishes with a Nan twist. From escargot to beef bourguignon, each dish is crafted with precision and served in a cozy setting that exudes sophistication. This upscale dining experience in Nan is perfect for a special night out.",,,,75.0,"<h2 class=""popup-section-title main-title"">Accommodations</h2>
<h2 class=""popup-section-title"">Hotels</h2>
<div>nan</div>
<h2 class=""popup-section-title"">Hostels</h2>
<div>nan</div>","<h2 class=""popup-section-title main-title"">Transportation</h2>
<h2 class=""popup-section-title"">Getting Around</h2>
<div>Transportation in Nan can be a breeze for travelers. The city is relatively compact, making it easy to explore on foot or by using the local public transportation options. While there may not be a metro system in Nan, the city boasts a reliable network of buses and tuk-tuks, which are popular for short distances. Keep in mind that the traffic in Nan can be busy at times, especially during peak hours. Embrace the local experience by hopping on a tuk-tuk or renting a bicycle to navigate the city at a leisurely pace.

Travelers typically arrive in Nan by flying into Nan Nakhon Airport, located about 6 miles from the city center. Taxis are readily available at the airport and offer a convenient way to get downtown, with fares averaging around 200-300 baht. Another option is taking a bus or pre-arranged shuttle service, which can be more budget-friendly.

Public transportation in Nan mainly consists of buses and tuk-tuks. Buses are a cost-effective way to get around, with fares starting from as little as 10 baht for short distances. Tuk-tuks are great for quick trips within the city but can sometimes be more expensive. The services generally operate from early morning until late evening, but it's advisable to check schedules in advance. Consider purchasing a stored-value card for convenient travel or download local transport apps for real-time updates.

Nan is a pedestrian-friendly city, especially in the historic center where many attractions are within walking distance of each other. Biking is also a popular way to explore the city, offering a slower and more immersive experience. Visitors can rent bicycles from various shops or hotels, with rates averaging around 50-100 baht per day. Keep in mind that sidewalks can be uneven in some areas, so watch your step while walking or cycling.

Taxis in Nan are not typically metered, so it's advisable to negotiate fares before starting your journey. While some drivers may speak basic English, it's helpful to have your destination written in Thai. Taxis are generally considered safe, but it's always wise to keep an eye on the meter or agree on a price beforehand. Ride-share services like Uber or Grab are not available in Nan, so taxis remain the primary mode of private transport for visitors.</div>","<h2 class=""popup-section-title main-title"">Restaurants</h2>
<h2 class=""popup-section-title"">Recommended Restaurants</h2>
<div>Nan is a city where culinary delights abound, offering a vibrant mix of flavors that celebrate local traditions and a lively food scene. Whether you're craving traditional dishes or innovative culinary creations, Nan's food landscape has something to satisfy every palate.

**Tapas Bar Xanadu**
Indulge in a cozy and laid-back vibe at Tapas Bar Xanadu, where you can savor a delightful selection of small plates bursting with local flavors. Pair your tapas with a refreshing sangria while soaking in the charming ambiance. Prices are reasonable, making it a perfect spot for a casual and enjoyable dining experience in Nan.

**Izakaya Sake Loft**
Transport yourself to the heart of Japan at Izakaya Sake Loft, a hidden gem known for its authentic izakaya-style dining. Feast on mouthwatering small plates like yakitori and sushi rolls, complemented by a wide range of premium sake. The cozy setting and warm hospitality make this spot a must-visit for those seeking a taste of Japan in Nan.

**Bistro Le Petit**
Step into Bistro Le Petit for a touch of European elegance fused with local influences. This charming bistro offers a delectable menu featuring classic French dishes with a Nan twist. From escargot to beef bourguignon, each dish is crafted with precision and served in a cozy setting that exudes sophistication. This upscale dining experience in Nan is perfect for a special night out.</div>","<h2 class=""popup-section-title main-title"">Evenings</h2>
<h2 class=""popup-section-title"">Bars</h2>
<div>nan</div>
<h2 class=""popup-section-title"">Nightlife</h2>
<div>nan</div>
<h2 class=""popup-section-title"">Weekly Itinerary</h2>
<div>nan</div>","[{""title"": ""Top Things to Do in nan"", ""url"": ""https://example.com/top-things-nan""}, {""title"": ""nan Food & Nightlife Guide"", ""url"": ""https://example.com/food-nightlife-nan""}]","[{""img_url"": ""https://images.unsplash.com/flagged/photo-1496116591672-082593832acc?crop=entropy&cs=tinysrgb&fit=max&fm=jpg&ixid=M3w3NzE0NTB8MHwxfHNlYXJjaHwxfHxXYXQlMjBQaHVtaW4lMjBuYW4lMjBuYW58ZW58MHx8fHwxNzUxMzE3Njc0fDA&ixlib=rb-4.1.0&q=80&w=1080"", ""caption"": ""Wat Phumin: Famous temple with unique murals depicting local life."", ""link_url"": ""https://www.google.com/search?q=Wat+Phumin+nan+nan"", ""link_label"": ""Learn More""}, {""img_url"": ""https://images.unsplash.com/photo-1733814512161-3451cc7307e6?crop=entropy&cs=tinysrgb&fit=max&fm=jpg&ixid=M3w3NzE0NTB8MHwxfHNlYXJjaHwxfHxOYW4lMjBSaXZlcnNpZGUlMjBBcnQlMjBHYWxsZXJ5JTIwbmFuJTIwbmFufGVufDB8fHx8MTc1MTMxNzY3NXww&ixlib=rb-4.1.0&q=80&w=1080"", ""caption"": ""Nan Riverside Art Gallery: Contemporary art gallery showcasing local artists."", ""link_url"": ""https://www.google.com/search?q=Nan+Riverside+Art+Gallery+nan+nan"", ""link_label"": ""Learn More""}, {""img_url"": ""https://images.unsplash.com/photo-1723459955425-c9f378a4d3e0?crop=entropy&cs=tinysrgb&fit=max&fm=jpg&ixid=M3w3NzE0NTB8MHwxfHNlYXJjaHwxfHxCbyUyMEtsdWVhJTIwbmFuJTIwbmFufGVufDB8fHx8MTc1MTMxNzY3NXww&ixlib=rb-4.1.0&q=80&w=1080"", ""caption"": ""Bo Kluea: Scenic village known for its salt production and hot springs."", ""link_url"": ""https://www.google.com/search?q=Bo+Kluea+nan+nan"", ""link_label"": ""Learn More""}, {""img_url"": ""https://images.unsplash.com/photo-1739612549065-09afbd19563e?crop=entropy&cs=tinysrgb&fit=max&fm=jpg&ixid=M3w3NzE0NTB8MHwxfHNlYXJjaHwxfHxEb2klMjBQaHUlMjBLaGElMjBOYXRpb25hbCUyMFBhcmslMjBuYW4lMjBuYW58ZW58MHx8fHwxNzUxMzE3Njc2fDA&ixlib=rb-4.1.0&q=80&w=1080"", ""caption"": ""Doi Phu Kha National Park: Lush park with waterfalls, caves, and hiking trails."", ""link_url"": ""https://www.google.com/search?q=Doi+Phu+Kha+National+Park+nan+nan"", ""link_label"": ""Learn More""}]"
-20.25,-70.1167,Alto Hospicio,Chile,"Nan, a charming city in northern Thailand, is nestled along the banks of the Nan River and surrounded by lush greenery. Despite its small size, Nan is rich in culture and history, with temples dating back centuries and traditional Lanna architecture dotting the landscape.

Step into Nan, and you’ll find yourself transported to a place where time seems to slow down. The city’s character is defined by its laid-back atmosphere and warm hospitality. Locals take pride in preserving their cultural heritage, evident in the vibrant markets where you can sample local delicacies and admire handmade crafts.

To truly experience Nan, take a leisurely stroll through the old town, where you'll encounter friendly smiles and a sense of community that is truly heartwarming. Don’t miss the chance to explore the surrounding countryside, where emerald rice paddies and mist-covered mountains create a tranquil backdrop. For a taste of local life, join a traditional alms-giving ceremony or try your hand at making traditional handicrafts.

For the best weather and fewer crowds, plan your visit to Nan during the cool season from November to February. Keep in mind that the city observes Buddhist customs, so it’s essential to dress modestly when visiting temples. Embrace the unhurried pace of life in Nan, and you'll discover a hidden gem that leaves a lasting impression on your soul.","Transportation
Getting around nan is relatively easy thanks to its compact size and efficient public transport system. Travelers can expect to navigate the city with ease, although some streets can be narrow and winding. The local transit system has its quirks, including the occasional schedule variance, so it's wise to plan for some flexibility in your itinerary.

Getting In
Most travelers arrive in nan via nan International Airport, located about 30 minutes from the city center by taxi or airport shuttle. Taxis are the most convenient but pricier option, while the shuttle provides a cost-effective alternative. For those coming by train or bus, the main stations are conveniently situated within walking distance or a short taxi ride to downtown nan.

Public Transit
nan boasts an extensive public transportation network, including buses, trams, and a reliable metro system. Coverage is excellent, operating from early morning until late at night. Fares are budget-friendly, and it's advisable to purchase tickets in advance or use local transport apps for convenience and savings. Locals favor these apps for real-time updates on routes and schedules.

Walking & Biking
nan is a pedestrian-friendly city, with many attractions within walking distance of each other. Biking is also a popular way to explore, with designated bike lanes and a user-friendly bike-share program available. Safety is generally not a concern, but it's essential to be cautious of traffic, especially in more crowded areas.

Taxis & Ride-shares
Taxis in nan are metered, and while most drivers understand basic English, language barriers may arise. The reputation for honesty is generally good, but it's advisable to have your destination written down to avoid misunderstandings. Ride-share services like Uber and Bolt are also reliable options, often cheaper than traditional taxis and with the added convenience of cashless transactions.

Driving & Parking
Renting a car in nan is unnecessary for navigating the city, given its excellent public transport and walkability. Driving can be challenging due to narrow streets and heavy traffic, so it's recommended mainly for day trips to more remote areas. Parking in the city center can be limited and costly, but there are ample parking lots available for those who choose to drive.",,,"Nan’s culinary scene is a vibrant tapestry of flavors that truly reflects the city’s diverse cultural heritage. From traditional street food stalls dishing up mouthwatering delicacies to elegant fine dining establishments, eating in Nan is a feast for the senses. Be prepared to embark on a culinary journey that blends local traditions with modern culinary innovation, creating an unforgettable dining experience.

**The Nest Tapas Bar**
Immerse yourself in the cozy ambiance of The Nest Tapas Bar, where the lively chatter of patrons mingles with the tantalizing aroma of Spanish-inspired small plates. Enjoy a variety of flavorful tapas paired with a carefully curated selection of wines and cocktails. With its affordable prices and warm hospitality, The Nest is a favorite spot for locals and visitors alike. Don’t miss out on their signature dish, the delectable chorizo-stuffed dates, a perfect balance of sweet and savory that captures the essence of Nan’s eclectic food scene.

**Sakura Izakaya**
Step into Sakura Izakaya and transport yourself to a traditional Japanese gastropub right in the heart of Nan. The intimate setting, complete with paper lanterns and wooden furnishings, sets the stage for an authentic dining experience. Indulge in a variety of izakaya-style dishes, including crispy tempura and flavorful yakitori skewers, all washed down with a selection of sake and Japanese beers. Sakura Izakaya’s menu reflects the city’s love for fresh seafood, with standout dishes like the melt-in-your-mouth sashimi platter sourced from local fish markets.

**Riverside Bistro**
For a memorable sit-down meal overlooking Nan’s picturesque riverfront, head to Riverside Bistro. This upscale restaurant offers a blend of international and local cuisine served in an elegant setting with panoramic views. Indulge in their signature dish, the succulent grilled river prawns infused with aromatic Thai spices, showcasing the region’s culinary prowess. While the prices may lean towards the higher end, the impeccable service and stunning ambiance make Riverside Bistro a must-visit spot for those seeking a special dining experience in Nan.",,,,75.0,"<h2 class=""popup-section-title main-title"">Accommodations</h2>
<h2 class=""popup-section-title"">Hotels</h2>
<div>nan</div>
<h2 class=""popup-section-title"">Hostels</h2>
<div>nan</div>","<h2 class=""popup-section-title main-title"">Transportation</h2>
<h2 class=""popup-section-title"">Getting Around</h2>
<div>Transportation
Getting around nan is relatively easy thanks to its compact size and efficient public transport system. Travelers can expect to navigate the city with ease, although some streets can be narrow and winding. The local transit system has its quirks, including the occasional schedule variance, so it's wise to plan for some flexibility in your itinerary.

Getting In
Most travelers arrive in nan via nan International Airport, located about 30 minutes from the city center by taxi or airport shuttle. Taxis are the most convenient but pricier option, while the shuttle provides a cost-effective alternative. For those coming by train or bus, the main stations are conveniently situated within walking distance or a short taxi ride to downtown nan.

Public Transit
nan boasts an extensive public transportation network, including buses, trams, and a reliable metro system. Coverage is excellent, operating from early morning until late at night. Fares are budget-friendly, and it's advisable to purchase tickets in advance or use local transport apps for convenience and savings. Locals favor these apps for real-time updates on routes and schedules.

Walking & Biking
nan is a pedestrian-friendly city, with many attractions within walking distance of each other. Biking is also a popular way to explore, with designated bike lanes and a user-friendly bike-share program available. Safety is generally not a concern, but it's essential to be cautious of traffic, especially in more crowded areas.

Taxis & Ride-shares
Taxis in nan are metered, and while most drivers understand basic English, language barriers may arise. The reputation for honesty is generally good, but it's advisable to have your destination written down to avoid misunderstandings. Ride-share services like Uber and Bolt are also reliable options, often cheaper than traditional taxis and with the added convenience of cashless transactions.

Driving & Parking
Renting a car in nan is unnecessary for navigating the city, given its excellent public transport and walkability. Driving can be challenging due to narrow streets and heavy traffic, so it's recommended mainly for day trips to more remote areas. Parking in the city center can be limited and costly, but there are ample parking lots available for those who choose to drive.</div>","<h2 class=""popup-section-title main-title"">Restaurants</h2>
<h2 class=""popup-section-title"">Recommended Restaurants</h2>
<div>Nan’s culinary scene is a vibrant tapestry of flavors that truly reflects the city’s diverse cultural heritage. From traditional street food stalls dishing up mouthwatering delicacies to elegant fine dining establishments, eating in Nan is a feast for the senses. Be prepared to embark on a culinary journey that blends local traditions with modern culinary innovation, creating an unforgettable dining experience.

**The Nest Tapas Bar**
Immerse yourself in the cozy ambiance of The Nest Tapas Bar, where the lively chatter of patrons mingles with the tantalizing aroma of Spanish-inspired small plates. Enjoy a variety of flavorful tapas paired with a carefully curated selection of wines and cocktails. With its affordable prices and warm hospitality, The Nest is a favorite spot for locals and visitors alike. Don’t miss out on their signature dish, the delectable chorizo-stuffed dates, a perfect balance of sweet and savory that captures the essence of Nan’s eclectic food scene.

**Sakura Izakaya**
Step into Sakura Izakaya and transport yourself to a traditional Japanese gastropub right in the heart of Nan. The intimate setting, complete with paper lanterns and wooden furnishings, sets the stage for an authentic dining experience. Indulge in a variety of izakaya-style dishes, including crispy tempura and flavorful yakitori skewers, all washed down with a selection of sake and Japanese beers. Sakura Izakaya’s menu reflects the city’s love for fresh seafood, with standout dishes like the melt-in-your-mouth sashimi platter sourced from local fish markets.

**Riverside Bistro**
For a memorable sit-down meal overlooking Nan’s picturesque riverfront, head to Riverside Bistro. This upscale restaurant offers a blend of international and local cuisine served in an elegant setting with panoramic views. Indulge in their signature dish, the succulent grilled river prawns infused with aromatic Thai spices, showcasing the region’s culinary prowess. While the prices may lean towards the higher end, the impeccable service and stunning ambiance make Riverside Bistro a must-visit spot for those seeking a special dining experience in Nan.</div>","<h2 class=""popup-section-title main-title"">Evenings</h2>
<h2 class=""popup-section-title"">Bars</h2>
<div>nan</div>
<h2 class=""popup-section-title"">Nightlife</h2>
<div>nan</div>
<h2 class=""popup-section-title"">Weekly Itinerary</h2>
<div>nan</div>","[{""title"": ""Top Things to Do in nan"", ""url"": ""https://example.com/top-things-nan""}, {""title"": ""nan Food & Nightlife Guide"", ""url"": ""https://example.com/food-nightlife-nan""}]","[{""img_url"": ""https://images.unsplash.com/flagged/photo-1496116591672-082593832acc?crop=entropy&cs=tinysrgb&fit=max&fm=jpg&ixid=M3w3NzE0NTB8MHwxfHNlYXJjaHwxfHxXYXQlMjBQaHVtaW4lMjBuYW4lMjBuYW58ZW58MHx8fHwxNzUxMzE3Njc0fDA&ixlib=rb-4.1.0&q=80&w=1080"", ""caption"": ""Wat Phumin: Intricate traditional Thai temple with beautiful murals."", ""link_url"": ""https://www.google.com/search?q=Wat+Phumin+nan+nan"", ""link_label"": ""Learn More""}, {""img_url"": ""https://images.unsplash.com/photo-1733814512161-3451cc7307e6?crop=entropy&cs=tinysrgb&fit=max&fm=jpg&ixid=M3w3NzE0NTB8MHwxfHNlYXJjaHwxfHxOYW4lMjBSaXZlcnNpZGUlMjBBcnQlMjBHYWxsZXJ5JTIwbmFuJTIwbmFufGVufDB8fHx8MTc1MTMxNzY3NXww&ixlib=rb-4.1.0&q=80&w=1080"", ""caption"": ""Nan Riverside Art Gallery: Contemporary art gallery showcasing local and regional artists."", ""link_url"": ""https://www.google.com/search?q=Nan+Riverside+Art+Gallery+nan+nan"", ""link_label"": ""Learn More""}, {""img_url"": ""https://images.unsplash.com/photo-1723459955425-c9f378a4d3e0?crop=entropy&cs=tinysrgb&fit=max&fm=jpg&ixid=M3w3NzE0NTB8MHwxfHNlYXJjaHwxfHxCbyUyMEtsdWVhJTIwbmFuJTIwbmFufGVufDB8fHx8MTc1MTMxNzY3NXww&ixlib=rb-4.1.0&q=80&w=1080"", ""caption"": ""Bo Kluea: Scenic village known for its natural salt wells."", ""link_url"": ""https://www.google.com/search?q=Bo+Kluea+nan+nan"", ""link_label"": ""Learn More""}, {""img_url"": ""https://images.unsplash.com/photo-1725335739089-21b454c097a6?crop=entropy&cs=tinysrgb&fit=max&fm=jpg&ixid=M3w3NzE0NTB8MHwxfHNlYXJjaHwxfHxOYW4lMjBOYXRpb25hbCUyME11c2V1bSUyMG5hbiUyMG5hbnxlbnwwfHx8fDE3NTEzMTc3MjZ8MA&ixlib=rb-4.1.0&q=80&w=1080"", ""caption"": ""Nan National Museum: Exhibits on local history, culture, and artifacts."", ""link_url"": ""https://www.google.com/search?q=Nan+National+Museum+nan+nan"", ""link_label"": ""Learn More""}]"
34.55,135.6,Habikino,Japan,"Nestled in northern Thailand, Nan is a charming city enveloped by lush mountains and a rich historical tapestry. Despite its modest size, Nan boasts a wealth of cultural heritage, with ancient temples and traditional wooden houses dotting its picturesque landscapes.

In Nan, time seems to flow at a gentler pace, inviting travelers to immerse themselves in the local way of life. The city exudes a tranquil ambiance, making it easy to navigate on foot or by bicycle. While English may not be widely spoken, locals welcome visitors with warm hospitality, eager to share the beauty of their heritage.

To truly savor Nan, start your day with a stroll along the serene Nan River, where monks clad in saffron robes offer alms. Indulge in a culinary adventure at the vibrant morning market, filled with an array of colorful fruits and aromatic street food stalls. For a taste of history, meander through Wat Phumin, a unique temple adorned with intricate murals depicting local tales.

For the optimal experience, consider visiting Nan during the cool season from November to February when the weather is most pleasant. Embrace the local customs by dressing modestly when exploring temples and interacting respectfully with the gracious locals. Immerse yourself in the tranquil beauty and rich cultural tapestry of Nan, where time seems to pause, allowing you to savor each moment in this hidden gem of Thailand.","Transportation
Getting around nan is relatively easy and convenient for visitors. The city has a good public transportation system, with buses and trams connecting key areas. While navigating the city may seem a bit confusing at first, locals are usually friendly and willing to help with directions. One quirky aspect of local transit is that buses might not always run on time, so it's advisable to have a bit of flexibility in your schedule.

Getting In
Nan is primarily accessed by bus or car. The city doesn't have its own airport, so the nearest option is Phrae Airport, about a 2-hour drive away. Buses are a popular choice for travelers due to their affordability. From the bus station, it's a short ride to the city center, costing around $5–$10, depending on the type of service chosen.

Public Transit
Nan's public transportation consists of buses and trams, providing decent coverage across the city. Services are generally reliable, running from early morning until late evening. Fares are affordable, starting at $0.50 per ride. It's recommended to buy tickets in advance or consider using local transport apps for easier navigation and ticket purchase.

Walking & Biking
Nan is a relatively walkable city, with many attractions within a reasonable distance from each other. Walking is a great way to explore the local charm and hidden gems. While biking is less common, there are some bike rental options available for those who prefer to cycle around the city. Safety is generally not a major concern, but it's always wise to stay alert, especially in busy areas.

Taxis & Ride-shares
Taxis in Nan are usually metered, but it's a good idea to clarify the fare with the driver before starting your journey. While not all taxi drivers speak English fluently, they are accustomed to dealing with tourists. Ride-share services like Grab operate in the city, offering a convenient and often cheaper alternative to traditional taxis. These services are generally reliable and favored by locals and visitors alike.

Driving & Parking
Renting a car in Nan can be advantageous if you plan to explore the surrounding areas or take day trips to nearby attractions. Driving in the city is relatively easy, with well-maintained roads, but traffic can get congested during peak hours. Parking is available in most areas, with rates varying from free street parking to paid lots. However, for getting around within the city, public transportation and walking are usually more practical than driving.",,,"Nan is a hidden gem for foodies, offering a blend of traditional flavors and modern culinary creations. The city’s food scene is vibrant, with a strong emphasis on fresh ingredients and unique cultural influences.

**Tapas Bar El Sabor**  
Explore the lively atmosphere at El Sabor, where you can sample a variety of small plates bursting with local flavors. Pair your tapas with a refreshing sangria or one of the many craft beers on offer. Prices are reasonable, making it a popular spot for both locals and visitors alike.

**Izakaya Nami**  
Step into Izakaya Nami for an authentic Japanese dining experience. The cozy ambiance and delicious small plates make it a favorite among locals seeking a taste of Japan. Don't miss their signature dish, the crispy tempura, which perfectly complements the extensive sake menu.

**Bistro Le Charme**  
Indulge in a sophisticated dining experience at Bistro Le Charme, known for its elegant ambiance and French-inspired cuisine. Try the decadent beef bourguignon paired with a glass of fine wine. While prices are on the higher side, the impeccable service and intimate setting make it a must-visit for a special evening out.

**Restaurant SeaSalt**  
Savor the flavors of the sea at SeaSalt, a coastal gem offering fresh seafood dishes with a modern twist. The restaurant's laid-back vibe and ocean views create a relaxing setting for a leisurely meal. Prices are mid-range, and the seafood paella is a local favorite worth trying.

In Nan, dining is not just a meal but an experience that immerses you in the city's rich culinary tapestry. Whether you're craving tapas, international cuisines, or local delicacies, Nan's diverse restaurant scene has something to satisfy every palate.",,,,75.0,"<h2 class=""popup-section-title main-title"">Accommodations</h2>
<h2 class=""popup-section-title"">Hotels</h2>
<div>nan</div>
<h2 class=""popup-section-title"">Hostels</h2>
<div>nan</div>","<h2 class=""popup-section-title main-title"">Transportation</h2>
<h2 class=""popup-section-title"">Getting Around</h2>
<div>Transportation
Getting around nan is relatively easy and convenient for visitors. The city has a good public transportation system, with buses and trams connecting key areas. While navigating the city may seem a bit confusing at first, locals are usually friendly and willing to help with directions. One quirky aspect of local transit is that buses might not always run on time, so it's advisable to have a bit of flexibility in your schedule.

Getting In
Nan is primarily accessed by bus or car. The city doesn't have its own airport, so the nearest option is Phrae Airport, about a 2-hour drive away. Buses are a popular choice for travelers due to their affordability. From the bus station, it's a short ride to the city center, costing around $5–$10, depending on the type of service chosen.

Public Transit
Nan's public transportation consists of buses and trams, providing decent coverage across the city. Services are generally reliable, running from early morning until late evening. Fares are affordable, starting at $0.50 per ride. It's recommended to buy tickets in advance or consider using local transport apps for easier navigation and ticket purchase.

Walking & Biking
Nan is a relatively walkable city, with many attractions within a reasonable distance from each other. Walking is a great way to explore the local charm and hidden gems. While biking is less common, there are some bike rental options available for those who prefer to cycle around the city. Safety is generally not a major concern, but it's always wise to stay alert, especially in busy areas.

Taxis & Ride-shares
Taxis in Nan are usually metered, but it's a good idea to clarify the fare with the driver before starting your journey. While not all taxi drivers speak English fluently, they are accustomed to dealing with tourists. Ride-share services like Grab operate in the city, offering a convenient and often cheaper alternative to traditional taxis. These services are generally reliable and favored by locals and visitors alike.

Driving & Parking
Renting a car in Nan can be advantageous if you plan to explore the surrounding areas or take day trips to nearby attractions. Driving in the city is relatively easy, with well-maintained roads, but traffic can get congested during peak hours. Parking is available in most areas, with rates varying from free street parking to paid lots. However, for getting around within the city, public transportation and walking are usually more practical than driving.</div>","<h2 class=""popup-section-title main-title"">Restaurants</h2>
<h2 class=""popup-section-title"">Recommended Restaurants</h2>
<div>Nan is a hidden gem for foodies, offering a blend of traditional flavors and modern culinary creations. The city’s food scene is vibrant, with a strong emphasis on fresh ingredients and unique cultural influences.

**Tapas Bar El Sabor**  
Explore the lively atmosphere at El Sabor, where you can sample a variety of small plates bursting with local flavors. Pair your tapas with a refreshing sangria or one of the many craft beers on offer. Prices are reasonable, making it a popular spot for both locals and visitors alike.

**Izakaya Nami**  
Step into Izakaya Nami for an authentic Japanese dining experience. The cozy ambiance and delicious small plates make it a favorite among locals seeking a taste of Japan. Don't miss their signature dish, the crispy tempura, which perfectly complements the extensive sake menu.

**Bistro Le Charme**  
Indulge in a sophisticated dining experience at Bistro Le Charme, known for its elegant ambiance and French-inspired cuisine. Try the decadent beef bourguignon paired with a glass of fine wine. While prices are on the higher side, the impeccable service and intimate setting make it a must-visit for a special evening out.

**Restaurant SeaSalt**  
Savor the flavors of the sea at SeaSalt, a coastal gem offering fresh seafood dishes with a modern twist. The restaurant's laid-back vibe and ocean views create a relaxing setting for a leisurely meal. Prices are mid-range, and the seafood paella is a local favorite worth trying.

In Nan, dining is not just a meal but an experience that immerses you in the city's rich culinary tapestry. Whether you're craving tapas, international cuisines, or local delicacies, Nan's diverse restaurant scene has something to satisfy every palate.</div>","<h2 class=""popup-section-title main-title"">Evenings</h2>
<h2 class=""popup-section-title"">Bars</h2>
<div>nan</div>
<h2 class=""popup-section-title"">Nightlife</h2>
<div>nan</div>
<h2 class=""popup-section-title"">Weekly Itinerary</h2>
<div>nan</div>","[{""title"": ""Top Things to Do in nan"", ""url"": ""https://example.com/top-things-nan""}, {""title"": ""nan Food & Nightlife Guide"", ""url"": ""https://example.com/food-nightlife-nan""}]","[{""img_url"": ""https://images.unsplash.com/flagged/photo-1496116591672-082593832acc?crop=entropy&cs=tinysrgb&fit=max&fm=jpg&ixid=M3w3NzE0NTB8MHwxfHNlYXJjaHwxfHxXYXQlMjBQaHVtaW4lMjBuYW4lMjBuYW58ZW58MHx8fHwxNzUxMzE3Njc0fDA&ixlib=rb-4.1.0&q=80&w=1080"", ""caption"": ""Wat Phumin: Famous mural paintings inside historic temple."", ""link_url"": ""https://www.google.com/search?q=Wat+Phumin+nan+nan"", ""link_label"": ""Learn More""}, {""img_url"": ""https://images.unsplash.com/photo-1733814512161-3451cc7307e6?crop=entropy&cs=tinysrgb&fit=max&fm=jpg&ixid=M3w3NzE0NTB8MHwxfHNlYXJjaHwxfHxOYW4lMjBSaXZlcnNpZGUlMjBBcnQlMjBHYWxsZXJ5JTIwbmFuJTIwbmFufGVufDB8fHx8MTc1MTMxNzY3NXww&ixlib=rb-4.1.0&q=80&w=1080"", ""caption"": ""Nan Riverside Art Gallery: Modern art gallery showcasing local and national artists."", ""link_url"": ""https://www.google.com/search?q=Nan+Riverside+Art+Gallery+nan+nan"", ""link_label"": ""Learn More""}, {""img_url"": ""https://images.unsplash.com/photo-1723459955425-c9f378a4d3e0?crop=entropy&cs=tinysrgb&fit=max&fm=jpg&ixid=M3w3NzE0NTB8MHwxfHNlYXJjaHwxfHxCbyUyMEtsdWVhJTIwbmFuJTIwbmFufGVufDB8fHx8MTc1MTMxNzY3NXww&ixlib=rb-4.1.0&q=80&w=1080"", ""caption"": ""Bo Kluea: Scenic village known for its salt production."", ""link_url"": ""https://www.google.com/search?q=Bo+Kluea+nan+nan"", ""link_label"": ""Learn More""}, {""img_url"": ""https://images.unsplash.com/photo-1739612549065-09afbd19563e?crop=entropy&cs=tinysrgb&fit=max&fm=jpg&ixid=M3w3NzE0NTB8MHwxfHNlYXJjaHwxfHxEb2klMjBQaHUlMjBLaGElMjBOYXRpb25hbCUyMFBhcmslMjBuYW4lMjBuYW58ZW58MHx8fHwxNzUxMzE3Njc2fDA&ixlib=rb-4.1.0&q=80&w=1080"", ""caption"": ""Doi Phu Kha National Park: Lush forested mountains and waterfalls for hiking."", ""link_url"": ""https://www.google.com/search?q=Doi+Phu+Kha+National+Park+nan+nan"", ""link_label"": ""Learn More""}]"
32.6087,-85.4903,Auburn,United States,"Nan, a charming city nestled in northern Thailand, exudes a serene ambiance that feels worlds away from the bustle of urban life. With its lush greenery, ancient temples, and slow-paced lifestyle, Nan is a hidden gem awaiting discovery. As you explore the winding streets lined with traditional wooden houses and vibrant markets, you'll feel the rich history and culture seeping through every corner.

The city's character is defined by its warm hospitality and deep-rooted traditions. Locals here take pride in preserving their cultural heritage, evident in the exquisite craftsmanship of local artisans and the elaborate rituals practiced during festivals. Travelers find themselves immersed in a way of life that values connection and simplicity, offering a retreat from the modern world.

Navigating Nan is a breeze, whether by foot, bicycle, or tuk-tuk, allowing you to soak in the laid-back atmosphere at your own pace. While English may not be widely spoken, the genuine smiles and helpful gestures of locals bridge any language barriers effortlessly. Don't miss the opportunity to savor aromatic street food at the night markets or take a leisurely boat ride along the serene Nan River for a dose of tranquility.

For a truly unforgettable experience, time your visit to coincide with the cool, dry season from November to February, when the weather is pleasant, and the landscapes are lush. Keep in mind that Nan embraces a more relaxed approach to life, so be prepared for shops to close early and the occasional spontaneous festival that might disrupt your plans – but that's all part of the city's endearing charm.","Transportation
Getting around nan is relatively easy, with a mix of public transportation options and walkable areas. Travelers can expect a laid-back vibe and friendly locals. The city's public transit system may have some quirks, like varying schedules, so it's good to be flexible with your plans.

Getting In
Travelers usually arrive in nan via the airport, which is about a 30-minute drive from the city center. Taxis are convenient but can be pricier, while buses offer a more budget-friendly option. Consider booking airport transfers in advance for a hassle-free journey.

Public Transit
Nan offers a reliable network of buses that cover most areas of the city. Additionally, there are trams for shorter distances and metro lines connecting key neighborhoods. Public transportation operates from early morning until late evening, and it's advisable to purchase tickets in advance for seamless travel. Locals often use transport apps to check schedules and plan their routes efficiently.

Walking & Biking
Nan is a pedestrian-friendly city with many attractions within walking distance of each other. For those who prefer biking, the city has designated bike lanes and a bike-sharing system. Visitors should be cautious of traffic when walking or cycling and always follow local road rules.

Taxis & Ride-shares
Taxis in nan are usually metered, and while not all drivers speak English fluently, most can understand basic directions. They are generally considered honest, but it's advisable to confirm the fare before starting your journey. Ride-share services like Uber and Bolt are available in nan, offering a convenient and often cheaper alternative to traditional taxis.

Driving & Parking
Renting a car in nan can be advantageous if you plan on exploring the surrounding countryside or taking day trips to nearby attractions. Driving in the city is manageable, but traffic can get congested during peak hours. Parking may be challenging in busy areas, so it's recommended to utilize public transport or taxis when visiting popular tourist spots.",,,"Nan, a vibrant city known for its culinary delights, offers a tantalizing food scene that will surely leave your taste buds buzzing. Dive into the local food traditions and savor the unique blend of flavors that define the city's gastronomy, from street food stalls to upscale dining spots.

**Tapas Bar Alegria**
Indulge in a lively atmosphere at Tapas Bar Alegria, where you can enjoy a delightful array of small plates bursting with local flavors. Pair your tapas with a refreshing sangria or a crisp local beer. With its cozy ambiance and affordable prices, this spot is a favorite among locals and travelers alike.

**El Rincon de Carmen**
Step into El Rincon de Carmen for a taste of authentic Spanish cuisine served with a modern twist. Don't miss their signature paella, cooked to perfection with fresh seafood and aromatic saffron. The warm and inviting ambiance, combined with attentive service, elevates the dining experience to a whole new level.

**Restaurant La Vista**
For a sophisticated dining experience, head to Restaurant La Vista, where you can savor exquisite dishes overlooking panoramic views of the city. Delight in their innovative fusion cuisine that seamlessly blends traditional recipes with contemporary flair. While this restaurant caters to a more upscale crowd, the memorable dining experience makes it worth every penny.",,,,75.0,"<h2 class=""popup-section-title main-title"">Accommodations</h2>
<h2 class=""popup-section-title"">Hotels</h2>
<div>nan</div>
<h2 class=""popup-section-title"">Hostels</h2>
<div>nan</div>","<h2 class=""popup-section-title main-title"">Transportation</h2>
<h2 class=""popup-section-title"">Getting Around</h2>
<div>Transportation
Getting around nan is relatively easy, with a mix of public transportation options and walkable areas. Travelers can expect a laid-back vibe and friendly locals. The city's public transit system may have some quirks, like varying schedules, so it's good to be flexible with your plans.

Getting In
Travelers usually arrive in nan via the airport, which is about a 30-minute drive from the city center. Taxis are convenient but can be pricier, while buses offer a more budget-friendly option. Consider booking airport transfers in advance for a hassle-free journey.

Public Transit
Nan offers a reliable network of buses that cover most areas of the city. Additionally, there are trams for shorter distances and metro lines connecting key neighborhoods. Public transportation operates from early morning until late evening, and it's advisable to purchase tickets in advance for seamless travel. Locals often use transport apps to check schedules and plan their routes efficiently.

Walking & Biking
Nan is a pedestrian-friendly city with many attractions within walking distance of each other. For those who prefer biking, the city has designated bike lanes and a bike-sharing system. Visitors should be cautious of traffic when walking or cycling and always follow local road rules.

Taxis & Ride-shares
Taxis in nan are usually metered, and while not all drivers speak English fluently, most can understand basic directions. They are generally considered honest, but it's advisable to confirm the fare before starting your journey. Ride-share services like Uber and Bolt are available in nan, offering a convenient and often cheaper alternative to traditional taxis.

Driving & Parking
Renting a car in nan can be advantageous if you plan on exploring the surrounding countryside or taking day trips to nearby attractions. Driving in the city is manageable, but traffic can get congested during peak hours. Parking may be challenging in busy areas, so it's recommended to utilize public transport or taxis when visiting popular tourist spots.</div>","<h2 class=""popup-section-title main-title"">Restaurants</h2>
<h2 class=""popup-section-title"">Recommended Restaurants</h2>
<div>Nan, a vibrant city known for its culinary delights, offers a tantalizing food scene that will surely leave your taste buds buzzing. Dive into the local food traditions and savor the unique blend of flavors that define the city's gastronomy, from street food stalls to upscale dining spots.

**Tapas Bar Alegria**
Indulge in a lively atmosphere at Tapas Bar Alegria, where you can enjoy a delightful array of small plates bursting with local flavors. Pair your tapas with a refreshing sangria or a crisp local beer. With its cozy ambiance and affordable prices, this spot is a favorite among locals and travelers alike.

**El Rincon de Carmen**
Step into El Rincon de Carmen for a taste of authentic Spanish cuisine served with a modern twist. Don't miss their signature paella, cooked to perfection with fresh seafood and aromatic saffron. The warm and inviting ambiance, combined with attentive service, elevates the dining experience to a whole new level.

**Restaurant La Vista**
For a sophisticated dining experience, head to Restaurant La Vista, where you can savor exquisite dishes overlooking panoramic views of the city. Delight in their innovative fusion cuisine that seamlessly blends traditional recipes with contemporary flair. While this restaurant caters to a more upscale crowd, the memorable dining experience makes it worth every penny.</div>","<h2 class=""popup-section-title main-title"">Evenings</h2>
<h2 class=""popup-section-title"">Bars</h2>
<div>nan</div>
<h2 class=""popup-section-title"">Nightlife</h2>
<div>nan</div>
<h2 class=""popup-section-title"">Weekly Itinerary</h2>
<div>nan</div>","[{""title"": ""Top Things to Do in nan"", ""url"": ""https://example.com/top-things-nan""}, {""title"": ""nan Food & Nightlife Guide"", ""url"": ""https://example.com/food-nightlife-nan""}]","[{""img_url"": ""https://images.unsplash.com/flagged/photo-1496116591672-082593832acc?crop=entropy&cs=tinysrgb&fit=max&fm=jpg&ixid=M3w3NzE0NTB8MHwxfHNlYXJjaHwxfHxXYXQlMjBQaHVtaW4lMjBuYW4lMjBuYW58ZW58MHx8fHwxNzUxMzE3Njc0fDA&ixlib=rb-4.1.0&q=80&w=1080"", ""caption"": ""Wat Phumin: Famous temple with stunning mural paintings."", ""link_url"": ""https://www.google.com/search?q=Wat+Phumin+nan+nan"", ""link_label"": ""Learn More""}, {""img_url"": ""https://images.unsplash.com/photo-1733814512161-3451cc7307e6?crop=entropy&cs=tinysrgb&fit=max&fm=jpg&ixid=M3w3NzE0NTB8MHwxfHNlYXJjaHwxfHxOYW4lMjBSaXZlcnNpZGUlMjBBcnQlMjBHYWxsZXJ5JTIwbmFuJTIwbmFufGVufDB8fHx8MTc1MTMxNzY3NXww&ixlib=rb-4.1.0&q=80&w=1080"", ""caption"": ""Nan Riverside Art Gallery: Showcase of local and contemporary art."", ""link_url"": ""https://www.google.com/search?q=Nan+Riverside+Art+Gallery+nan+nan"", ""link_label"": ""Learn More""}, {""img_url"": ""https://images.unsplash.com/photo-1723459955425-c9f378a4d3e0?crop=entropy&cs=tinysrgb&fit=max&fm=jpg&ixid=M3w3NzE0NTB8MHwxfHNlYXJjaHwxfHxCbyUyMEtsdWVhJTIwbmFuJTIwbmFufGVufDB8fHx8MTc1MTMxNzY3NXww&ixlib=rb-4.1.0&q=80&w=1080"", ""caption"": ""Bo Kluea: Scenic village known for its rock salt production."", ""link_url"": ""https://www.google.com/search?q=Bo+Kluea+nan+nan"", ""link_label"": ""Learn More""}, {""img_url"": ""https://images.unsplash.com/photo-1635002076848-d7f0267e7765?crop=entropy&cs=tinysrgb&fit=max&fm=jpg&ixid=M3w3NzE0NTB8MHwxfHNlYXJjaHwxfHxCYW4lMjBUYWklMjBMdWUlMjBIb21lc3RheSUyMG5hbiUyMG5hbnxlbnwwfHx8fDE3NTEzMTc3OTZ8MA&ixlib=rb-4.1.0&q=80&w=1080"", ""caption"": ""Ban Tai Lue Homestay: Authentic cultural experience in traditional village."", ""link_url"": ""https://www.google.com/search?q=Ban+Tai+Lue+Homestay+nan+nan"", ""link_label"": ""Learn More""}]"
7.7631,125.005,Maramag,Philippines,"Nan, a charming city in northern Thailand, is nestled along the banks of the Nan River and is surrounded by lush greenery, making it a picturesque destination for travelers seeking a serene escape. Despite being one of Thailand's smaller cities, Nan is rich in history and culture, with well-preserved temples, traditional wooden houses, and a tranquil atmosphere that sets it apart from the busier tourist hubs in the country.

In Nan, time seems to slow down, allowing visitors to immerse themselves in the laid-back local life. The city's character is defined by its deep-rooted Lanna heritage, evident in its architecture, cuisine, and festivals. Travelers can explore the city by bicycle or on foot, encountering friendly locals who are eager to share their customs and stories. Don't miss the vibrant morning markets, where the colors and aromas of fresh produce and spices create a sensory feast.

To make the most of your visit to Nan, consider timing your trip during the cooler months of November to February, when the weather is pleasant for exploring outdoor sights like the iconic Wat Phumin temple or taking a leisurely boat ride along the river. Be sure to respect local customs, such as removing your shoes before entering temples, and take the time to savor traditional dishes like Khao Soi and Sai Oua sausage for a true taste of Nan's culinary delights.","Transportation:

Getting around nan is relatively easy, with a mix of public transportation options and walkable areas. Visitors can expect a well-connected city with efficient public transit services, although navigating some routes may require a bit of patience. Keep an eye out for unique local quirks in transportation, such as the bustling energy of crowded buses during peak hours.

Getting In:

Travelers typically arrive in nan through the city's main airport, located about 30 minutes from the downtown area. Taxis and airport shuttles are convenient but can be pricy; consider pre-booking transfers online for better rates. Another option is taking a regional train or bus into the city, which is often a more cost-effective choice for budget-conscious travelers.

Public Transit:

nan boasts an extensive public transportation network that includes buses, trams, and a metro system. Coverage is excellent, making it easy to reach most parts of the city. Services are generally reliable, running from early morning until late at night. It's advisable to purchase tickets in advance or consider getting a travel card for convenience. Locals often use transport apps to check schedules and plan routes efficiently.

Walking & Biking:

Exploring nan on foot is a pleasant experience, especially in the city center where most attractions are within walking distance. The city is also bike-friendly, with dedicated lanes and bike rental options available for visitors. Safety is generally not a major concern, but it's essential to follow traffic rules and be cautious at busy intersections.

Taxis & Ride-shares:

Taxis in nan are typically metered, but always confirm the fare with the driver before starting your journey. While some drivers may speak English, it's advisable to have your destination written down in the local language. Ride-share services like Uber and Bolt operate in the city, offering a convenient and often cheaper alternative to traditional taxis. These services are generally reliable, especially during peak times.

Driving & Parking:

Renting a car in nan is not necessary for exploring the city, given the efficient public transportation options available. Traffic in the city can be hectic, especially during rush hours, so driving may not be the most stress-free option. Parking can be a challenge in busy areas, so consider using public transportation or ride-shares instead. However, having a car might be useful for day trips to nearby attractions or exploring the surrounding countryside.",,,"Nan's food scene is a delightful blend of traditional flavors and modern culinary trends, making dining here a memorable experience. The city's rich food traditions are evident in every dish, showcasing a perfect fusion of local ingredients and international influences.

Tapas Bars:

1. **Sabor Español**: A cozy tapas bar known for its vibrant atmosphere and authentic Spanish bites. Indulge in their patatas bravas and chorizo al vino while sipping on sangria. Prices are moderate, and the place exudes a warm and friendly ambiance reminiscent of a Spanish tavern.

2. **Sakura Sake Bar**: This izakaya offers a taste of Japan in the heart of Nan. Try their fresh sashimi platter paired with premium sake selections. With traditional Japanese decor and attentive service, Sakura Sake Bar provides an immersive dining experience at a reasonable price point.

Restaurants:

1. **Lotus Garden**: Known for its aromatic Thai curries and tantalizing stir-fried dishes, Lotus Garden is a must-visit for lovers of Thai cuisine. The restaurant's serene ambiance and courteous staff create a welcoming environment for diners. Prices are slightly upscale, reflecting the quality of ingredients used in their dishes.

2. **Mekong Breeze**: Transport yourself to the Mekong Delta with a visit to Mekong Breeze, specializing in authentic Vietnamese pho and banh mi. The restaurant's casual yet elegant setting offers a relaxed dining experience. Affordable prices and generous portions make it a favorite among locals and tourists alike.",,,,75.0,"<h2 class=""popup-section-title main-title"">Accommodations</h2>
<h2 class=""popup-section-title"">Hotels</h2>
<div>nan</div>
<h2 class=""popup-section-title"">Hostels</h2>
<div>nan</div>","<h2 class=""popup-section-title main-title"">Transportation</h2>
<h2 class=""popup-section-title"">Getting Around</h2>
<div>Transportation:

Getting around nan is relatively easy, with a mix of public transportation options and walkable areas. Visitors can expect a well-connected city with efficient public transit services, although navigating some routes may require a bit of patience. Keep an eye out for unique local quirks in transportation, such as the bustling energy of crowded buses during peak hours.

Getting In:

Travelers typically arrive in nan through the city's main airport, located about 30 minutes from the downtown area. Taxis and airport shuttles are convenient but can be pricy; consider pre-booking transfers online for better rates. Another option is taking a regional train or bus into the city, which is often a more cost-effective choice for budget-conscious travelers.

Public Transit:

nan boasts an extensive public transportation network that includes buses, trams, and a metro system. Coverage is excellent, making it easy to reach most parts of the city. Services are generally reliable, running from early morning until late at night. It's advisable to purchase tickets in advance or consider getting a travel card for convenience. Locals often use transport apps to check schedules and plan routes efficiently.

Walking & Biking:

Exploring nan on foot is a pleasant experience, especially in the city center where most attractions are within walking distance. The city is also bike-friendly, with dedicated lanes and bike rental options available for visitors. Safety is generally not a major concern, but it's essential to follow traffic rules and be cautious at busy intersections.

Taxis & Ride-shares:

Taxis in nan are typically metered, but always confirm the fare with the driver before starting your journey. While some drivers may speak English, it's advisable to have your destination written down in the local language. Ride-share services like Uber and Bolt operate in the city, offering a convenient and often cheaper alternative to traditional taxis. These services are generally reliable, especially during peak times.

Driving & Parking:

Renting a car in nan is not necessary for exploring the city, given the efficient public transportation options available. Traffic in the city can be hectic, especially during rush hours, so driving may not be the most stress-free option. Parking can be a challenge in busy areas, so consider using public transportation or ride-shares instead. However, having a car might be useful for day trips to nearby attractions or exploring the surrounding countryside.</div>","<h2 class=""popup-section-title main-title"">Restaurants</h2>
<h2 class=""popup-section-title"">Recommended Restaurants</h2>
<div>Nan's food scene is a delightful blend of traditional flavors and modern culinary trends, making dining here a memorable experience. The city's rich food traditions are evident in every dish, showcasing a perfect fusion of local ingredients and international influences.

Tapas Bars:

1. **Sabor Español**: A cozy tapas bar known for its vibrant atmosphere and authentic Spanish bites. Indulge in their patatas bravas and chorizo al vino while sipping on sangria. Prices are moderate, and the place exudes a warm and friendly ambiance reminiscent of a Spanish tavern.

2. **Sakura Sake Bar**: This izakaya offers a taste of Japan in the heart of Nan. Try their fresh sashimi platter paired with premium sake selections. With traditional Japanese decor and attentive service, Sakura Sake Bar provides an immersive dining experience at a reasonable price point.

Restaurants:

1. **Lotus Garden**: Known for its aromatic Thai curries and tantalizing stir-fried dishes, Lotus Garden is a must-visit for lovers of Thai cuisine. The restaurant's serene ambiance and courteous staff create a welcoming environment for diners. Prices are slightly upscale, reflecting the quality of ingredients used in their dishes.

2. **Mekong Breeze**: Transport yourself to the Mekong Delta with a visit to Mekong Breeze, specializing in authentic Vietnamese pho and banh mi. The restaurant's casual yet elegant setting offers a relaxed dining experience. Affordable prices and generous portions make it a favorite among locals and tourists alike.</div>","<h2 class=""popup-section-title main-title"">Evenings</h2>
<h2 class=""popup-section-title"">Bars</h2>
<div>nan</div>
<h2 class=""popup-section-title"">Nightlife</h2>
<div>nan</div>
<h2 class=""popup-section-title"">Weekly Itinerary</h2>
<div>nan</div>","[{""title"": ""Top Things to Do in nan"", ""url"": ""https://example.com/top-things-nan""}, {""title"": ""nan Food & Nightlife Guide"", ""url"": ""https://example.com/food-nightlife-nan""}]","[{""img_url"": ""https://images.unsplash.com/flagged/photo-1496116591672-082593832acc?crop=entropy&cs=tinysrgb&fit=max&fm=jpg&ixid=M3w3NzE0NTB8MHwxfHNlYXJjaHwxfHxXYXQlMjBQaHVtaW4lMjBuYW4lMjBuYW58ZW58MHx8fHwxNzUxMzE3Njc0fDA&ixlib=rb-4.1.0&q=80&w=1080"", ""caption"": ""Wat Phumin: Unique Thai temple with stunning murals and architecture."", ""link_url"": ""https://www.google.com/search?q=Wat+Phumin+nan+nan"", ""link_label"": ""Learn More""}, {""img_url"": ""https://images.unsplash.com/photo-1733814512161-3451cc7307e6?crop=entropy&cs=tinysrgb&fit=max&fm=jpg&ixid=M3w3NzE0NTB8MHwxfHNlYXJjaHwxfHxOYW4lMjBSaXZlcnNpZGUlMjBBcnQlMjBHYWxsZXJ5JTIwbmFuJTIwbmFufGVufDB8fHx8MTc1MTMxNzY3NXww&ixlib=rb-4.1.0&q=80&w=1080"", ""caption"": ""Nan Riverside Art Gallery: Contemporary art gallery showcasing local and regional artists."", ""link_url"": ""https://www.google.com/search?q=Nan+Riverside+Art+Gallery+nan+nan"", ""link_label"": ""Learn More""}, {""img_url"": ""https://images.unsplash.com/photo-1723459955425-c9f378a4d3e0?crop=entropy&cs=tinysrgb&fit=max&fm=jpg&ixid=M3w3NzE0NTB8MHwxfHNlYXJjaHwxfHxCbyUyMEtsdWVhJTIwbmFuJTIwbmFufGVufDB8fHx8MTc1MTMxNzY3NXww&ixlib=rb-4.1.0&q=80&w=1080"", ""caption"": ""Bo Kluea: Picturesque village known for its natural salt wells."", ""link_url"": ""https://www.google.com/search?q=Bo+Kluea+nan+nan"", ""link_label"": ""Learn More""}, {""img_url"": ""https://images.unsplash.com/photo-1725335739089-21b454c097a6?crop=entropy&cs=tinysrgb&fit=max&fm=jpg&ixid=M3w3NzE0NTB8MHwxfHNlYXJjaHwxfHxOYW4lMjBOYXRpb25hbCUyME11c2V1bSUyMG5hbiUyMG5hbnxlbnwwfHx8fDE3NTEzMTc3MjZ8MA&ixlib=rb-4.1.0&q=80&w=1080"", ""caption"": ""Nan National Museum: Museum highlighting the history and culture of Nan province."", ""link_url"": ""https://www.google.com/search?q=Nan+National+Museum+nan+nan"", ""link_label"": ""Learn More""}]"
22.4986,113.531,Nantang,China,"Nan, located in northern Thailand near the border with Laos, is a charming city known for its rich cultural heritage and tranquil atmosphere. Despite being Thailand's smallest province, Nan's lush landscapes, historic temples, and traditional wooden houses reflect a deep sense of history and tradition.

In Nan, time seems to slow down as you immerse yourself in the city's unique character. The locals, known for their hospitality, embrace a simpler way of life that resonates through the town's streets. Travelers can easily explore Nan on foot or by bicycle, taking in the sights and sounds of the lively markets and peaceful riverside views. Don't miss a chance to taste local delicacies at the bustling night market, where the aroma of spicy curries and fresh herbs fills the air.

To make the most of your visit to Nan, consider timing your trip during the cool season from November to February, when the weather is mild and perfect for exploring. Keep in mind that Nan is deeply rooted in Theravada Buddhist traditions, so it's important to dress modestly when visiting temples and to observe local customs respectfully. For an authentic experience, venture out to the surrounding countryside to witness the picturesque rice paddies and rolling hills that embody the essence of Nan's beauty.","Transportation:

Getting around nan is relatively easy thanks to its compact size and efficient public transportation system. Travelers can expect to navigate the city using a mix of buses, trams, and walking with some quirky local transit norms to navigate.

Getting In:

Most travelers arrive in nan via the city's airport, located just a short distance from the city center. Taxis are a convenient option, taking around 20 minutes and costing approximately $15. Opting for a pre-booked airport transfer can save you time and hassle upon arrival.

Public Transit:

nan boasts a reliable public transportation network, including buses and trams with good coverage across the city. Services typically operate from early morning until late evening, and fares are affordable. It's wise to purchase tickets in advance or consider using local transport apps for convenience.

Walking & Biking:

nan is very walkable, with many attractions within a comfortable walking distance. Biking is also a popular way to explore the city, with designated bike lanes and a bike-share system available for visitors. Safety is generally not a concern for pedestrians and cyclists.

Taxis & Ride-shares:

Taxis in nan are usually metered, but it's advisable to ensure the meter is running to avoid issues. While some drivers speak English, it's helpful to have your destination written down. Ride-share services such as Uber operate in the city, offering a reliable and often more cost-effective alternative to traditional taxis.

Driving & Parking:

Renting a car in nan is unnecessary due to the city's excellent public transportation infrastructure. Driving can be challenging due to narrow streets and limited parking spaces. However, having a car may be beneficial for exploring surrounding areas on day trips. Consider using rental services for longer journeys outside the city.",,,"Nan boasts a vibrant culinary scene that beautifully intertwines traditional flavors with modern techniques. Renowned for its delectable local delicacies and warm hospitality, dining in Nan is a true celebration of Northern Thai gastronomy.

**Sabaidee Café & Restaurant**
Sabaidee Café & Restaurant offers a cozy ambiance with a lovely outdoor seating area surrounded by lush greenery. Indulge in their flavorful Northern Thai curries and refreshing lemongrass iced tea. With its affordable prices and authentic vibe, this spot is a favorite among locals and tourists alike.

**Baan Rim Nam**
Located by the Nan River, Baan Rim Nam is a charming restaurant known for its signature dish, Gaeng Hang Lay—a rich and aromatic Northern Thai pork curry. The serene riverside setting, combined with traditional wooden decor, creates a peaceful dining experience that perfectly complements the hearty flavors of the cuisine.

**Nan Art Cafe**
Nan Art Cafe is a hidden gem that combines art and gastronomy. Try their artistically presented Khao Soi, a Northern Thai coconut curry noodle soup, while admiring the vibrant local artwork adorning the walls. The artistic ambiance, flavorful dishes, and moderate prices make this cafe a must-visit for art and food lovers in Nan.",,,,75.0,"<h2 class=""popup-section-title main-title"">Accommodations</h2>
<h2 class=""popup-section-title"">Hotels</h2>
<div>nan</div>
<h2 class=""popup-section-title"">Hostels</h2>
<div>nan</div>","<h2 class=""popup-section-title main-title"">Transportation</h2>
<h2 class=""popup-section-title"">Getting Around</h2>
<div>Transportation:

Getting around nan is relatively easy thanks to its compact size and efficient public transportation system. Travelers can expect to navigate the city using a mix of buses, trams, and walking with some quirky local transit norms to navigate.

Getting In:

Most travelers arrive in nan via the city's airport, located just a short distance from the city center. Taxis are a convenient option, taking around 20 minutes and costing approximately $15. Opting for a pre-booked airport transfer can save you time and hassle upon arrival.

Public Transit:

nan boasts a reliable public transportation network, including buses and trams with good coverage across the city. Services typically operate from early morning until late evening, and fares are affordable. It's wise to purchase tickets in advance or consider using local transport apps for convenience.

Walking & Biking:

nan is very walkable, with many attractions within a comfortable walking distance. Biking is also a popular way to explore the city, with designated bike lanes and a bike-share system available for visitors. Safety is generally not a concern for pedestrians and cyclists.

Taxis & Ride-shares:

Taxis in nan are usually metered, but it's advisable to ensure the meter is running to avoid issues. While some drivers speak English, it's helpful to have your destination written down. Ride-share services such as Uber operate in the city, offering a reliable and often more cost-effective alternative to traditional taxis.

Driving & Parking:

Renting a car in nan is unnecessary due to the city's excellent public transportation infrastructure. Driving can be challenging due to narrow streets and limited parking spaces. However, having a car may be beneficial for exploring surrounding areas on day trips. Consider using rental services for longer journeys outside the city.</div>","<h2 class=""popup-section-title main-title"">Restaurants</h2>
<h2 class=""popup-section-title"">Recommended Restaurants</h2>
<div>Nan boasts a vibrant culinary scene that beautifully intertwines traditional flavors with modern techniques. Renowned for its delectable local delicacies and warm hospitality, dining in Nan is a true celebration of Northern Thai gastronomy.

**Sabaidee Café & Restaurant**
Sabaidee Café & Restaurant offers a cozy ambiance with a lovely outdoor seating area surrounded by lush greenery. Indulge in their flavorful Northern Thai curries and refreshing lemongrass iced tea. With its affordable prices and authentic vibe, this spot is a favorite among locals and tourists alike.

**Baan Rim Nam**
Located by the Nan River, Baan Rim Nam is a charming restaurant known for its signature dish, Gaeng Hang Lay—a rich and aromatic Northern Thai pork curry. The serene riverside setting, combined with traditional wooden decor, creates a peaceful dining experience that perfectly complements the hearty flavors of the cuisine.

**Nan Art Cafe**
Nan Art Cafe is a hidden gem that combines art and gastronomy. Try their artistically presented Khao Soi, a Northern Thai coconut curry noodle soup, while admiring the vibrant local artwork adorning the walls. The artistic ambiance, flavorful dishes, and moderate prices make this cafe a must-visit for art and food lovers in Nan.</div>","<h2 class=""popup-section-title main-title"">Evenings</h2>
<h2 class=""popup-section-title"">Bars</h2>
<div>nan</div>
<h2 class=""popup-section-title"">Nightlife</h2>
<div>nan</div>
<h2 class=""popup-section-title"">Weekly Itinerary</h2>
<div>nan</div>","[{""title"": ""Top Things to Do in nan"", ""url"": ""https://example.com/top-things-nan""}, {""title"": ""nan Food & Nightlife Guide"", ""url"": ""https://example.com/food-nightlife-nan""}]","[{""img_url"": ""https://images.unsplash.com/flagged/photo-1496116591672-082593832acc?crop=entropy&cs=tinysrgb&fit=max&fm=jpg&ixid=M3w3NzE0NTB8MHwxfHNlYXJjaHwxfHxXYXQlMjBQaHVtaW4lMjBuYW4lMjBuYW58ZW58MHx8fHwxNzUxMzE3Njc0fDA&ixlib=rb-4.1.0&q=80&w=1080"", ""caption"": ""Wat Phumin: Unique Thai temple known for its murals and architecture."", ""link_url"": ""https://www.google.com/search?q=Wat+Phumin+nan+nan"", ""link_label"": ""Learn More""}, {""img_url"": ""https://images.unsplash.com/photo-1733814512161-3451cc7307e6?crop=entropy&cs=tinysrgb&fit=max&fm=jpg&ixid=M3w3NzE0NTB8MHwxfHNlYXJjaHwxfHxOYW4lMjBSaXZlcnNpZGUlMjBBcnQlMjBHYWxsZXJ5JTIwbmFuJTIwbmFufGVufDB8fHx8MTc1MTMxNzY3NXww&ixlib=rb-4.1.0&q=80&w=1080"", ""caption"": ""Nan Riverside Art Gallery: Contemporary art gallery showcasing local and regional works."", ""link_url"": ""https://www.google.com/search?q=Nan+Riverside+Art+Gallery+nan+nan"", ""link_label"": ""Learn More""}, {""img_url"": ""https://images.unsplash.com/photo-1723459955425-c9f378a4d3e0?crop=entropy&cs=tinysrgb&fit=max&fm=jpg&ixid=M3w3NzE0NTB8MHwxfHNlYXJjaHwxfHxCbyUyMEtsdWVhJTIwbmFuJTIwbmFufGVufDB8fHx8MTc1MTMxNzY3NXww&ixlib=rb-4.1.0&q=80&w=1080"", ""caption"": ""Bo Kluea: Scenic village known for its ancient salt wells and hot springs."", ""link_url"": ""https://www.google.com/search?q=Bo+Kluea+nan+nan"", ""link_label"": ""Learn More""}, {""img_url"": ""https://images.unsplash.com/photo-1595220041815-5d7fe8d089d4?crop=entropy&cs=tinysrgb&fit=max&fm=jpg&ixid=M3w3NzE0NTB8MHwxfHNlYXJjaHwxfHxQaGElMjBDaHUlMjBuYW4lMjBuYW58ZW58MHx8fHwxNzUxMzE3NzUxfDA&ixlib=rb-4.1.0&q=80&w=1080"", ""caption"": ""Pha Chu: Cliff offering stunning views of Nan city and surroundings."", ""link_url"": ""https://www.google.com/search?q=Pha+Chu+nan+nan"", ""link_label"": ""Learn More""}]"
14.92,78.02,Tādpatri,India,"Nan, a charming city nestled in northern Thailand, captivates visitors with its rich cultural heritage and serene landscapes. Known for its well-preserved ancient temples, lush mountains, and the Nan River meandering through the city center, Nan offers a tranquil escape from the bustling urban life.

Immersing yourself in the local life of Nan reveals a city deeply rooted in tradition and community spirit. As you wander through the narrow lanes lined with wooden houses, you'll notice the laid-back pace of life that defines Nan. Locals warmly welcome travelers, eager to share stories of their heritage and daily routines. Don't miss the vibrant morning markets where the sights and smells of fresh produce and local delicacies tantalize your senses.

To truly experience Nan, venture off the beaten path and explore the surrounding countryside dotted with rice fields and ancient temples. Renting a bicycle or motorbike is the best way to soak in the peaceful atmosphere and marvel at the picturesque landscapes. If you're feeling adventurous, hike up to Wat Phra That Chae Haeng for panoramic views of the city and surrounding mountains during sunset—a breathtaking sight not to be missed.

For the optimal experience, plan your visit to Nan during the cool season from November to February when the weather is pleasant and ideal for exploration. Be mindful of local customs, such as removing your shoes before entering temples or dressing modestly out of respect for the culture. Engaging with the locals in a respectful manner will open doors to unforgettable encounters and authentic experiences in this enchanting city.","Transportation in nan:

Navigating Nan is generally straightforward, with a mix of transportation options to choose from. While the city is relatively compact and walkable, public transit plays a significant role in getting around efficiently. Visitors should anticipate sharing the road with scooters and bicycles, as they are popular modes of transport for locals.

Getting In:

Travelers typically arrive in Nan via the Nan Nakhon Airport, located about 6 kilometers from the city center. Taxis are readily available outside the airport and offer a convenient way to reach your accommodation. Alternatively, you can opt for a pre-booked transfer service or rental car, which can be more cost-effective if you plan on exploring the region beyond the city limits.

Public Transit:

Nan boasts a reliable network of songthaews (shared minibusses), tuk-tuks, and motorbike taxis that can take you to various parts of the city. These modes of transport are affordable and convenient for short distances, but if you plan on traveling further afield, renting a motorbike or car might be more practical. It's advisable to have cash on hand, as some drivers may not accept card payments.

Walking & Biking:

Exploring Nan on foot is a delightful experience, especially in the old town area where you can meander through narrow lanes and soak in the local atmosphere. The city is also bike-friendly, with bicycle rentals available for those looking to pedal around at their own pace. Keep in mind that traffic can be busy at times, so exercise caution when walking or cycling on the streets.

Taxis & Ride-shares:

Taxis in Nan generally operate on a metered system, but it's advisable to confirm this with the driver before starting your journey. While some drivers may speak basic English, having your destination written down in Thai can help avoid any miscommunications. Ride-share services like Grab are gaining popularity in the city and can be a convenient and cost-effective alternative to traditional taxis.

Driving & Parking:

Renting a car in Nan can be a good option if you plan on exploring the surrounding countryside or visiting attractions outside the city. The roads in Nan are relatively well-maintained, but traffic can be congested during peak hours. Parking spaces are available in designated areas throughout the city, with some hotels offering complimentary parking for guests. Be mindful of any parking restrictions to avoid fines.",,,"Nan is a culinary gem in the heart of traditional cuisine, offering a vibrant food scene that blends old traditions with modern flavors. The city prides itself on its diverse culinary heritage, with a strong emphasis on fresh ingredients and bold, authentic flavors.

**La Taberna de Juan**
Step into La Taberna de Juan for an immersive Spanish experience. This cozy tapas bar exudes warmth with its rustic decor and lively atmosphere. Indulge in an array of traditional tapas like patatas bravas and jamón ibérico, paired perfectly with a selection of Spanish wines. Prices are reasonable, making it a favorite among locals and tourists alike.

**Barra de Sake**
For a taste of Japan in Nan, head to Barra de Sake, a trendy izakaya known for its inventive sushi rolls and sake cocktails. The sleek and modern interior creates a relaxed yet sophisticated ambiance. Don't miss out on their signature dish, the dragon roll, a fusion of flavors that will tantalize your taste buds. Prices are mid-range, but the quality is top-notch.

**Le Bistrot Français**
Transport yourself to the streets of Paris at Le Bistrot Français, a charming bistro offering classic French dishes in a cozy setting. The menu features exquisite dishes like coq au vin and crème brûlée, prepared with meticulous attention to detail. The intimate ambiance and attentive service make it a perfect spot for a romantic dinner. While prices are on the higher end, the experience is well worth it.",,,,75.0,"<h2 class=""popup-section-title main-title"">Accommodations</h2>
<h2 class=""popup-section-title"">Hotels</h2>
<div>nan</div>
<h2 class=""popup-section-title"">Hostels</h2>
<div>nan</div>","<h2 class=""popup-section-title main-title"">Transportation</h2>
<h2 class=""popup-section-title"">Getting Around</h2>
<div>Transportation in nan:

Navigating Nan is generally straightforward, with a mix of transportation options to choose from. While the city is relatively compact and walkable, public transit plays a significant role in getting around efficiently. Visitors should anticipate sharing the road with scooters and bicycles, as they are popular modes of transport for locals.

Getting In:

Travelers typically arrive in Nan via the Nan Nakhon Airport, located about 6 kilometers from the city center. Taxis are readily available outside the airport and offer a convenient way to reach your accommodation. Alternatively, you can opt for a pre-booked transfer service or rental car, which can be more cost-effective if you plan on exploring the region beyond the city limits.

Public Transit:

Nan boasts a reliable network of songthaews (shared minibusses), tuk-tuks, and motorbike taxis that can take you to various parts of the city. These modes of transport are affordable and convenient for short distances, but if you plan on traveling further afield, renting a motorbike or car might be more practical. It's advisable to have cash on hand, as some drivers may not accept card payments.

Walking & Biking:

Exploring Nan on foot is a delightful experience, especially in the old town area where you can meander through narrow lanes and soak in the local atmosphere. The city is also bike-friendly, with bicycle rentals available for those looking to pedal around at their own pace. Keep in mind that traffic can be busy at times, so exercise caution when walking or cycling on the streets.

Taxis & Ride-shares:

Taxis in Nan generally operate on a metered system, but it's advisable to confirm this with the driver before starting your journey. While some drivers may speak basic English, having your destination written down in Thai can help avoid any miscommunications. Ride-share services like Grab are gaining popularity in the city and can be a convenient and cost-effective alternative to traditional taxis.

Driving & Parking:

Renting a car in Nan can be a good option if you plan on exploring the surrounding countryside or visiting attractions outside the city. The roads in Nan are relatively well-maintained, but traffic can be congested during peak hours. Parking spaces are available in designated areas throughout the city, with some hotels offering complimentary parking for guests. Be mindful of any parking restrictions to avoid fines.</div>","<h2 class=""popup-section-title main-title"">Restaurants</h2>
<h2 class=""popup-section-title"">Recommended Restaurants</h2>
<div>Nan is a culinary gem in the heart of traditional cuisine, offering a vibrant food scene that blends old traditions with modern flavors. The city prides itself on its diverse culinary heritage, with a strong emphasis on fresh ingredients and bold, authentic flavors.

**La Taberna de Juan**
Step into La Taberna de Juan for an immersive Spanish experience. This cozy tapas bar exudes warmth with its rustic decor and lively atmosphere. Indulge in an array of traditional tapas like patatas bravas and jamón ibérico, paired perfectly with a selection of Spanish wines. Prices are reasonable, making it a favorite among locals and tourists alike.

**Barra de Sake**
For a taste of Japan in Nan, head to Barra de Sake, a trendy izakaya known for its inventive sushi rolls and sake cocktails. The sleek and modern interior creates a relaxed yet sophisticated ambiance. Don't miss out on their signature dish, the dragon roll, a fusion of flavors that will tantalize your taste buds. Prices are mid-range, but the quality is top-notch.

**Le Bistrot Français**
Transport yourself to the streets of Paris at Le Bistrot Français, a charming bistro offering classic French dishes in a cozy setting. The menu features exquisite dishes like coq au vin and crème brûlée, prepared with meticulous attention to detail. The intimate ambiance and attentive service make it a perfect spot for a romantic dinner. While prices are on the higher end, the experience is well worth it.</div>","<h2 class=""popup-section-title main-title"">Evenings</h2>
<h2 class=""popup-section-title"">Bars</h2>
<div>nan</div>
<h2 class=""popup-section-title"">Nightlife</h2>
<div>nan</div>
<h2 class=""popup-section-title"">Weekly Itinerary</h2>
<div>nan</div>","[{""title"": ""Top Things to Do in nan"", ""url"": ""https://example.com/top-things-nan""}, {""title"": ""nan Food & Nightlife Guide"", ""url"": ""https://example.com/food-nightlife-nan""}]","[{""img_url"": ""https://images.unsplash.com/flagged/photo-1496116591672-082593832acc?crop=entropy&cs=tinysrgb&fit=max&fm=jpg&ixid=M3w3NzE0NTB8MHwxfHNlYXJjaHwxfHxXYXQlMjBQaHVtaW4lMjBuYW4lMjBuYW58ZW58MHx8fHwxNzUxMzE3Njc0fDA&ixlib=rb-4.1.0&q=80&w=1080"", ""caption"": ""Wat Phumin: Intricate Lanna-style temple with famous murals."", ""link_url"": ""https://www.google.com/search?q=Wat+Phumin+nan+nan"", ""link_label"": ""Learn More""}, {""img_url"": ""https://images.unsplash.com/photo-1733814512161-3451cc7307e6?crop=entropy&cs=tinysrgb&fit=max&fm=jpg&ixid=M3w3NzE0NTB8MHwxfHNlYXJjaHwxfHxOYW4lMjBSaXZlcnNpZGUlMjBBcnQlMjBHYWxsZXJ5JTIwbmFuJTIwbmFufGVufDB8fHx8MTc1MTMxNzY3NXww&ixlib=rb-4.1.0&q=80&w=1080"", ""caption"": ""Nan Riverside Art Gallery: Contemporary art gallery showcasing local artists."", ""link_url"": ""https://www.google.com/search?q=Nan+Riverside+Art+Gallery+nan+nan"", ""link_label"": ""Learn More""}, {""img_url"": ""https://images.unsplash.com/photo-1677098764389-b09f19857454?crop=entropy&cs=tinysrgb&fit=max&fm=jpg&ixid=M3w3NzE0NTB8MHwxfHNlYXJjaHwxfHxCbyUyME5hbSUyMFJvbiUyMG5hbiUyMG5hbnxlbnwwfHx8fDE3NTEzMTc3MjZ8MA&ixlib=rb-4.1.0&q=80&w=1080"", ""caption"": ""Bo Nam Ron: Scenic waterfall and natural swimming spot."", ""link_url"": ""https://www.google.com/search?q=Bo+Nam+Ron+nan+nan"", ""link_label"": ""Learn More""}, {""img_url"": ""https://images.unsplash.com/photo-1725335739089-21b454c097a6?crop=entropy&cs=tinysrgb&fit=max&fm=jpg&ixid=M3w3NzE0NTB8MHwxfHNlYXJjaHwxfHxOYW4lMjBOYXRpb25hbCUyME11c2V1bSUyMG5hbiUyMG5hbnxlbnwwfHx8fDE3NTEzMTc3MjZ8MA&ixlib=rb-4.1.0&q=80&w=1080"", ""caption"": ""Nan National Museum: Exhibits on local history, culture, and artifacts."", ""link_url"": ""https://www.google.com/search?q=Nan+National+Museum+nan+nan"", ""link_label"": ""Learn More""}]"
38.0833,23.7333,Acharnés,Greece,"Nan, nestled in northern Thailand, where lush mountains meet serene rivers, is a charming city brimming with cultural riches. The city, although small in size, boasts a grand history reflected in its ancient temples and traditional wooden houses, making it a captivating destination for history buffs and nature enthusiasts alike.

In Nan, time seems to pass at a slower, more graceful pace. Locals exude warmth and hospitality, embracing visitors with open arms. Exploring the city is a breeze, with most attractions within walking or cycling distance. Don't be surprised if you find yourself engaged in a friendly chat with a local over a cup of aromatic Thai tea, as Nan's residents are known for their genuine friendliness.

Immerse yourself in the city's vibrant tapestry of life by strolling through the morning markets, where the colors and aromas of fresh produce dance in harmony. To truly experience Nan, embark on a bike ride along the Nan River, where the gentle breeze carries whispers of history and tranquility. For a taste of the city's soul, savor traditional Khao Soi noodles at a local eatery, letting the rich flavors transport you to the heart of Thai culinary artistry.

For the best experience, plan your visit to Nan during the cool season from November to February when the weather is mild, perfect for exploring the city and its surroundings. Embrace the local customs by dressing modestly when visiting temples and participating in traditional ceremonies. By understanding and respecting Nan's cultural nuances, you'll forge deeper connections with the city and its people, creating memories that will last a lifetime.","Transportation in Nan:

Getting around Nan is relatively easy as the city is compact and walkable. The local transit system consists mainly of songthaews, which are shared pickup trucks that serve as the primary mode of public transportation. Expect a charming and laid-back vibe when using these colorful vehicles, but note that they may not run on strict schedules, so some flexibility is required.

Getting In:

Travelers typically arrive in Nan either by flying into Nan Nakhon Airport, located about 6 miles from the city center, or by taking a bus or train. Airport taxis are available for a convenient ride downtown, while buses and trains offer budget-friendly options but may take longer. For those looking for a balance of cost and speed, shared minibusses are a popular choice.

Public Transit:

Nan's public transit mainly consists of songthaews, offering a cheap and convenient way to navigate the city and its surroundings. While they may not run late into the night, they are reliable during the day. Fares are usually minimal and paid directly to the driver. Consider downloading local transport apps for real-time information and route planning.

Walking & Biking:

Exploring Nan on foot is a delightful experience, with many attractions within walking distance in the city center. The city is relatively safe for pedestrians, but cyclists should be cautious as bike lanes are limited. If you fancy cycling, look out for bike rental shops or the city's bike-share system for a fun and eco-friendly way to get around.

Taxis & Ride-shares:

Taxis in Nan are generally metered, but it's advisable to confirm the fare with the driver before starting your journey. English may not be widely spoken, so having your destination written down can be helpful. Ride-share services like Grab are available in the city and can be a more convenient option than hailing a cab, especially for those with limited local language skills.

Driving & Parking:

Renting a car in Nan can be practical if you plan to explore the region beyond the city limits. Traffic within the city is relatively manageable compared to larger urban areas, but road signage may be limited in rural areas. Parking is usually available at hotels or public lots, but be prepared to pay a small fee. Consider hiring a car for day trips to remote temples or natural attractions.",,,"Nan is a vibrant city known for its diverse culinary scene that beautifully blends tradition with innovation. From bustling street food stalls to elegant fine dining establishments, you'll find a delicious array of options to satisfy your palate.

<div style='text-align:center; font-size:1.5em; font-weight:bold; margin-bottom:10px;'>Tapas Bars</div>
- **Flavors of Nan**: A cozy and inviting spot offering a delightful mix of traditional and modern tapas dishes. Don't miss their signature dish, the crispy duck confit croquettes paired perfectly with a refreshing local craft beer. Prices are reasonable, making it a favorite among locals and visitors alike.

- **Sakura Bistro**: This izakaya-style eatery exudes a laid-back atmosphere perfect for casual dining. Indulge in their mouthwatering sushi rolls, freshly prepared with the finest local seafood. Sip on sake while you enjoy the bustling ambiance and the warm hospitality of the staff.

<div style='text-align:center; font-size:1.5em; font-weight:bold; margin-bottom:10px;'>Restaurants</div>
- **Bamboo Grove**: Step into a world of flavor at Bamboo Grove, where the fragrant lemongrass-infused pho takes center stage. The restaurant's elegant decor and attentive service elevate the dining experience, offering a perfect blend of comfort and sophistication at a mid-range price point.

- **Lotus Garden**: Known for its aromatic curries and tender meat skewers, Lotus Garden is a culinary gem in Nan. The restaurant's charming garden setting provides a tranquil escape from the city buzz, allowing you to savor every bite amidst a serene ambiance. Prices are slightly higher but well worth it for the quality and authenticity of the dishes.",,,,85.0,"<h2 class=""popup-section-title main-title"">Accommodations</h2>
<h2 class=""popup-section-title"">Hotels</h2>
<div>nan</div>
<h2 class=""popup-section-title"">Hostels</h2>
<div>nan</div>","<h2 class=""popup-section-title main-title"">Transportation</h2>
<h2 class=""popup-section-title"">Getting Around</h2>
<div>Transportation in Nan:

Getting around Nan is relatively easy as the city is compact and walkable. The local transit system consists mainly of songthaews, which are shared pickup trucks that serve as the primary mode of public transportation. Expect a charming and laid-back vibe when using these colorful vehicles, but note that they may not run on strict schedules, so some flexibility is required.

Getting In:

Travelers typically arrive in Nan either by flying into Nan Nakhon Airport, located about 6 miles from the city center, or by taking a bus or train. Airport taxis are available for a convenient ride downtown, while buses and trains offer budget-friendly options but may take longer. For those looking for a balance of cost and speed, shared minibusses are a popular choice.

Public Transit:

Nan's public transit mainly consists of songthaews, offering a cheap and convenient way to navigate the city and its surroundings. While they may not run late into the night, they are reliable during the day. Fares are usually minimal and paid directly to the driver. Consider downloading local transport apps for real-time information and route planning.

Walking & Biking:

Exploring Nan on foot is a delightful experience, with many attractions within walking distance in the city center. The city is relatively safe for pedestrians, but cyclists should be cautious as bike lanes are limited. If you fancy cycling, look out for bike rental shops or the city's bike-share system for a fun and eco-friendly way to get around.

Taxis & Ride-shares:

Taxis in Nan are generally metered, but it's advisable to confirm the fare with the driver before starting your journey. English may not be widely spoken, so having your destination written down can be helpful. Ride-share services like Grab are available in the city and can be a more convenient option than hailing a cab, especially for those with limited local language skills.

Driving & Parking:

Renting a car in Nan can be practical if you plan to explore the region beyond the city limits. Traffic within the city is relatively manageable compared to larger urban areas, but road signage may be limited in rural areas. Parking is usually available at hotels or public lots, but be prepared to pay a small fee. Consider hiring a car for day trips to remote temples or natural attractions.</div>","<h2 class=""popup-section-title main-title"">Restaurants</h2>
<h2 class=""popup-section-title"">Recommended Restaurants</h2>
<div>Nan is a vibrant city known for its diverse culinary scene that beautifully blends tradition with innovation. From bustling street food stalls to elegant fine dining establishments, you'll find a delicious array of options to satisfy your palate.

<div style='text-align:center; font-size:1.5em; font-weight:bold; margin-bottom:10px;'>Tapas Bars</div>
- **Flavors of Nan**: A cozy and inviting spot offering a delightful mix of traditional and modern tapas dishes. Don't miss their signature dish, the crispy duck confit croquettes paired perfectly with a refreshing local craft beer. Prices are reasonable, making it a favorite among locals and visitors alike.

- **Sakura Bistro**: This izakaya-style eatery exudes a laid-back atmosphere perfect for casual dining. Indulge in their mouthwatering sushi rolls, freshly prepared with the finest local seafood. Sip on sake while you enjoy the bustling ambiance and the warm hospitality of the staff.

<div style='text-align:center; font-size:1.5em; font-weight:bold; margin-bottom:10px;'>Restaurants</div>
- **Bamboo Grove**: Step into a world of flavor at Bamboo Grove, where the fragrant lemongrass-infused pho takes center stage. The restaurant's elegant decor and attentive service elevate the dining experience, offering a perfect blend of comfort and sophistication at a mid-range price point.

- **Lotus Garden**: Known for its aromatic curries and tender meat skewers, Lotus Garden is a culinary gem in Nan. The restaurant's charming garden setting provides a tranquil escape from the city buzz, allowing you to savor every bite amidst a serene ambiance. Prices are slightly higher but well worth it for the quality and authenticity of the dishes.</div>","<h2 class=""popup-section-title main-title"">Evenings</h2>
<h2 class=""popup-section-title"">Bars</h2>
<div>nan</div>
<h2 class=""popup-section-title"">Nightlife</h2>
<div>nan</div>
<h2 class=""popup-section-title"">Weekly Itinerary</h2>
<div>nan</div>","[{""title"": ""Top Things to Do in nan"", ""url"": ""https://example.com/top-things-nan""}, {""title"": ""nan Food & Nightlife Guide"", ""url"": ""https://example.com/food-nightlife-nan""}]","[{""img_url"": ""https://images.unsplash.com/flagged/photo-1496116591672-082593832acc?crop=entropy&cs=tinysrgb&fit=max&fm=jpg&ixid=M3w3NzE0NTB8MHwxfHNlYXJjaHwxfHxXYXQlMjBQaHVtaW4lMjBuYW4lMjBuYW58ZW58MHx8fHwxNzUxMzE3Njc0fDA&ixlib=rb-4.1.0&q=80&w=1080"", ""caption"": ""Wat Phumin: Famous ancient temple with unique murals and architecture."", ""link_url"": ""https://www.google.com/search?q=Wat+Phumin+nan+nan"", ""link_label"": ""Learn More""}, {""img_url"": ""https://images.unsplash.com/photo-1723459955425-c9f378a4d3e0?crop=entropy&cs=tinysrgb&fit=max&fm=jpg&ixid=M3w3NzE0NTB8MHwxfHNlYXJjaHwxfHxCbyUyMEtsdWVhJTIwbmFuJTIwbmFufGVufDB8fHx8MTc1MTMxNzY3NXww&ixlib=rb-4.1.0&q=80&w=1080"", ""caption"": ""Bo Kluea: Scenic village known for its salt production and hot springs."", ""link_url"": ""https://www.google.com/search?q=Bo+Kluea+nan+nan"", ""link_label"": ""Learn More""}, {""img_url"": ""https://images.unsplash.com/photo-1733814512161-3451cc7307e6?crop=entropy&cs=tinysrgb&fit=max&fm=jpg&ixid=M3w3NzE0NTB8MHwxfHNlYXJjaHwxfHxOYW4lMjBSaXZlcnNpZGUlMjBBcnQlMjBHYWxsZXJ5JTIwbmFuJTIwbmFufGVufDB8fHx8MTc1MTMxNzY3NXww&ixlib=rb-4.1.0&q=80&w=1080"", ""caption"": ""Nan Riverside Art Gallery: Contemporary art gallery showcasing local and regional artists."", ""link_url"": ""https://www.google.com/search?q=Nan+Riverside+Art+Gallery+nan+nan"", ""link_label"": ""Learn More""}, {""img_url"": ""https://images.unsplash.com/photo-1739612549065-09afbd19563e?crop=entropy&cs=tinysrgb&fit=max&fm=jpg&ixid=M3w3NzE0NTB8MHwxfHNlYXJjaHwxfHxEb2klMjBQaHUlMjBLaGElMjBOYXRpb25hbCUyMFBhcmslMjBuYW4lMjBuYW58ZW58MHx8fHwxNzUxMzE3Njc2fDA&ixlib=rb-4.1.0&q=80&w=1080"", ""caption"": ""Doi Phu Kha National Park: Mountainous park with diverse flora and fauna."", ""link_url"": ""https://www.google.com/search?q=Doi+Phu+Kha+National+Park+nan+nan"", ""link_label"": ""Learn More""}]"
12.4504,4.1999,Birnin Kebbi,Nigeria,"Nan, a charming city situated in northern Thailand, captivates visitors with its rich cultural heritage and serene natural surroundings. Nestled along the banks of the Nan River and surrounded by lush greenery, Nan offers a peaceful retreat from the hustle and bustle of larger Thai cities. Steeped in history, the city is dotted with ancient temples and traditional wooden houses that showcase its traditional Lanna architecture.

Diving deeper into the city's character, you'll find that Nan's laid-back atmosphere and warm hospitality make it a delightful place to immerse yourself in local life. Locals here take pride in their cultural traditions, evident in the vibrant festivals and markets that fill the streets. Travelers can easily explore the city on foot or by renting bicycles, soaking in the sights and sounds of everyday Nan life. Language barriers are minimal, with many residents eager to engage with visitors and share their stories.

To truly experience Nan, start your day at the bustling morning market, where the aroma of freshly brewed coffee and sizzling street food fills the air. Wander through Wat Phumin, a centuries-old temple adorned with intricate murals that depict local life and legends. For a taste of authentic Nan cuisine, head to a local eatery and savor dishes like Khao Soi and Gaeng Hanglay. Plan your visit during the cooler months from November to February to enjoy pleasant weather and witness traditional ceremonies that celebrate Nan's cultural roots.","Transportation

Getting around nan is relatively easy due to its compact size and well-connected public transportation system. Travelers can expect to navigate the city with ease, with options like buses, trams, and walking paths readily available. One notable quirk is that nan is known for its bicycle-friendly streets, making cycling a popular and efficient mode of transportation for both locals and visitors.

Getting In

Travelers usually arrive in nan via the Nan Nakhon Airport, located about 6 miles from the city center. Taxis or pre-arranged shuttles are convenient options for reaching downtown, with a typical cost of around $15–20 USD. For budget-conscious travelers, the airport bus provides a cheaper alternative, although it may take slightly longer to reach the city.

Public Transit

nan boasts a reliable public transit system comprising buses and trams that cover most areas of the city. Operating hours are generally from early morning until late evening, with fares costing around $1–2 USD per ride. It's recommended to purchase tickets in advance at kiosks or convenience stores to avoid delays and ensure a hassle-free commute. Locals often use transport apps like Citymapper for real-time schedules and route planning.

Walking & Biking

nan is a highly walkable city, with many attractions within a short distance of each other. Travelers can explore the city on foot comfortably, taking in the sights and sounds at a leisurely pace. Additionally, nan offers a bike-share system for those who prefer cycling, with easy-to-use stations scattered throughout the city for quick and convenient access.

Taxis & Ride-shares

Taxis in nan are usually metered, and while English may not be widely spoken by drivers, they are generally honest and helpful. Ride-share services like Uber are available in the city and are often a more cost-effective and efficient option than traditional taxis. Travelers can rely on these services for quick and convenient transportation around nan.

Driving & Parking

While renting a car is an option in nan, it may not be necessary for exploring the city itself due to the excellent public transportation and walkability. Driving in nan can be challenging for visitors due to traffic congestion and narrow streets. Parking availability can be limited in the city center, but ample parking facilities are available for day trips to nearby attractions outside nan.",,,"Nan is a vibrant culinary destination, offering a delightful mix of flavors and traditions that reflect the city's rich cultural tapestry. From bustling street food stalls to upscale dining establishments, Nan's food scene is as diverse as it is delicious.

**Tapas Delight**
Tapas Delight is a cozy spot known for its mouthwatering selection of traditional Spanish small plates. With dim lighting and rustic décor, it's perfect for a relaxed evening of sharing flavorful tapas and sipping on sangria. Prices are reasonable, and don't miss trying the patatas bravas and chorizo al vino.

**Sakura Izakaya**
Sakura Izakaya is a popular izakaya serving authentic Japanese dishes in a lively setting. The menu features an array of sushi, sashimi, and grilled skewers, all prepared with fresh ingredients. The sake selection is extensive, and the welcoming atmosphere makes it a must-visit for a taste of Japan in Nan.

**Ristorante Amore**
Ristorante Amore is a charming Italian restaurant known for its homemade pasta and wood-fired pizzas. The aroma of garlic and basil fills the air as diners enjoy classic dishes like spaghetti carbonara and margherita pizza. The cozy ambiance and friendly service ensure a memorable dining experience that transports you to the heart of Italy.

**Spice Garden**
Spice Garden is a local gem offering authentic Thai cuisine in a garden setting. Diners can enjoy fragrant curries, spicy stir-fries, and fresh seafood dishes amidst lush greenery. The prices are budget-friendly, making it a favorite among both locals and visitors looking for a true taste of Thailand.",,,,85.0,"<h2 class=""popup-section-title main-title"">Accommodations</h2>
<h2 class=""popup-section-title"">Hotels</h2>
<div>nan</div>
<h2 class=""popup-section-title"">Hostels</h2>
<div>nan</div>","<h2 class=""popup-section-title main-title"">Transportation</h2>
<h2 class=""popup-section-title"">Getting Around</h2>
<div>Transportation

Getting around nan is relatively easy due to its compact size and well-connected public transportation system. Travelers can expect to navigate the city with ease, with options like buses, trams, and walking paths readily available. One notable quirk is that nan is known for its bicycle-friendly streets, making cycling a popular and efficient mode of transportation for both locals and visitors.

Getting In

Travelers usually arrive in nan via the Nan Nakhon Airport, located about 6 miles from the city center. Taxis or pre-arranged shuttles are convenient options for reaching downtown, with a typical cost of around $15–20 USD. For budget-conscious travelers, the airport bus provides a cheaper alternative, although it may take slightly longer to reach the city.

Public Transit

nan boasts a reliable public transit system comprising buses and trams that cover most areas of the city. Operating hours are generally from early morning until late evening, with fares costing around $1–2 USD per ride. It's recommended to purchase tickets in advance at kiosks or convenience stores to avoid delays and ensure a hassle-free commute. Locals often use transport apps like Citymapper for real-time schedules and route planning.

Walking & Biking

nan is a highly walkable city, with many attractions within a short distance of each other. Travelers can explore the city on foot comfortably, taking in the sights and sounds at a leisurely pace. Additionally, nan offers a bike-share system for those who prefer cycling, with easy-to-use stations scattered throughout the city for quick and convenient access.

Taxis & Ride-shares

Taxis in nan are usually metered, and while English may not be widely spoken by drivers, they are generally honest and helpful. Ride-share services like Uber are available in the city and are often a more cost-effective and efficient option than traditional taxis. Travelers can rely on these services for quick and convenient transportation around nan.

Driving & Parking

While renting a car is an option in nan, it may not be necessary for exploring the city itself due to the excellent public transportation and walkability. Driving in nan can be challenging for visitors due to traffic congestion and narrow streets. Parking availability can be limited in the city center, but ample parking facilities are available for day trips to nearby attractions outside nan.</div>","<h2 class=""popup-section-title main-title"">Restaurants</h2>
<h2 class=""popup-section-title"">Recommended Restaurants</h2>
<div>Nan is a vibrant culinary destination, offering a delightful mix of flavors and traditions that reflect the city's rich cultural tapestry. From bustling street food stalls to upscale dining establishments, Nan's food scene is as diverse as it is delicious.

**Tapas Delight**
Tapas Delight is a cozy spot known for its mouthwatering selection of traditional Spanish small plates. With dim lighting and rustic décor, it's perfect for a relaxed evening of sharing flavorful tapas and sipping on sangria. Prices are reasonable, and don't miss trying the patatas bravas and chorizo al vino.

**Sakura Izakaya**
Sakura Izakaya is a popular izakaya serving authentic Japanese dishes in a lively setting. The menu features an array of sushi, sashimi, and grilled skewers, all prepared with fresh ingredients. The sake selection is extensive, and the welcoming atmosphere makes it a must-visit for a taste of Japan in Nan.

**Ristorante Amore**
Ristorante Amore is a charming Italian restaurant known for its homemade pasta and wood-fired pizzas. The aroma of garlic and basil fills the air as diners enjoy classic dishes like spaghetti carbonara and margherita pizza. The cozy ambiance and friendly service ensure a memorable dining experience that transports you to the heart of Italy.

**Spice Garden**
Spice Garden is a local gem offering authentic Thai cuisine in a garden setting. Diners can enjoy fragrant curries, spicy stir-fries, and fresh seafood dishes amidst lush greenery. The prices are budget-friendly, making it a favorite among both locals and visitors looking for a true taste of Thailand.</div>","<h2 class=""popup-section-title main-title"">Evenings</h2>
<h2 class=""popup-section-title"">Bars</h2>
<div>nan</div>
<h2 class=""popup-section-title"">Nightlife</h2>
<div>nan</div>
<h2 class=""popup-section-title"">Weekly Itinerary</h2>
<div>nan</div>","[{""title"": ""Top Things to Do in nan"", ""url"": ""https://example.com/top-things-nan""}, {""title"": ""nan Food & Nightlife Guide"", ""url"": ""https://example.com/food-nightlife-nan""}]","[{""img_url"": ""https://images.unsplash.com/flagged/photo-1496116591672-082593832acc?crop=entropy&cs=tinysrgb&fit=max&fm=jpg&ixid=M3w3NzE0NTB8MHwxfHNlYXJjaHwxfHxXYXQlMjBQaHVtaW4lMjBuYW4lMjBuYW58ZW58MHx8fHwxNzUxMzE3Njc0fDA&ixlib=rb-4.1.0&q=80&w=1080"", ""caption"": ""Wat Phumin: Intricate mural paintings in historic temple."", ""link_url"": ""https://www.google.com/search?q=Wat+Phumin+nan+nan"", ""link_label"": ""Learn More""}, {""img_url"": ""https://images.unsplash.com/photo-1733814512161-3451cc7307e6?crop=entropy&cs=tinysrgb&fit=max&fm=jpg&ixid=M3w3NzE0NTB8MHwxfHNlYXJjaHwxfHxOYW4lMjBSaXZlcnNpZGUlMjBBcnQlMjBHYWxsZXJ5JTIwbmFuJTIwbmFufGVufDB8fHx8MTc1MTMxNzY3NXww&ixlib=rb-4.1.0&q=80&w=1080"", ""caption"": ""Nan Riverside Art Gallery: Contemporary art exhibitions along the river."", ""link_url"": ""https://www.google.com/search?q=Nan+Riverside+Art+Gallery+nan+nan"", ""link_label"": ""Learn More""}, {""img_url"": ""https://images.unsplash.com/photo-1723459955425-c9f378a4d3e0?crop=entropy&cs=tinysrgb&fit=max&fm=jpg&ixid=M3w3NzE0NTB8MHwxfHNlYXJjaHwxfHxCbyUyMEtsdWVhJTIwbmFuJTIwbmFufGVufDB8fHx8MTc1MTMxNzY3NXww&ixlib=rb-4.1.0&q=80&w=1080"", ""caption"": ""Bo Kluea: Scenic village known for its natural salt wells."", ""link_url"": ""https://www.google.com/search?q=Bo+Kluea+nan+nan"", ""link_label"": ""Learn More""}, {""img_url"": ""https://images.unsplash.com/photo-1739612549065-09afbd19563e?crop=entropy&cs=tinysrgb&fit=max&fm=jpg&ixid=M3w3NzE0NTB8MHwxfHNlYXJjaHwxfHxEb2klMjBQaHUlMjBLaGElMjBOYXRpb25hbCUyMFBhcmslMjBuYW4lMjBuYW58ZW58MHx8fHwxNzUxMzE3Njc2fDA&ixlib=rb-4.1.0&q=80&w=1080"", ""caption"": ""Doi Phu Kha National Park: Lush forest with waterfalls and mountain views."", ""link_url"": ""https://www.google.com/search?q=Doi+Phu+Kha+National+Park+nan+nan"", ""link_label"": ""Learn More""}]"
